/*
 Navicat Premium Data Transfer

 Source Server         : Pando_teste
 Source Server Type    : MySQL
 Source Server Version : 50536
 Source Host           : localhost
 Source Database       : pando

 Target Server Type    : MySQL
 Target Server Version : 50536
 File Encoding         : utf-8

 Date: 04/23/2015 13:31:20 PM
*/

SET NAMES utf8;
SET FOREIGN_KEY_CHECKS = 0;

-- ----------------------------
--  Table structure for `banner`
-- ----------------------------
DROP TABLE IF EXISTS `banner`;
CREATE TABLE `banner` (
  `id` int(11) NOT NULL AUTO_INCREMENT,
  `title` varchar(255) DEFAULT NULL,
  `image` varchar(255) DEFAULT NULL,
  PRIMARY KEY (`id`)
) ENGINE=InnoDB DEFAULT CHARSET=latin1;

-- ----------------------------
--  Table structure for `ci_sessions`
-- ----------------------------
DROP TABLE IF EXISTS `ci_sessions`;
CREATE TABLE `ci_sessions` (
  `session_id` varchar(40) NOT NULL DEFAULT '0',
  `ip_address` varchar(16) NOT NULL DEFAULT '0',
  `user_agent` varchar(50) NOT NULL,
  `last_activity` int(10) unsigned NOT NULL DEFAULT '0',
  `user_data` text NOT NULL,
  PRIMARY KEY (`session_id`)
) ENGINE=InnoDB DEFAULT CHARSET=utf8;

-- ----------------------------
--  Records of `ci_sessions`
-- ----------------------------
BEGIN;
INSERT INTO `ci_sessions` VALUES ('002c25e7f1a87be1aa1e76b9ef4fb584', '127.2.221.1', 'Mozilla/5.0 (Windows NT 6.1; WOW64) AppleWebKit/53', '1429804095', 'a:2:{s:9:\"user_data\";s:0:\"\";s:17:\"flash:new:message\";a:2:{s:7:\"message\";s:26:\"Registro salvo com sucesso\";s:4:\"type\";s:7:\"success\";}}'), ('01d1694057e181ca0395abc8c18c427f', '127.2.221.1', 'Mozilla/5.0 (Windows NT 6.1; WOW64) AppleWebKit/53', '1429804211', 'a:2:{s:9:\"user_data\";s:0:\"\";s:4:\"user\";s:2674:\"O:8:\"stdClass\":8:{s:7:\"user_id\";s:2:\"10\";s:4:\"name\";s:7:\"Luciano\";s:12:\"company_name\";s:8:\"Kadaicha\";s:10:\"profile_id\";s:8:\"97719874\";s:10:\"company_id\";s:2:\"13\";s:11:\"upload_path\";s:41:\"http://www.kadaicha.com.br/assets/upload/\";s:9:\"developer\";s:1:\"0\";s:7:\"modules\";a:5:{i:0;O:8:\"stdClass\":6:{s:11:\"mysql_table\";s:6:\"banner\";s:4:\"name\";s:7:\"Banners\";s:4:\"icon\";s:21:\"fa-print             \";s:10:\"snippet_id\";s:1:\"0\";s:7:\"menu_id\";N;s:6:\"active\";s:1:\"1\";}i:1;O:8:\"stdClass\":6:{s:11:\"mysql_table\";s:5:\"about\";s:4:\"name\";s:5:\"Sobre\";s:4:\"icon\";s:21:\"fa-heart             \";s:10:\"snippet_id\";s:1:\"0\";s:7:\"menu_id\";N;s:6:\"active\";s:1:\"1\";}i:2;O:8:\"stdClass\":6:{s:11:\"mysql_table\";s:8:\"services\";s:4:\"name\";s:9:\"Serviços\";s:4:\"icon\";s:21:\"fa-bolt              \";s:10:\"snippet_id\";s:1:\"0\";s:7:\"menu_id\";N;s:6:\"active\";s:1:\"1\";}i:3;O:8:\"stdClass\":10:{s:11:\"mysql_table\";s:4:\"menu\";s:4:\"name\";s:10:\"Configurar\";s:4:\"icon\";s:21:\"fa-list              \";s:10:\"snippet_id\";s:1:\"0\";s:7:\"menu_id\";s:2:\"22\";s:6:\"active\";s:1:\"1\";s:6:\"method\";s:12:\"listing/menu\";s:10:\"controller\";s:6:\"screen\";s:5:\"label\";s:4:\"Menu\";s:7:\"submenu\";a:3:{i:0;r:31;i:1;O:8:\"stdClass\":9:{s:11:\"mysql_table\";s:12:\"website_data\";s:4:\"name\";s:13:\"Dados do Site\";s:4:\"icon\";s:14:\"fa-bar-chart-o\";s:10:\"snippet_id\";s:1:\"0\";s:7:\"menu_id\";s:2:\"22\";s:6:\"active\";s:1:\"1\";s:6:\"method\";s:20:\"listing/website_data\";s:10:\"controller\";s:6:\"screen\";s:5:\"label\";s:13:\"Dados do Site\";}i:2;O:8:\"stdClass\":9:{s:11:\"mysql_table\";s:12:\"website_text\";s:4:\"name\";s:14:\"Textos do site\";s:4:\"icon\";s:14:\"fa-bar-chart-o\";s:10:\"snippet_id\";s:1:\"0\";s:7:\"menu_id\";s:2:\"22\";s:6:\"active\";s:1:\"1\";s:6:\"method\";s:20:\"listing/website_text\";s:10:\"controller\";s:6:\"screen\";s:5:\"label\";s:14:\"Textos do site\";}}}i:4;O:8:\"stdClass\":10:{s:11:\"mysql_table\";s:19:\"portfolio_categoria\";s:4:\"name\";s:10:\"Portfólio\";s:4:\"icon\";s:21:\"fa-star              \";s:10:\"snippet_id\";s:1:\"0\";s:7:\"menu_id\";s:2:\"23\";s:6:\"active\";s:1:\"1\";s:6:\"method\";s:27:\"listing/portfolio_categoria\";s:10:\"controller\";s:6:\"screen\";s:5:\"label\";s:10:\"Categorias\";s:7:\"submenu\";a:3:{i:0;r:63;i:1;O:8:\"stdClass\":9:{s:11:\"mysql_table\";s:9:\"portfolio\";s:4:\"name\";s:10:\"Portfólio\";s:4:\"icon\";s:14:\"fa-bar-chart-o\";s:10:\"snippet_id\";s:1:\"0\";s:7:\"menu_id\";s:2:\"23\";s:6:\"active\";s:1:\"1\";s:6:\"method\";s:17:\"listing/portfolio\";s:10:\"controller\";s:6:\"screen\";s:5:\"label\";s:10:\"Portfólio\";}i:2;O:8:\"stdClass\":9:{s:11:\"mysql_table\";s:15:\"portfolio_video\";s:4:\"name\";s:6:\"Videos\";s:4:\"icon\";s:21:\"fa-star              \";s:10:\"snippet_id\";s:1:\"0\";s:7:\"menu_id\";s:2:\"23\";s:6:\"active\";s:1:\"1\";s:6:\"method\";s:23:\"listing/portfolio_video\";s:10:\"controller\";s:6:\"screen\";s:5:\"label\";s:6:\"Videos\";}}}}}\";}'), ('03373d069c9c47950862a169fbfc87a4', '127.2.221.1', 'Mozilla/5.0 (Windows NT 6.1; WOW64) AppleWebKit/53', '1429792985', 'a:2:{s:9:\"user_data\";s:0:\"\";s:4:\"user\";s:2674:\"O:8:\"stdClass\":8:{s:7:\"user_id\";s:2:\"10\";s:4:\"name\";s:7:\"Luciano\";s:12:\"company_name\";s:8:\"Kadaicha\";s:10:\"profile_id\";s:8:\"97719874\";s:10:\"company_id\";s:2:\"13\";s:11:\"upload_path\";s:41:\"http://www.kadaicha.com.br/assets/upload/\";s:9:\"developer\";s:1:\"0\";s:7:\"modules\";a:5:{i:0;O:8:\"stdClass\":6:{s:11:\"mysql_table\";s:6:\"banner\";s:4:\"name\";s:7:\"Banners\";s:4:\"icon\";s:21:\"fa-print             \";s:10:\"snippet_id\";s:1:\"0\";s:7:\"menu_id\";N;s:6:\"active\";s:1:\"1\";}i:1;O:8:\"stdClass\":6:{s:11:\"mysql_table\";s:5:\"about\";s:4:\"name\";s:5:\"Sobre\";s:4:\"icon\";s:21:\"fa-heart             \";s:10:\"snippet_id\";s:1:\"0\";s:7:\"menu_id\";N;s:6:\"active\";s:1:\"1\";}i:2;O:8:\"stdClass\":6:{s:11:\"mysql_table\";s:8:\"services\";s:4:\"name\";s:9:\"Serviços\";s:4:\"icon\";s:21:\"fa-bolt              \";s:10:\"snippet_id\";s:1:\"0\";s:7:\"menu_id\";N;s:6:\"active\";s:1:\"1\";}i:3;O:8:\"stdClass\":10:{s:11:\"mysql_table\";s:4:\"menu\";s:4:\"name\";s:10:\"Configurar\";s:4:\"icon\";s:21:\"fa-list              \";s:10:\"snippet_id\";s:1:\"0\";s:7:\"menu_id\";s:2:\"22\";s:6:\"active\";s:1:\"1\";s:6:\"method\";s:12:\"listing/menu\";s:10:\"controller\";s:6:\"screen\";s:5:\"label\";s:4:\"Menu\";s:7:\"submenu\";a:3:{i:0;r:31;i:1;O:8:\"stdClass\":9:{s:11:\"mysql_table\";s:12:\"website_data\";s:4:\"name\";s:13:\"Dados do Site\";s:4:\"icon\";s:14:\"fa-bar-chart-o\";s:10:\"snippet_id\";s:1:\"0\";s:7:\"menu_id\";s:2:\"22\";s:6:\"active\";s:1:\"1\";s:6:\"method\";s:20:\"listing/website_data\";s:10:\"controller\";s:6:\"screen\";s:5:\"label\";s:13:\"Dados do Site\";}i:2;O:8:\"stdClass\":9:{s:11:\"mysql_table\";s:12:\"website_text\";s:4:\"name\";s:14:\"Textos do site\";s:4:\"icon\";s:14:\"fa-bar-chart-o\";s:10:\"snippet_id\";s:1:\"0\";s:7:\"menu_id\";s:2:\"22\";s:6:\"active\";s:1:\"1\";s:6:\"method\";s:20:\"listing/website_text\";s:10:\"controller\";s:6:\"screen\";s:5:\"label\";s:14:\"Textos do site\";}}}i:4;O:8:\"stdClass\":10:{s:11:\"mysql_table\";s:19:\"portfolio_categoria\";s:4:\"name\";s:10:\"Portfólio\";s:4:\"icon\";s:21:\"fa-star              \";s:10:\"snippet_id\";s:1:\"0\";s:7:\"menu_id\";s:2:\"23\";s:6:\"active\";s:1:\"1\";s:6:\"method\";s:27:\"listing/portfolio_categoria\";s:10:\"controller\";s:6:\"screen\";s:5:\"label\";s:10:\"Categorias\";s:7:\"submenu\";a:3:{i:0;r:63;i:1;O:8:\"stdClass\":9:{s:11:\"mysql_table\";s:9:\"portfolio\";s:4:\"name\";s:10:\"Portfólio\";s:4:\"icon\";s:14:\"fa-bar-chart-o\";s:10:\"snippet_id\";s:1:\"0\";s:7:\"menu_id\";s:2:\"23\";s:6:\"active\";s:1:\"1\";s:6:\"method\";s:17:\"listing/portfolio\";s:10:\"controller\";s:6:\"screen\";s:5:\"label\";s:10:\"Portfólio\";}i:2;O:8:\"stdClass\":9:{s:11:\"mysql_table\";s:15:\"portfolio_video\";s:4:\"name\";s:6:\"Videos\";s:4:\"icon\";s:21:\"fa-star              \";s:10:\"snippet_id\";s:1:\"0\";s:7:\"menu_id\";s:2:\"23\";s:6:\"active\";s:1:\"1\";s:6:\"method\";s:23:\"listing/portfolio_video\";s:10:\"controller\";s:6:\"screen\";s:5:\"label\";s:6:\"Videos\";}}}}}\";}'), ('03c3f46982a1611c96d5c5c08850e14b', '127.2.221.1', 'Mozilla/5.0 (Windows NT 6.1; WOW64) AppleWebKit/53', '1429793021', 'a:2:{s:9:\"user_data\";s:0:\"\";s:4:\"user\";s:2674:\"O:8:\"stdClass\":8:{s:7:\"user_id\";s:2:\"10\";s:4:\"name\";s:7:\"Luciano\";s:12:\"company_name\";s:8:\"Kadaicha\";s:10:\"profile_id\";s:8:\"97719874\";s:10:\"company_id\";s:2:\"13\";s:11:\"upload_path\";s:41:\"http://www.kadaicha.com.br/assets/upload/\";s:9:\"developer\";s:1:\"0\";s:7:\"modules\";a:5:{i:0;O:8:\"stdClass\":6:{s:11:\"mysql_table\";s:6:\"banner\";s:4:\"name\";s:7:\"Banners\";s:4:\"icon\";s:21:\"fa-print             \";s:10:\"snippet_id\";s:1:\"0\";s:7:\"menu_id\";N;s:6:\"active\";s:1:\"1\";}i:1;O:8:\"stdClass\":6:{s:11:\"mysql_table\";s:5:\"about\";s:4:\"name\";s:5:\"Sobre\";s:4:\"icon\";s:21:\"fa-heart             \";s:10:\"snippet_id\";s:1:\"0\";s:7:\"menu_id\";N;s:6:\"active\";s:1:\"1\";}i:2;O:8:\"stdClass\":6:{s:11:\"mysql_table\";s:8:\"services\";s:4:\"name\";s:9:\"Serviços\";s:4:\"icon\";s:21:\"fa-bolt              \";s:10:\"snippet_id\";s:1:\"0\";s:7:\"menu_id\";N;s:6:\"active\";s:1:\"1\";}i:3;O:8:\"stdClass\":10:{s:11:\"mysql_table\";s:4:\"menu\";s:4:\"name\";s:10:\"Configurar\";s:4:\"icon\";s:21:\"fa-list              \";s:10:\"snippet_id\";s:1:\"0\";s:7:\"menu_id\";s:2:\"22\";s:6:\"active\";s:1:\"1\";s:6:\"method\";s:12:\"listing/menu\";s:10:\"controller\";s:6:\"screen\";s:5:\"label\";s:4:\"Menu\";s:7:\"submenu\";a:3:{i:0;r:31;i:1;O:8:\"stdClass\":9:{s:11:\"mysql_table\";s:12:\"website_data\";s:4:\"name\";s:13:\"Dados do Site\";s:4:\"icon\";s:14:\"fa-bar-chart-o\";s:10:\"snippet_id\";s:1:\"0\";s:7:\"menu_id\";s:2:\"22\";s:6:\"active\";s:1:\"1\";s:6:\"method\";s:20:\"listing/website_data\";s:10:\"controller\";s:6:\"screen\";s:5:\"label\";s:13:\"Dados do Site\";}i:2;O:8:\"stdClass\":9:{s:11:\"mysql_table\";s:12:\"website_text\";s:4:\"name\";s:14:\"Textos do site\";s:4:\"icon\";s:14:\"fa-bar-chart-o\";s:10:\"snippet_id\";s:1:\"0\";s:7:\"menu_id\";s:2:\"22\";s:6:\"active\";s:1:\"1\";s:6:\"method\";s:20:\"listing/website_text\";s:10:\"controller\";s:6:\"screen\";s:5:\"label\";s:14:\"Textos do site\";}}}i:4;O:8:\"stdClass\":10:{s:11:\"mysql_table\";s:19:\"portfolio_categoria\";s:4:\"name\";s:10:\"Portfólio\";s:4:\"icon\";s:21:\"fa-star              \";s:10:\"snippet_id\";s:1:\"0\";s:7:\"menu_id\";s:2:\"23\";s:6:\"active\";s:1:\"1\";s:6:\"method\";s:27:\"listing/portfolio_categoria\";s:10:\"controller\";s:6:\"screen\";s:5:\"label\";s:10:\"Categorias\";s:7:\"submenu\";a:3:{i:0;r:63;i:1;O:8:\"stdClass\":9:{s:11:\"mysql_table\";s:9:\"portfolio\";s:4:\"name\";s:10:\"Portfólio\";s:4:\"icon\";s:14:\"fa-bar-chart-o\";s:10:\"snippet_id\";s:1:\"0\";s:7:\"menu_id\";s:2:\"23\";s:6:\"active\";s:1:\"1\";s:6:\"method\";s:17:\"listing/portfolio\";s:10:\"controller\";s:6:\"screen\";s:5:\"label\";s:10:\"Portfólio\";}i:2;O:8:\"stdClass\":9:{s:11:\"mysql_table\";s:15:\"portfolio_video\";s:4:\"name\";s:6:\"Videos\";s:4:\"icon\";s:21:\"fa-star              \";s:10:\"snippet_id\";s:1:\"0\";s:7:\"menu_id\";s:2:\"23\";s:6:\"active\";s:1:\"1\";s:6:\"method\";s:23:\"listing/portfolio_video\";s:10:\"controller\";s:6:\"screen\";s:5:\"label\";s:6:\"Videos\";}}}}}\";}'), ('04c245adcae3934042284a3145b53842', '127.2.221.1', 'Mozilla/5.0 (Windows NT 6.1; WOW64) AppleWebKit/53', '1429793020', 'a:2:{s:9:\"user_data\";s:0:\"\";s:4:\"user\";s:2674:\"O:8:\"stdClass\":8:{s:7:\"user_id\";s:2:\"10\";s:4:\"name\";s:7:\"Luciano\";s:12:\"company_name\";s:8:\"Kadaicha\";s:10:\"profile_id\";s:8:\"97719874\";s:10:\"company_id\";s:2:\"13\";s:11:\"upload_path\";s:41:\"http://www.kadaicha.com.br/assets/upload/\";s:9:\"developer\";s:1:\"0\";s:7:\"modules\";a:5:{i:0;O:8:\"stdClass\":6:{s:11:\"mysql_table\";s:6:\"banner\";s:4:\"name\";s:7:\"Banners\";s:4:\"icon\";s:21:\"fa-print             \";s:10:\"snippet_id\";s:1:\"0\";s:7:\"menu_id\";N;s:6:\"active\";s:1:\"1\";}i:1;O:8:\"stdClass\":6:{s:11:\"mysql_table\";s:5:\"about\";s:4:\"name\";s:5:\"Sobre\";s:4:\"icon\";s:21:\"fa-heart             \";s:10:\"snippet_id\";s:1:\"0\";s:7:\"menu_id\";N;s:6:\"active\";s:1:\"1\";}i:2;O:8:\"stdClass\":6:{s:11:\"mysql_table\";s:8:\"services\";s:4:\"name\";s:9:\"Serviços\";s:4:\"icon\";s:21:\"fa-bolt              \";s:10:\"snippet_id\";s:1:\"0\";s:7:\"menu_id\";N;s:6:\"active\";s:1:\"1\";}i:3;O:8:\"stdClass\":10:{s:11:\"mysql_table\";s:4:\"menu\";s:4:\"name\";s:10:\"Configurar\";s:4:\"icon\";s:21:\"fa-list              \";s:10:\"snippet_id\";s:1:\"0\";s:7:\"menu_id\";s:2:\"22\";s:6:\"active\";s:1:\"1\";s:6:\"method\";s:12:\"listing/menu\";s:10:\"controller\";s:6:\"screen\";s:5:\"label\";s:4:\"Menu\";s:7:\"submenu\";a:3:{i:0;r:31;i:1;O:8:\"stdClass\":9:{s:11:\"mysql_table\";s:12:\"website_data\";s:4:\"name\";s:13:\"Dados do Site\";s:4:\"icon\";s:14:\"fa-bar-chart-o\";s:10:\"snippet_id\";s:1:\"0\";s:7:\"menu_id\";s:2:\"22\";s:6:\"active\";s:1:\"1\";s:6:\"method\";s:20:\"listing/website_data\";s:10:\"controller\";s:6:\"screen\";s:5:\"label\";s:13:\"Dados do Site\";}i:2;O:8:\"stdClass\":9:{s:11:\"mysql_table\";s:12:\"website_text\";s:4:\"name\";s:14:\"Textos do site\";s:4:\"icon\";s:14:\"fa-bar-chart-o\";s:10:\"snippet_id\";s:1:\"0\";s:7:\"menu_id\";s:2:\"22\";s:6:\"active\";s:1:\"1\";s:6:\"method\";s:20:\"listing/website_text\";s:10:\"controller\";s:6:\"screen\";s:5:\"label\";s:14:\"Textos do site\";}}}i:4;O:8:\"stdClass\":10:{s:11:\"mysql_table\";s:19:\"portfolio_categoria\";s:4:\"name\";s:10:\"Portfólio\";s:4:\"icon\";s:21:\"fa-star              \";s:10:\"snippet_id\";s:1:\"0\";s:7:\"menu_id\";s:2:\"23\";s:6:\"active\";s:1:\"1\";s:6:\"method\";s:27:\"listing/portfolio_categoria\";s:10:\"controller\";s:6:\"screen\";s:5:\"label\";s:10:\"Categorias\";s:7:\"submenu\";a:3:{i:0;r:63;i:1;O:8:\"stdClass\":9:{s:11:\"mysql_table\";s:9:\"portfolio\";s:4:\"name\";s:10:\"Portfólio\";s:4:\"icon\";s:14:\"fa-bar-chart-o\";s:10:\"snippet_id\";s:1:\"0\";s:7:\"menu_id\";s:2:\"23\";s:6:\"active\";s:1:\"1\";s:6:\"method\";s:17:\"listing/portfolio\";s:10:\"controller\";s:6:\"screen\";s:5:\"label\";s:10:\"Portfólio\";}i:2;O:8:\"stdClass\":9:{s:11:\"mysql_table\";s:15:\"portfolio_video\";s:4:\"name\";s:6:\"Videos\";s:4:\"icon\";s:21:\"fa-star              \";s:10:\"snippet_id\";s:1:\"0\";s:7:\"menu_id\";s:2:\"23\";s:6:\"active\";s:1:\"1\";s:6:\"method\";s:23:\"listing/portfolio_video\";s:10:\"controller\";s:6:\"screen\";s:5:\"label\";s:6:\"Videos\";}}}}}\";}'), ('05c6b9be3ac52b5071ec1a06126761e3', '127.2.221.1', 'Mozilla/5.0 (Windows NT 6.1; WOW64) AppleWebKit/53', '1429792985', 'a:2:{s:9:\"user_data\";s:0:\"\";s:17:\"flash:new:message\";a:2:{s:7:\"message\";s:19:\"Editado com sucesso\";s:4:\"type\";s:7:\"success\";}}'), ('06b6e8df9de15bbf797268b1650d7447', '127.2.221.1', 'Mozilla/5.0 (Windows NT 6.1; WOW64) AppleWebKit/53', '1429793018', 'a:2:{s:9:\"user_data\";s:0:\"\";s:4:\"user\";s:2674:\"O:8:\"stdClass\":8:{s:7:\"user_id\";s:2:\"10\";s:4:\"name\";s:7:\"Luciano\";s:12:\"company_name\";s:8:\"Kadaicha\";s:10:\"profile_id\";s:8:\"97719874\";s:10:\"company_id\";s:2:\"13\";s:11:\"upload_path\";s:41:\"http://www.kadaicha.com.br/assets/upload/\";s:9:\"developer\";s:1:\"0\";s:7:\"modules\";a:5:{i:0;O:8:\"stdClass\":6:{s:11:\"mysql_table\";s:6:\"banner\";s:4:\"name\";s:7:\"Banners\";s:4:\"icon\";s:21:\"fa-print             \";s:10:\"snippet_id\";s:1:\"0\";s:7:\"menu_id\";N;s:6:\"active\";s:1:\"1\";}i:1;O:8:\"stdClass\":6:{s:11:\"mysql_table\";s:5:\"about\";s:4:\"name\";s:5:\"Sobre\";s:4:\"icon\";s:21:\"fa-heart             \";s:10:\"snippet_id\";s:1:\"0\";s:7:\"menu_id\";N;s:6:\"active\";s:1:\"1\";}i:2;O:8:\"stdClass\":6:{s:11:\"mysql_table\";s:8:\"services\";s:4:\"name\";s:9:\"Serviços\";s:4:\"icon\";s:21:\"fa-bolt              \";s:10:\"snippet_id\";s:1:\"0\";s:7:\"menu_id\";N;s:6:\"active\";s:1:\"1\";}i:3;O:8:\"stdClass\":10:{s:11:\"mysql_table\";s:4:\"menu\";s:4:\"name\";s:10:\"Configurar\";s:4:\"icon\";s:21:\"fa-list              \";s:10:\"snippet_id\";s:1:\"0\";s:7:\"menu_id\";s:2:\"22\";s:6:\"active\";s:1:\"1\";s:6:\"method\";s:12:\"listing/menu\";s:10:\"controller\";s:6:\"screen\";s:5:\"label\";s:4:\"Menu\";s:7:\"submenu\";a:3:{i:0;r:31;i:1;O:8:\"stdClass\":9:{s:11:\"mysql_table\";s:12:\"website_data\";s:4:\"name\";s:13:\"Dados do Site\";s:4:\"icon\";s:14:\"fa-bar-chart-o\";s:10:\"snippet_id\";s:1:\"0\";s:7:\"menu_id\";s:2:\"22\";s:6:\"active\";s:1:\"1\";s:6:\"method\";s:20:\"listing/website_data\";s:10:\"controller\";s:6:\"screen\";s:5:\"label\";s:13:\"Dados do Site\";}i:2;O:8:\"stdClass\":9:{s:11:\"mysql_table\";s:12:\"website_text\";s:4:\"name\";s:14:\"Textos do site\";s:4:\"icon\";s:14:\"fa-bar-chart-o\";s:10:\"snippet_id\";s:1:\"0\";s:7:\"menu_id\";s:2:\"22\";s:6:\"active\";s:1:\"1\";s:6:\"method\";s:20:\"listing/website_text\";s:10:\"controller\";s:6:\"screen\";s:5:\"label\";s:14:\"Textos do site\";}}}i:4;O:8:\"stdClass\":10:{s:11:\"mysql_table\";s:19:\"portfolio_categoria\";s:4:\"name\";s:10:\"Portfólio\";s:4:\"icon\";s:21:\"fa-star              \";s:10:\"snippet_id\";s:1:\"0\";s:7:\"menu_id\";s:2:\"23\";s:6:\"active\";s:1:\"1\";s:6:\"method\";s:27:\"listing/portfolio_categoria\";s:10:\"controller\";s:6:\"screen\";s:5:\"label\";s:10:\"Categorias\";s:7:\"submenu\";a:3:{i:0;r:63;i:1;O:8:\"stdClass\":9:{s:11:\"mysql_table\";s:9:\"portfolio\";s:4:\"name\";s:10:\"Portfólio\";s:4:\"icon\";s:14:\"fa-bar-chart-o\";s:10:\"snippet_id\";s:1:\"0\";s:7:\"menu_id\";s:2:\"23\";s:6:\"active\";s:1:\"1\";s:6:\"method\";s:17:\"listing/portfolio\";s:10:\"controller\";s:6:\"screen\";s:5:\"label\";s:10:\"Portfólio\";}i:2;O:8:\"stdClass\":9:{s:11:\"mysql_table\";s:15:\"portfolio_video\";s:4:\"name\";s:6:\"Videos\";s:4:\"icon\";s:21:\"fa-star              \";s:10:\"snippet_id\";s:1:\"0\";s:7:\"menu_id\";s:2:\"23\";s:6:\"active\";s:1:\"1\";s:6:\"method\";s:23:\"listing/portfolio_video\";s:10:\"controller\";s:6:\"screen\";s:5:\"label\";s:6:\"Videos\";}}}}}\";}'), ('0956c87968ccd560108af40c6d03221b', '127.2.221.1', 'Mozilla/5.0 (Windows NT 6.1; WOW64) AppleWebKit/53', '1429792722', 'a:2:{s:9:\"user_data\";s:0:\"\";s:17:\"flash:new:message\";a:2:{s:7:\"message\";s:19:\"Editado com sucesso\";s:4:\"type\";s:7:\"success\";}}'), ('0b85ae201d9d70f14863478fc72cc3ac', '127.2.221.1', 'Mozilla/5.0 (Windows NT 6.1; WOW64) AppleWebKit/53', '1429793368', 'a:2:{s:9:\"user_data\";s:0:\"\";s:4:\"user\";s:2674:\"O:8:\"stdClass\":8:{s:7:\"user_id\";s:2:\"10\";s:4:\"name\";s:7:\"Luciano\";s:12:\"company_name\";s:8:\"Kadaicha\";s:10:\"profile_id\";s:8:\"97719874\";s:10:\"company_id\";s:2:\"13\";s:11:\"upload_path\";s:41:\"http://www.kadaicha.com.br/assets/upload/\";s:9:\"developer\";s:1:\"0\";s:7:\"modules\";a:5:{i:0;O:8:\"stdClass\":6:{s:11:\"mysql_table\";s:6:\"banner\";s:4:\"name\";s:7:\"Banners\";s:4:\"icon\";s:21:\"fa-print             \";s:10:\"snippet_id\";s:1:\"0\";s:7:\"menu_id\";N;s:6:\"active\";s:1:\"1\";}i:1;O:8:\"stdClass\":6:{s:11:\"mysql_table\";s:5:\"about\";s:4:\"name\";s:5:\"Sobre\";s:4:\"icon\";s:21:\"fa-heart             \";s:10:\"snippet_id\";s:1:\"0\";s:7:\"menu_id\";N;s:6:\"active\";s:1:\"1\";}i:2;O:8:\"stdClass\":6:{s:11:\"mysql_table\";s:8:\"services\";s:4:\"name\";s:9:\"Serviços\";s:4:\"icon\";s:21:\"fa-bolt              \";s:10:\"snippet_id\";s:1:\"0\";s:7:\"menu_id\";N;s:6:\"active\";s:1:\"1\";}i:3;O:8:\"stdClass\":10:{s:11:\"mysql_table\";s:4:\"menu\";s:4:\"name\";s:10:\"Configurar\";s:4:\"icon\";s:21:\"fa-list              \";s:10:\"snippet_id\";s:1:\"0\";s:7:\"menu_id\";s:2:\"22\";s:6:\"active\";s:1:\"1\";s:6:\"method\";s:12:\"listing/menu\";s:10:\"controller\";s:6:\"screen\";s:5:\"label\";s:4:\"Menu\";s:7:\"submenu\";a:3:{i:0;r:31;i:1;O:8:\"stdClass\":9:{s:11:\"mysql_table\";s:12:\"website_data\";s:4:\"name\";s:13:\"Dados do Site\";s:4:\"icon\";s:14:\"fa-bar-chart-o\";s:10:\"snippet_id\";s:1:\"0\";s:7:\"menu_id\";s:2:\"22\";s:6:\"active\";s:1:\"1\";s:6:\"method\";s:20:\"listing/website_data\";s:10:\"controller\";s:6:\"screen\";s:5:\"label\";s:13:\"Dados do Site\";}i:2;O:8:\"stdClass\":9:{s:11:\"mysql_table\";s:12:\"website_text\";s:4:\"name\";s:14:\"Textos do site\";s:4:\"icon\";s:14:\"fa-bar-chart-o\";s:10:\"snippet_id\";s:1:\"0\";s:7:\"menu_id\";s:2:\"22\";s:6:\"active\";s:1:\"1\";s:6:\"method\";s:20:\"listing/website_text\";s:10:\"controller\";s:6:\"screen\";s:5:\"label\";s:14:\"Textos do site\";}}}i:4;O:8:\"stdClass\":10:{s:11:\"mysql_table\";s:19:\"portfolio_categoria\";s:4:\"name\";s:10:\"Portfólio\";s:4:\"icon\";s:21:\"fa-star              \";s:10:\"snippet_id\";s:1:\"0\";s:7:\"menu_id\";s:2:\"23\";s:6:\"active\";s:1:\"1\";s:6:\"method\";s:27:\"listing/portfolio_categoria\";s:10:\"controller\";s:6:\"screen\";s:5:\"label\";s:10:\"Categorias\";s:7:\"submenu\";a:3:{i:0;r:63;i:1;O:8:\"stdClass\":9:{s:11:\"mysql_table\";s:9:\"portfolio\";s:4:\"name\";s:10:\"Portfólio\";s:4:\"icon\";s:14:\"fa-bar-chart-o\";s:10:\"snippet_id\";s:1:\"0\";s:7:\"menu_id\";s:2:\"23\";s:6:\"active\";s:1:\"1\";s:6:\"method\";s:17:\"listing/portfolio\";s:10:\"controller\";s:6:\"screen\";s:5:\"label\";s:10:\"Portfólio\";}i:2;O:8:\"stdClass\":9:{s:11:\"mysql_table\";s:15:\"portfolio_video\";s:4:\"name\";s:6:\"Videos\";s:4:\"icon\";s:21:\"fa-star              \";s:10:\"snippet_id\";s:1:\"0\";s:7:\"menu_id\";s:2:\"23\";s:6:\"active\";s:1:\"1\";s:6:\"method\";s:23:\"listing/portfolio_video\";s:10:\"controller\";s:6:\"screen\";s:5:\"label\";s:6:\"Videos\";}}}}}\";}'), ('0e20f67f4fece681f9302c1f2f61a8f0', '127.2.221.1', 'Mozilla/5.0 (Windows NT 6.1; WOW64) AppleWebKit/53', '1429792962', 'a:2:{s:9:\"user_data\";s:0:\"\";s:17:\"flash:new:message\";a:2:{s:7:\"message\";s:19:\"Editado com sucesso\";s:4:\"type\";s:7:\"success\";}}'), ('0f447a07fd2ad05f869fb7dbd6910199', '127.2.221.1', 'Mozilla/5.0 (Windows NT 6.1; WOW64) AppleWebKit/53', '1429792802', 'a:2:{s:9:\"user_data\";s:0:\"\";s:4:\"user\";s:2674:\"O:8:\"stdClass\":8:{s:7:\"user_id\";s:2:\"10\";s:4:\"name\";s:7:\"Luciano\";s:12:\"company_name\";s:8:\"Kadaicha\";s:10:\"profile_id\";s:8:\"97719874\";s:10:\"company_id\";s:2:\"13\";s:11:\"upload_path\";s:41:\"http://www.kadaicha.com.br/assets/upload/\";s:9:\"developer\";s:1:\"0\";s:7:\"modules\";a:5:{i:0;O:8:\"stdClass\":6:{s:11:\"mysql_table\";s:6:\"banner\";s:4:\"name\";s:7:\"Banners\";s:4:\"icon\";s:21:\"fa-print             \";s:10:\"snippet_id\";s:1:\"0\";s:7:\"menu_id\";N;s:6:\"active\";s:1:\"1\";}i:1;O:8:\"stdClass\":6:{s:11:\"mysql_table\";s:5:\"about\";s:4:\"name\";s:5:\"Sobre\";s:4:\"icon\";s:21:\"fa-heart             \";s:10:\"snippet_id\";s:1:\"0\";s:7:\"menu_id\";N;s:6:\"active\";s:1:\"1\";}i:2;O:8:\"stdClass\":6:{s:11:\"mysql_table\";s:8:\"services\";s:4:\"name\";s:9:\"Serviços\";s:4:\"icon\";s:21:\"fa-bolt              \";s:10:\"snippet_id\";s:1:\"0\";s:7:\"menu_id\";N;s:6:\"active\";s:1:\"1\";}i:3;O:8:\"stdClass\":10:{s:11:\"mysql_table\";s:4:\"menu\";s:4:\"name\";s:10:\"Configurar\";s:4:\"icon\";s:21:\"fa-list              \";s:10:\"snippet_id\";s:1:\"0\";s:7:\"menu_id\";s:2:\"22\";s:6:\"active\";s:1:\"1\";s:6:\"method\";s:12:\"listing/menu\";s:10:\"controller\";s:6:\"screen\";s:5:\"label\";s:4:\"Menu\";s:7:\"submenu\";a:3:{i:0;r:31;i:1;O:8:\"stdClass\":9:{s:11:\"mysql_table\";s:12:\"website_data\";s:4:\"name\";s:13:\"Dados do Site\";s:4:\"icon\";s:14:\"fa-bar-chart-o\";s:10:\"snippet_id\";s:1:\"0\";s:7:\"menu_id\";s:2:\"22\";s:6:\"active\";s:1:\"1\";s:6:\"method\";s:20:\"listing/website_data\";s:10:\"controller\";s:6:\"screen\";s:5:\"label\";s:13:\"Dados do Site\";}i:2;O:8:\"stdClass\":9:{s:11:\"mysql_table\";s:12:\"website_text\";s:4:\"name\";s:14:\"Textos do site\";s:4:\"icon\";s:14:\"fa-bar-chart-o\";s:10:\"snippet_id\";s:1:\"0\";s:7:\"menu_id\";s:2:\"22\";s:6:\"active\";s:1:\"1\";s:6:\"method\";s:20:\"listing/website_text\";s:10:\"controller\";s:6:\"screen\";s:5:\"label\";s:14:\"Textos do site\";}}}i:4;O:8:\"stdClass\":10:{s:11:\"mysql_table\";s:19:\"portfolio_categoria\";s:4:\"name\";s:10:\"Portfólio\";s:4:\"icon\";s:21:\"fa-star              \";s:10:\"snippet_id\";s:1:\"0\";s:7:\"menu_id\";s:2:\"23\";s:6:\"active\";s:1:\"1\";s:6:\"method\";s:27:\"listing/portfolio_categoria\";s:10:\"controller\";s:6:\"screen\";s:5:\"label\";s:10:\"Categorias\";s:7:\"submenu\";a:3:{i:0;r:63;i:1;O:8:\"stdClass\":9:{s:11:\"mysql_table\";s:9:\"portfolio\";s:4:\"name\";s:10:\"Portfólio\";s:4:\"icon\";s:14:\"fa-bar-chart-o\";s:10:\"snippet_id\";s:1:\"0\";s:7:\"menu_id\";s:2:\"23\";s:6:\"active\";s:1:\"1\";s:6:\"method\";s:17:\"listing/portfolio\";s:10:\"controller\";s:6:\"screen\";s:5:\"label\";s:10:\"Portfólio\";}i:2;O:8:\"stdClass\":9:{s:11:\"mysql_table\";s:15:\"portfolio_video\";s:4:\"name\";s:6:\"Videos\";s:4:\"icon\";s:21:\"fa-star              \";s:10:\"snippet_id\";s:1:\"0\";s:7:\"menu_id\";s:2:\"23\";s:6:\"active\";s:1:\"1\";s:6:\"method\";s:23:\"listing/portfolio_video\";s:10:\"controller\";s:6:\"screen\";s:5:\"label\";s:6:\"Videos\";}}}}}\";}'), ('0fc002a6320cb41fc838de483169dc6f', '127.2.221.1', 'Mozilla/5.0 (Windows NT 6.1; WOW64) AppleWebKit/53', '1429792684', 'a:2:{s:9:\"user_data\";s:0:\"\";s:4:\"user\";s:2674:\"O:8:\"stdClass\":8:{s:7:\"user_id\";s:2:\"10\";s:4:\"name\";s:7:\"Luciano\";s:12:\"company_name\";s:8:\"Kadaicha\";s:10:\"profile_id\";s:8:\"97719874\";s:10:\"company_id\";s:2:\"13\";s:11:\"upload_path\";s:41:\"http://www.kadaicha.com.br/assets/upload/\";s:9:\"developer\";s:1:\"0\";s:7:\"modules\";a:5:{i:0;O:8:\"stdClass\":6:{s:11:\"mysql_table\";s:6:\"banner\";s:4:\"name\";s:7:\"Banners\";s:4:\"icon\";s:21:\"fa-print             \";s:10:\"snippet_id\";s:1:\"0\";s:7:\"menu_id\";N;s:6:\"active\";s:1:\"1\";}i:1;O:8:\"stdClass\":6:{s:11:\"mysql_table\";s:5:\"about\";s:4:\"name\";s:5:\"Sobre\";s:4:\"icon\";s:21:\"fa-heart             \";s:10:\"snippet_id\";s:1:\"0\";s:7:\"menu_id\";N;s:6:\"active\";s:1:\"1\";}i:2;O:8:\"stdClass\":6:{s:11:\"mysql_table\";s:8:\"services\";s:4:\"name\";s:9:\"Serviços\";s:4:\"icon\";s:21:\"fa-bolt              \";s:10:\"snippet_id\";s:1:\"0\";s:7:\"menu_id\";N;s:6:\"active\";s:1:\"1\";}i:3;O:8:\"stdClass\":10:{s:11:\"mysql_table\";s:4:\"menu\";s:4:\"name\";s:10:\"Configurar\";s:4:\"icon\";s:21:\"fa-list              \";s:10:\"snippet_id\";s:1:\"0\";s:7:\"menu_id\";s:2:\"22\";s:6:\"active\";s:1:\"1\";s:6:\"method\";s:12:\"listing/menu\";s:10:\"controller\";s:6:\"screen\";s:5:\"label\";s:4:\"Menu\";s:7:\"submenu\";a:3:{i:0;r:31;i:1;O:8:\"stdClass\":9:{s:11:\"mysql_table\";s:12:\"website_data\";s:4:\"name\";s:13:\"Dados do Site\";s:4:\"icon\";s:14:\"fa-bar-chart-o\";s:10:\"snippet_id\";s:1:\"0\";s:7:\"menu_id\";s:2:\"22\";s:6:\"active\";s:1:\"1\";s:6:\"method\";s:20:\"listing/website_data\";s:10:\"controller\";s:6:\"screen\";s:5:\"label\";s:13:\"Dados do Site\";}i:2;O:8:\"stdClass\":9:{s:11:\"mysql_table\";s:12:\"website_text\";s:4:\"name\";s:14:\"Textos do site\";s:4:\"icon\";s:14:\"fa-bar-chart-o\";s:10:\"snippet_id\";s:1:\"0\";s:7:\"menu_id\";s:2:\"22\";s:6:\"active\";s:1:\"1\";s:6:\"method\";s:20:\"listing/website_text\";s:10:\"controller\";s:6:\"screen\";s:5:\"label\";s:14:\"Textos do site\";}}}i:4;O:8:\"stdClass\":10:{s:11:\"mysql_table\";s:19:\"portfolio_categoria\";s:4:\"name\";s:10:\"Portfólio\";s:4:\"icon\";s:21:\"fa-star              \";s:10:\"snippet_id\";s:1:\"0\";s:7:\"menu_id\";s:2:\"23\";s:6:\"active\";s:1:\"1\";s:6:\"method\";s:27:\"listing/portfolio_categoria\";s:10:\"controller\";s:6:\"screen\";s:5:\"label\";s:10:\"Categorias\";s:7:\"submenu\";a:3:{i:0;r:63;i:1;O:8:\"stdClass\":9:{s:11:\"mysql_table\";s:9:\"portfolio\";s:4:\"name\";s:10:\"Portfólio\";s:4:\"icon\";s:14:\"fa-bar-chart-o\";s:10:\"snippet_id\";s:1:\"0\";s:7:\"menu_id\";s:2:\"23\";s:6:\"active\";s:1:\"1\";s:6:\"method\";s:17:\"listing/portfolio\";s:10:\"controller\";s:6:\"screen\";s:5:\"label\";s:10:\"Portfólio\";}i:2;O:8:\"stdClass\":9:{s:11:\"mysql_table\";s:15:\"portfolio_video\";s:4:\"name\";s:6:\"Videos\";s:4:\"icon\";s:21:\"fa-star              \";s:10:\"snippet_id\";s:1:\"0\";s:7:\"menu_id\";s:2:\"23\";s:6:\"active\";s:1:\"1\";s:6:\"method\";s:23:\"listing/portfolio_video\";s:10:\"controller\";s:6:\"screen\";s:5:\"label\";s:6:\"Videos\";}}}}}\";}'), ('0fc8796d5b907669bd0ea80c253bba05', '127.2.221.1', 'Mozilla/5.0 (Windows NT 6.1; WOW64) AppleWebKit/53', '1429793319', 'a:2:{s:9:\"user_data\";s:0:\"\";s:17:\"flash:new:message\";a:2:{s:7:\"message\";s:19:\"Editado com sucesso\";s:4:\"type\";s:7:\"success\";}}'), ('0ff472890660fdba3d44a72f2fc97e64', '127.2.221.1', 'Mozilla/5.0 (Windows NT 6.1; WOW64) AppleWebKit/53', '1429793034', ''), ('101169bd15a8e04faa0ad060ac3fd3f0', '127.2.221.1', 'Mozilla/5.0 (Windows NT 6.1; WOW64) AppleWebKit/53', '1429804052', 'a:2:{s:9:\"user_data\";s:0:\"\";s:4:\"user\";s:2674:\"O:8:\"stdClass\":8:{s:7:\"user_id\";s:2:\"10\";s:4:\"name\";s:7:\"Luciano\";s:12:\"company_name\";s:8:\"Kadaicha\";s:10:\"profile_id\";s:8:\"97719874\";s:10:\"company_id\";s:2:\"13\";s:11:\"upload_path\";s:41:\"http://www.kadaicha.com.br/assets/upload/\";s:9:\"developer\";s:1:\"0\";s:7:\"modules\";a:5:{i:0;O:8:\"stdClass\":6:{s:11:\"mysql_table\";s:6:\"banner\";s:4:\"name\";s:7:\"Banners\";s:4:\"icon\";s:21:\"fa-print             \";s:10:\"snippet_id\";s:1:\"0\";s:7:\"menu_id\";N;s:6:\"active\";s:1:\"1\";}i:1;O:8:\"stdClass\":6:{s:11:\"mysql_table\";s:5:\"about\";s:4:\"name\";s:5:\"Sobre\";s:4:\"icon\";s:21:\"fa-heart             \";s:10:\"snippet_id\";s:1:\"0\";s:7:\"menu_id\";N;s:6:\"active\";s:1:\"1\";}i:2;O:8:\"stdClass\":6:{s:11:\"mysql_table\";s:8:\"services\";s:4:\"name\";s:9:\"Serviços\";s:4:\"icon\";s:21:\"fa-bolt              \";s:10:\"snippet_id\";s:1:\"0\";s:7:\"menu_id\";N;s:6:\"active\";s:1:\"1\";}i:3;O:8:\"stdClass\":10:{s:11:\"mysql_table\";s:4:\"menu\";s:4:\"name\";s:10:\"Configurar\";s:4:\"icon\";s:21:\"fa-list              \";s:10:\"snippet_id\";s:1:\"0\";s:7:\"menu_id\";s:2:\"22\";s:6:\"active\";s:1:\"1\";s:6:\"method\";s:12:\"listing/menu\";s:10:\"controller\";s:6:\"screen\";s:5:\"label\";s:4:\"Menu\";s:7:\"submenu\";a:3:{i:0;r:31;i:1;O:8:\"stdClass\":9:{s:11:\"mysql_table\";s:12:\"website_data\";s:4:\"name\";s:13:\"Dados do Site\";s:4:\"icon\";s:14:\"fa-bar-chart-o\";s:10:\"snippet_id\";s:1:\"0\";s:7:\"menu_id\";s:2:\"22\";s:6:\"active\";s:1:\"1\";s:6:\"method\";s:20:\"listing/website_data\";s:10:\"controller\";s:6:\"screen\";s:5:\"label\";s:13:\"Dados do Site\";}i:2;O:8:\"stdClass\":9:{s:11:\"mysql_table\";s:12:\"website_text\";s:4:\"name\";s:14:\"Textos do site\";s:4:\"icon\";s:14:\"fa-bar-chart-o\";s:10:\"snippet_id\";s:1:\"0\";s:7:\"menu_id\";s:2:\"22\";s:6:\"active\";s:1:\"1\";s:6:\"method\";s:20:\"listing/website_text\";s:10:\"controller\";s:6:\"screen\";s:5:\"label\";s:14:\"Textos do site\";}}}i:4;O:8:\"stdClass\":10:{s:11:\"mysql_table\";s:19:\"portfolio_categoria\";s:4:\"name\";s:10:\"Portfólio\";s:4:\"icon\";s:21:\"fa-star              \";s:10:\"snippet_id\";s:1:\"0\";s:7:\"menu_id\";s:2:\"23\";s:6:\"active\";s:1:\"1\";s:6:\"method\";s:27:\"listing/portfolio_categoria\";s:10:\"controller\";s:6:\"screen\";s:5:\"label\";s:10:\"Categorias\";s:7:\"submenu\";a:3:{i:0;r:63;i:1;O:8:\"stdClass\":9:{s:11:\"mysql_table\";s:9:\"portfolio\";s:4:\"name\";s:10:\"Portfólio\";s:4:\"icon\";s:14:\"fa-bar-chart-o\";s:10:\"snippet_id\";s:1:\"0\";s:7:\"menu_id\";s:2:\"23\";s:6:\"active\";s:1:\"1\";s:6:\"method\";s:17:\"listing/portfolio\";s:10:\"controller\";s:6:\"screen\";s:5:\"label\";s:10:\"Portfólio\";}i:2;O:8:\"stdClass\":9:{s:11:\"mysql_table\";s:15:\"portfolio_video\";s:4:\"name\";s:6:\"Videos\";s:4:\"icon\";s:21:\"fa-star              \";s:10:\"snippet_id\";s:1:\"0\";s:7:\"menu_id\";s:2:\"23\";s:6:\"active\";s:1:\"1\";s:6:\"method\";s:23:\"listing/portfolio_video\";s:10:\"controller\";s:6:\"screen\";s:5:\"label\";s:6:\"Videos\";}}}}}\";}'), ('1243dc3593e599a851ed0eff304fef7a', '127.2.221.1', 'Mozilla/5.0 (Windows NT 6.1; WOW64) AppleWebKit/53', '1429794241', 'a:2:{s:9:\"user_data\";s:0:\"\";s:4:\"user\";s:2674:\"O:8:\"stdClass\":8:{s:7:\"user_id\";s:2:\"10\";s:4:\"name\";s:7:\"Luciano\";s:12:\"company_name\";s:8:\"Kadaicha\";s:10:\"profile_id\";s:8:\"97719874\";s:10:\"company_id\";s:2:\"13\";s:11:\"upload_path\";s:41:\"http://www.kadaicha.com.br/assets/upload/\";s:9:\"developer\";s:1:\"0\";s:7:\"modules\";a:5:{i:0;O:8:\"stdClass\":6:{s:11:\"mysql_table\";s:6:\"banner\";s:4:\"name\";s:7:\"Banners\";s:4:\"icon\";s:21:\"fa-print             \";s:10:\"snippet_id\";s:1:\"0\";s:7:\"menu_id\";N;s:6:\"active\";s:1:\"1\";}i:1;O:8:\"stdClass\":6:{s:11:\"mysql_table\";s:5:\"about\";s:4:\"name\";s:5:\"Sobre\";s:4:\"icon\";s:21:\"fa-heart             \";s:10:\"snippet_id\";s:1:\"0\";s:7:\"menu_id\";N;s:6:\"active\";s:1:\"1\";}i:2;O:8:\"stdClass\":6:{s:11:\"mysql_table\";s:8:\"services\";s:4:\"name\";s:9:\"Serviços\";s:4:\"icon\";s:21:\"fa-bolt              \";s:10:\"snippet_id\";s:1:\"0\";s:7:\"menu_id\";N;s:6:\"active\";s:1:\"1\";}i:3;O:8:\"stdClass\":10:{s:11:\"mysql_table\";s:4:\"menu\";s:4:\"name\";s:10:\"Configurar\";s:4:\"icon\";s:21:\"fa-list              \";s:10:\"snippet_id\";s:1:\"0\";s:7:\"menu_id\";s:2:\"22\";s:6:\"active\";s:1:\"1\";s:6:\"method\";s:12:\"listing/menu\";s:10:\"controller\";s:6:\"screen\";s:5:\"label\";s:4:\"Menu\";s:7:\"submenu\";a:3:{i:0;r:31;i:1;O:8:\"stdClass\":9:{s:11:\"mysql_table\";s:12:\"website_data\";s:4:\"name\";s:13:\"Dados do Site\";s:4:\"icon\";s:14:\"fa-bar-chart-o\";s:10:\"snippet_id\";s:1:\"0\";s:7:\"menu_id\";s:2:\"22\";s:6:\"active\";s:1:\"1\";s:6:\"method\";s:20:\"listing/website_data\";s:10:\"controller\";s:6:\"screen\";s:5:\"label\";s:13:\"Dados do Site\";}i:2;O:8:\"stdClass\":9:{s:11:\"mysql_table\";s:12:\"website_text\";s:4:\"name\";s:14:\"Textos do site\";s:4:\"icon\";s:14:\"fa-bar-chart-o\";s:10:\"snippet_id\";s:1:\"0\";s:7:\"menu_id\";s:2:\"22\";s:6:\"active\";s:1:\"1\";s:6:\"method\";s:20:\"listing/website_text\";s:10:\"controller\";s:6:\"screen\";s:5:\"label\";s:14:\"Textos do site\";}}}i:4;O:8:\"stdClass\":10:{s:11:\"mysql_table\";s:19:\"portfolio_categoria\";s:4:\"name\";s:10:\"Portfólio\";s:4:\"icon\";s:21:\"fa-star              \";s:10:\"snippet_id\";s:1:\"0\";s:7:\"menu_id\";s:2:\"23\";s:6:\"active\";s:1:\"1\";s:6:\"method\";s:27:\"listing/portfolio_categoria\";s:10:\"controller\";s:6:\"screen\";s:5:\"label\";s:10:\"Categorias\";s:7:\"submenu\";a:3:{i:0;r:63;i:1;O:8:\"stdClass\":9:{s:11:\"mysql_table\";s:9:\"portfolio\";s:4:\"name\";s:10:\"Portfólio\";s:4:\"icon\";s:14:\"fa-bar-chart-o\";s:10:\"snippet_id\";s:1:\"0\";s:7:\"menu_id\";s:2:\"23\";s:6:\"active\";s:1:\"1\";s:6:\"method\";s:17:\"listing/portfolio\";s:10:\"controller\";s:6:\"screen\";s:5:\"label\";s:10:\"Portfólio\";}i:2;O:8:\"stdClass\":9:{s:11:\"mysql_table\";s:15:\"portfolio_video\";s:4:\"name\";s:6:\"Videos\";s:4:\"icon\";s:21:\"fa-star              \";s:10:\"snippet_id\";s:1:\"0\";s:7:\"menu_id\";s:2:\"23\";s:6:\"active\";s:1:\"1\";s:6:\"method\";s:23:\"listing/portfolio_video\";s:10:\"controller\";s:6:\"screen\";s:5:\"label\";s:6:\"Videos\";}}}}}\";}'), ('135d063972b26eaab9e309882b784316', '127.2.221.1', 'Mozilla/5.0 (Windows NT 6.1; WOW64) AppleWebKit/53', '1429792749', 'a:2:{s:9:\"user_data\";s:0:\"\";s:4:\"user\";s:2674:\"O:8:\"stdClass\":8:{s:7:\"user_id\";s:2:\"10\";s:4:\"name\";s:7:\"Luciano\";s:12:\"company_name\";s:8:\"Kadaicha\";s:10:\"profile_id\";s:8:\"97719874\";s:10:\"company_id\";s:2:\"13\";s:11:\"upload_path\";s:41:\"http://www.kadaicha.com.br/assets/upload/\";s:9:\"developer\";s:1:\"0\";s:7:\"modules\";a:5:{i:0;O:8:\"stdClass\":6:{s:11:\"mysql_table\";s:6:\"banner\";s:4:\"name\";s:7:\"Banners\";s:4:\"icon\";s:21:\"fa-print             \";s:10:\"snippet_id\";s:1:\"0\";s:7:\"menu_id\";N;s:6:\"active\";s:1:\"1\";}i:1;O:8:\"stdClass\":6:{s:11:\"mysql_table\";s:5:\"about\";s:4:\"name\";s:5:\"Sobre\";s:4:\"icon\";s:21:\"fa-heart             \";s:10:\"snippet_id\";s:1:\"0\";s:7:\"menu_id\";N;s:6:\"active\";s:1:\"1\";}i:2;O:8:\"stdClass\":6:{s:11:\"mysql_table\";s:8:\"services\";s:4:\"name\";s:9:\"Serviços\";s:4:\"icon\";s:21:\"fa-bolt              \";s:10:\"snippet_id\";s:1:\"0\";s:7:\"menu_id\";N;s:6:\"active\";s:1:\"1\";}i:3;O:8:\"stdClass\":10:{s:11:\"mysql_table\";s:4:\"menu\";s:4:\"name\";s:10:\"Configurar\";s:4:\"icon\";s:21:\"fa-list              \";s:10:\"snippet_id\";s:1:\"0\";s:7:\"menu_id\";s:2:\"22\";s:6:\"active\";s:1:\"1\";s:6:\"method\";s:12:\"listing/menu\";s:10:\"controller\";s:6:\"screen\";s:5:\"label\";s:4:\"Menu\";s:7:\"submenu\";a:3:{i:0;r:31;i:1;O:8:\"stdClass\":9:{s:11:\"mysql_table\";s:12:\"website_data\";s:4:\"name\";s:13:\"Dados do Site\";s:4:\"icon\";s:14:\"fa-bar-chart-o\";s:10:\"snippet_id\";s:1:\"0\";s:7:\"menu_id\";s:2:\"22\";s:6:\"active\";s:1:\"1\";s:6:\"method\";s:20:\"listing/website_data\";s:10:\"controller\";s:6:\"screen\";s:5:\"label\";s:13:\"Dados do Site\";}i:2;O:8:\"stdClass\":9:{s:11:\"mysql_table\";s:12:\"website_text\";s:4:\"name\";s:14:\"Textos do site\";s:4:\"icon\";s:14:\"fa-bar-chart-o\";s:10:\"snippet_id\";s:1:\"0\";s:7:\"menu_id\";s:2:\"22\";s:6:\"active\";s:1:\"1\";s:6:\"method\";s:20:\"listing/website_text\";s:10:\"controller\";s:6:\"screen\";s:5:\"label\";s:14:\"Textos do site\";}}}i:4;O:8:\"stdClass\":10:{s:11:\"mysql_table\";s:19:\"portfolio_categoria\";s:4:\"name\";s:10:\"Portfólio\";s:4:\"icon\";s:21:\"fa-star              \";s:10:\"snippet_id\";s:1:\"0\";s:7:\"menu_id\";s:2:\"23\";s:6:\"active\";s:1:\"1\";s:6:\"method\";s:27:\"listing/portfolio_categoria\";s:10:\"controller\";s:6:\"screen\";s:5:\"label\";s:10:\"Categorias\";s:7:\"submenu\";a:3:{i:0;r:63;i:1;O:8:\"stdClass\":9:{s:11:\"mysql_table\";s:9:\"portfolio\";s:4:\"name\";s:10:\"Portfólio\";s:4:\"icon\";s:14:\"fa-bar-chart-o\";s:10:\"snippet_id\";s:1:\"0\";s:7:\"menu_id\";s:2:\"23\";s:6:\"active\";s:1:\"1\";s:6:\"method\";s:17:\"listing/portfolio\";s:10:\"controller\";s:6:\"screen\";s:5:\"label\";s:10:\"Portfólio\";}i:2;O:8:\"stdClass\":9:{s:11:\"mysql_table\";s:15:\"portfolio_video\";s:4:\"name\";s:6:\"Videos\";s:4:\"icon\";s:21:\"fa-star              \";s:10:\"snippet_id\";s:1:\"0\";s:7:\"menu_id\";s:2:\"23\";s:6:\"active\";s:1:\"1\";s:6:\"method\";s:23:\"listing/portfolio_video\";s:10:\"controller\";s:6:\"screen\";s:5:\"label\";s:6:\"Videos\";}}}}}\";}'), ('13d35c09d61eeccb9194bef74e0b2a7c', '127.2.221.1', 'Mozilla/5.0 (Windows NT 6.1; WOW64) AppleWebKit/53', '1429794181', 'a:2:{s:9:\"user_data\";s:0:\"\";s:4:\"user\";s:2674:\"O:8:\"stdClass\":8:{s:7:\"user_id\";s:2:\"10\";s:4:\"name\";s:7:\"Luciano\";s:12:\"company_name\";s:8:\"Kadaicha\";s:10:\"profile_id\";s:8:\"97719874\";s:10:\"company_id\";s:2:\"13\";s:11:\"upload_path\";s:41:\"http://www.kadaicha.com.br/assets/upload/\";s:9:\"developer\";s:1:\"0\";s:7:\"modules\";a:5:{i:0;O:8:\"stdClass\":6:{s:11:\"mysql_table\";s:6:\"banner\";s:4:\"name\";s:7:\"Banners\";s:4:\"icon\";s:21:\"fa-print             \";s:10:\"snippet_id\";s:1:\"0\";s:7:\"menu_id\";N;s:6:\"active\";s:1:\"1\";}i:1;O:8:\"stdClass\":6:{s:11:\"mysql_table\";s:5:\"about\";s:4:\"name\";s:5:\"Sobre\";s:4:\"icon\";s:21:\"fa-heart             \";s:10:\"snippet_id\";s:1:\"0\";s:7:\"menu_id\";N;s:6:\"active\";s:1:\"1\";}i:2;O:8:\"stdClass\":6:{s:11:\"mysql_table\";s:8:\"services\";s:4:\"name\";s:9:\"Serviços\";s:4:\"icon\";s:21:\"fa-bolt              \";s:10:\"snippet_id\";s:1:\"0\";s:7:\"menu_id\";N;s:6:\"active\";s:1:\"1\";}i:3;O:8:\"stdClass\":10:{s:11:\"mysql_table\";s:4:\"menu\";s:4:\"name\";s:10:\"Configurar\";s:4:\"icon\";s:21:\"fa-list              \";s:10:\"snippet_id\";s:1:\"0\";s:7:\"menu_id\";s:2:\"22\";s:6:\"active\";s:1:\"1\";s:6:\"method\";s:12:\"listing/menu\";s:10:\"controller\";s:6:\"screen\";s:5:\"label\";s:4:\"Menu\";s:7:\"submenu\";a:3:{i:0;r:31;i:1;O:8:\"stdClass\":9:{s:11:\"mysql_table\";s:12:\"website_data\";s:4:\"name\";s:13:\"Dados do Site\";s:4:\"icon\";s:14:\"fa-bar-chart-o\";s:10:\"snippet_id\";s:1:\"0\";s:7:\"menu_id\";s:2:\"22\";s:6:\"active\";s:1:\"1\";s:6:\"method\";s:20:\"listing/website_data\";s:10:\"controller\";s:6:\"screen\";s:5:\"label\";s:13:\"Dados do Site\";}i:2;O:8:\"stdClass\":9:{s:11:\"mysql_table\";s:12:\"website_text\";s:4:\"name\";s:14:\"Textos do site\";s:4:\"icon\";s:14:\"fa-bar-chart-o\";s:10:\"snippet_id\";s:1:\"0\";s:7:\"menu_id\";s:2:\"22\";s:6:\"active\";s:1:\"1\";s:6:\"method\";s:20:\"listing/website_text\";s:10:\"controller\";s:6:\"screen\";s:5:\"label\";s:14:\"Textos do site\";}}}i:4;O:8:\"stdClass\":10:{s:11:\"mysql_table\";s:19:\"portfolio_categoria\";s:4:\"name\";s:10:\"Portfólio\";s:4:\"icon\";s:21:\"fa-star              \";s:10:\"snippet_id\";s:1:\"0\";s:7:\"menu_id\";s:2:\"23\";s:6:\"active\";s:1:\"1\";s:6:\"method\";s:27:\"listing/portfolio_categoria\";s:10:\"controller\";s:6:\"screen\";s:5:\"label\";s:10:\"Categorias\";s:7:\"submenu\";a:3:{i:0;r:63;i:1;O:8:\"stdClass\":9:{s:11:\"mysql_table\";s:9:\"portfolio\";s:4:\"name\";s:10:\"Portfólio\";s:4:\"icon\";s:14:\"fa-bar-chart-o\";s:10:\"snippet_id\";s:1:\"0\";s:7:\"menu_id\";s:2:\"23\";s:6:\"active\";s:1:\"1\";s:6:\"method\";s:17:\"listing/portfolio\";s:10:\"controller\";s:6:\"screen\";s:5:\"label\";s:10:\"Portfólio\";}i:2;O:8:\"stdClass\":9:{s:11:\"mysql_table\";s:15:\"portfolio_video\";s:4:\"name\";s:6:\"Videos\";s:4:\"icon\";s:21:\"fa-star              \";s:10:\"snippet_id\";s:1:\"0\";s:7:\"menu_id\";s:2:\"23\";s:6:\"active\";s:1:\"1\";s:6:\"method\";s:23:\"listing/portfolio_video\";s:10:\"controller\";s:6:\"screen\";s:5:\"label\";s:6:\"Videos\";}}}}}\";}'), ('1414532457799fda8cf94c0f3a7cb019', '127.2.221.1', 'Mozilla/5.0 (Windows NT 6.1; WOW64) AppleWebKit/53', '1429794282', 'a:2:{s:9:\"user_data\";s:0:\"\";s:4:\"user\";s:2674:\"O:8:\"stdClass\":8:{s:7:\"user_id\";s:2:\"10\";s:4:\"name\";s:7:\"Luciano\";s:12:\"company_name\";s:8:\"Kadaicha\";s:10:\"profile_id\";s:8:\"97719874\";s:10:\"company_id\";s:2:\"13\";s:11:\"upload_path\";s:41:\"http://www.kadaicha.com.br/assets/upload/\";s:9:\"developer\";s:1:\"0\";s:7:\"modules\";a:5:{i:0;O:8:\"stdClass\":6:{s:11:\"mysql_table\";s:6:\"banner\";s:4:\"name\";s:7:\"Banners\";s:4:\"icon\";s:21:\"fa-print             \";s:10:\"snippet_id\";s:1:\"0\";s:7:\"menu_id\";N;s:6:\"active\";s:1:\"1\";}i:1;O:8:\"stdClass\":6:{s:11:\"mysql_table\";s:5:\"about\";s:4:\"name\";s:5:\"Sobre\";s:4:\"icon\";s:21:\"fa-heart             \";s:10:\"snippet_id\";s:1:\"0\";s:7:\"menu_id\";N;s:6:\"active\";s:1:\"1\";}i:2;O:8:\"stdClass\":6:{s:11:\"mysql_table\";s:8:\"services\";s:4:\"name\";s:9:\"Serviços\";s:4:\"icon\";s:21:\"fa-bolt              \";s:10:\"snippet_id\";s:1:\"0\";s:7:\"menu_id\";N;s:6:\"active\";s:1:\"1\";}i:3;O:8:\"stdClass\":10:{s:11:\"mysql_table\";s:4:\"menu\";s:4:\"name\";s:10:\"Configurar\";s:4:\"icon\";s:21:\"fa-list              \";s:10:\"snippet_id\";s:1:\"0\";s:7:\"menu_id\";s:2:\"22\";s:6:\"active\";s:1:\"1\";s:6:\"method\";s:12:\"listing/menu\";s:10:\"controller\";s:6:\"screen\";s:5:\"label\";s:4:\"Menu\";s:7:\"submenu\";a:3:{i:0;r:31;i:1;O:8:\"stdClass\":9:{s:11:\"mysql_table\";s:12:\"website_data\";s:4:\"name\";s:13:\"Dados do Site\";s:4:\"icon\";s:14:\"fa-bar-chart-o\";s:10:\"snippet_id\";s:1:\"0\";s:7:\"menu_id\";s:2:\"22\";s:6:\"active\";s:1:\"1\";s:6:\"method\";s:20:\"listing/website_data\";s:10:\"controller\";s:6:\"screen\";s:5:\"label\";s:13:\"Dados do Site\";}i:2;O:8:\"stdClass\":9:{s:11:\"mysql_table\";s:12:\"website_text\";s:4:\"name\";s:14:\"Textos do site\";s:4:\"icon\";s:14:\"fa-bar-chart-o\";s:10:\"snippet_id\";s:1:\"0\";s:7:\"menu_id\";s:2:\"22\";s:6:\"active\";s:1:\"1\";s:6:\"method\";s:20:\"listing/website_text\";s:10:\"controller\";s:6:\"screen\";s:5:\"label\";s:14:\"Textos do site\";}}}i:4;O:8:\"stdClass\":10:{s:11:\"mysql_table\";s:19:\"portfolio_categoria\";s:4:\"name\";s:10:\"Portfólio\";s:4:\"icon\";s:21:\"fa-star              \";s:10:\"snippet_id\";s:1:\"0\";s:7:\"menu_id\";s:2:\"23\";s:6:\"active\";s:1:\"1\";s:6:\"method\";s:27:\"listing/portfolio_categoria\";s:10:\"controller\";s:6:\"screen\";s:5:\"label\";s:10:\"Categorias\";s:7:\"submenu\";a:3:{i:0;r:63;i:1;O:8:\"stdClass\":9:{s:11:\"mysql_table\";s:9:\"portfolio\";s:4:\"name\";s:10:\"Portfólio\";s:4:\"icon\";s:14:\"fa-bar-chart-o\";s:10:\"snippet_id\";s:1:\"0\";s:7:\"menu_id\";s:2:\"23\";s:6:\"active\";s:1:\"1\";s:6:\"method\";s:17:\"listing/portfolio\";s:10:\"controller\";s:6:\"screen\";s:5:\"label\";s:10:\"Portfólio\";}i:2;O:8:\"stdClass\":9:{s:11:\"mysql_table\";s:15:\"portfolio_video\";s:4:\"name\";s:6:\"Videos\";s:4:\"icon\";s:21:\"fa-star              \";s:10:\"snippet_id\";s:1:\"0\";s:7:\"menu_id\";s:2:\"23\";s:6:\"active\";s:1:\"1\";s:6:\"method\";s:23:\"listing/portfolio_video\";s:10:\"controller\";s:6:\"screen\";s:5:\"label\";s:6:\"Videos\";}}}}}\";}'), ('1783dfb2e3b991bc5edb67f38cdd1df7', '127.2.221.1', 'Mozilla/5.0 (Windows NT 6.1; WOW64) AppleWebKit/53', '1429793309', 'a:2:{s:9:\"user_data\";s:0:\"\";s:4:\"user\";s:2674:\"O:8:\"stdClass\":8:{s:7:\"user_id\";s:2:\"10\";s:4:\"name\";s:7:\"Luciano\";s:12:\"company_name\";s:8:\"Kadaicha\";s:10:\"profile_id\";s:8:\"97719874\";s:10:\"company_id\";s:2:\"13\";s:11:\"upload_path\";s:41:\"http://www.kadaicha.com.br/assets/upload/\";s:9:\"developer\";s:1:\"0\";s:7:\"modules\";a:5:{i:0;O:8:\"stdClass\":6:{s:11:\"mysql_table\";s:6:\"banner\";s:4:\"name\";s:7:\"Banners\";s:4:\"icon\";s:21:\"fa-print             \";s:10:\"snippet_id\";s:1:\"0\";s:7:\"menu_id\";N;s:6:\"active\";s:1:\"1\";}i:1;O:8:\"stdClass\":6:{s:11:\"mysql_table\";s:5:\"about\";s:4:\"name\";s:5:\"Sobre\";s:4:\"icon\";s:21:\"fa-heart             \";s:10:\"snippet_id\";s:1:\"0\";s:7:\"menu_id\";N;s:6:\"active\";s:1:\"1\";}i:2;O:8:\"stdClass\":6:{s:11:\"mysql_table\";s:8:\"services\";s:4:\"name\";s:9:\"Serviços\";s:4:\"icon\";s:21:\"fa-bolt              \";s:10:\"snippet_id\";s:1:\"0\";s:7:\"menu_id\";N;s:6:\"active\";s:1:\"1\";}i:3;O:8:\"stdClass\":10:{s:11:\"mysql_table\";s:4:\"menu\";s:4:\"name\";s:10:\"Configurar\";s:4:\"icon\";s:21:\"fa-list              \";s:10:\"snippet_id\";s:1:\"0\";s:7:\"menu_id\";s:2:\"22\";s:6:\"active\";s:1:\"1\";s:6:\"method\";s:12:\"listing/menu\";s:10:\"controller\";s:6:\"screen\";s:5:\"label\";s:4:\"Menu\";s:7:\"submenu\";a:3:{i:0;r:31;i:1;O:8:\"stdClass\":9:{s:11:\"mysql_table\";s:12:\"website_data\";s:4:\"name\";s:13:\"Dados do Site\";s:4:\"icon\";s:14:\"fa-bar-chart-o\";s:10:\"snippet_id\";s:1:\"0\";s:7:\"menu_id\";s:2:\"22\";s:6:\"active\";s:1:\"1\";s:6:\"method\";s:20:\"listing/website_data\";s:10:\"controller\";s:6:\"screen\";s:5:\"label\";s:13:\"Dados do Site\";}i:2;O:8:\"stdClass\":9:{s:11:\"mysql_table\";s:12:\"website_text\";s:4:\"name\";s:14:\"Textos do site\";s:4:\"icon\";s:14:\"fa-bar-chart-o\";s:10:\"snippet_id\";s:1:\"0\";s:7:\"menu_id\";s:2:\"22\";s:6:\"active\";s:1:\"1\";s:6:\"method\";s:20:\"listing/website_text\";s:10:\"controller\";s:6:\"screen\";s:5:\"label\";s:14:\"Textos do site\";}}}i:4;O:8:\"stdClass\":10:{s:11:\"mysql_table\";s:19:\"portfolio_categoria\";s:4:\"name\";s:10:\"Portfólio\";s:4:\"icon\";s:21:\"fa-star              \";s:10:\"snippet_id\";s:1:\"0\";s:7:\"menu_id\";s:2:\"23\";s:6:\"active\";s:1:\"1\";s:6:\"method\";s:27:\"listing/portfolio_categoria\";s:10:\"controller\";s:6:\"screen\";s:5:\"label\";s:10:\"Categorias\";s:7:\"submenu\";a:3:{i:0;r:63;i:1;O:8:\"stdClass\":9:{s:11:\"mysql_table\";s:9:\"portfolio\";s:4:\"name\";s:10:\"Portfólio\";s:4:\"icon\";s:14:\"fa-bar-chart-o\";s:10:\"snippet_id\";s:1:\"0\";s:7:\"menu_id\";s:2:\"23\";s:6:\"active\";s:1:\"1\";s:6:\"method\";s:17:\"listing/portfolio\";s:10:\"controller\";s:6:\"screen\";s:5:\"label\";s:10:\"Portfólio\";}i:2;O:8:\"stdClass\":9:{s:11:\"mysql_table\";s:15:\"portfolio_video\";s:4:\"name\";s:6:\"Videos\";s:4:\"icon\";s:21:\"fa-star              \";s:10:\"snippet_id\";s:1:\"0\";s:7:\"menu_id\";s:2:\"23\";s:6:\"active\";s:1:\"1\";s:6:\"method\";s:23:\"listing/portfolio_video\";s:10:\"controller\";s:6:\"screen\";s:5:\"label\";s:6:\"Videos\";}}}}}\";}'), ('1990394fa153e788c2f558e4c9ed5d17', '127.2.221.1', 'Mozilla/5.0 (Windows NT 6.1; WOW64) AppleWebKit/53', '1429792752', 'a:2:{s:9:\"user_data\";s:0:\"\";s:4:\"user\";s:2674:\"O:8:\"stdClass\":8:{s:7:\"user_id\";s:2:\"10\";s:4:\"name\";s:7:\"Luciano\";s:12:\"company_name\";s:8:\"Kadaicha\";s:10:\"profile_id\";s:8:\"97719874\";s:10:\"company_id\";s:2:\"13\";s:11:\"upload_path\";s:41:\"http://www.kadaicha.com.br/assets/upload/\";s:9:\"developer\";s:1:\"0\";s:7:\"modules\";a:5:{i:0;O:8:\"stdClass\":6:{s:11:\"mysql_table\";s:6:\"banner\";s:4:\"name\";s:7:\"Banners\";s:4:\"icon\";s:21:\"fa-print             \";s:10:\"snippet_id\";s:1:\"0\";s:7:\"menu_id\";N;s:6:\"active\";s:1:\"1\";}i:1;O:8:\"stdClass\":6:{s:11:\"mysql_table\";s:5:\"about\";s:4:\"name\";s:5:\"Sobre\";s:4:\"icon\";s:21:\"fa-heart             \";s:10:\"snippet_id\";s:1:\"0\";s:7:\"menu_id\";N;s:6:\"active\";s:1:\"1\";}i:2;O:8:\"stdClass\":6:{s:11:\"mysql_table\";s:8:\"services\";s:4:\"name\";s:9:\"Serviços\";s:4:\"icon\";s:21:\"fa-bolt              \";s:10:\"snippet_id\";s:1:\"0\";s:7:\"menu_id\";N;s:6:\"active\";s:1:\"1\";}i:3;O:8:\"stdClass\":10:{s:11:\"mysql_table\";s:4:\"menu\";s:4:\"name\";s:10:\"Configurar\";s:4:\"icon\";s:21:\"fa-list              \";s:10:\"snippet_id\";s:1:\"0\";s:7:\"menu_id\";s:2:\"22\";s:6:\"active\";s:1:\"1\";s:6:\"method\";s:12:\"listing/menu\";s:10:\"controller\";s:6:\"screen\";s:5:\"label\";s:4:\"Menu\";s:7:\"submenu\";a:3:{i:0;r:31;i:1;O:8:\"stdClass\":9:{s:11:\"mysql_table\";s:12:\"website_data\";s:4:\"name\";s:13:\"Dados do Site\";s:4:\"icon\";s:14:\"fa-bar-chart-o\";s:10:\"snippet_id\";s:1:\"0\";s:7:\"menu_id\";s:2:\"22\";s:6:\"active\";s:1:\"1\";s:6:\"method\";s:20:\"listing/website_data\";s:10:\"controller\";s:6:\"screen\";s:5:\"label\";s:13:\"Dados do Site\";}i:2;O:8:\"stdClass\":9:{s:11:\"mysql_table\";s:12:\"website_text\";s:4:\"name\";s:14:\"Textos do site\";s:4:\"icon\";s:14:\"fa-bar-chart-o\";s:10:\"snippet_id\";s:1:\"0\";s:7:\"menu_id\";s:2:\"22\";s:6:\"active\";s:1:\"1\";s:6:\"method\";s:20:\"listing/website_text\";s:10:\"controller\";s:6:\"screen\";s:5:\"label\";s:14:\"Textos do site\";}}}i:4;O:8:\"stdClass\":10:{s:11:\"mysql_table\";s:19:\"portfolio_categoria\";s:4:\"name\";s:10:\"Portfólio\";s:4:\"icon\";s:21:\"fa-star              \";s:10:\"snippet_id\";s:1:\"0\";s:7:\"menu_id\";s:2:\"23\";s:6:\"active\";s:1:\"1\";s:6:\"method\";s:27:\"listing/portfolio_categoria\";s:10:\"controller\";s:6:\"screen\";s:5:\"label\";s:10:\"Categorias\";s:7:\"submenu\";a:3:{i:0;r:63;i:1;O:8:\"stdClass\":9:{s:11:\"mysql_table\";s:9:\"portfolio\";s:4:\"name\";s:10:\"Portfólio\";s:4:\"icon\";s:14:\"fa-bar-chart-o\";s:10:\"snippet_id\";s:1:\"0\";s:7:\"menu_id\";s:2:\"23\";s:6:\"active\";s:1:\"1\";s:6:\"method\";s:17:\"listing/portfolio\";s:10:\"controller\";s:6:\"screen\";s:5:\"label\";s:10:\"Portfólio\";}i:2;O:8:\"stdClass\":9:{s:11:\"mysql_table\";s:15:\"portfolio_video\";s:4:\"name\";s:6:\"Videos\";s:4:\"icon\";s:21:\"fa-star              \";s:10:\"snippet_id\";s:1:\"0\";s:7:\"menu_id\";s:2:\"23\";s:6:\"active\";s:1:\"1\";s:6:\"method\";s:23:\"listing/portfolio_video\";s:10:\"controller\";s:6:\"screen\";s:5:\"label\";s:6:\"Videos\";}}}}}\";}'), ('1da9bbade7503e9bf86f5fe6b1fc4dea', '127.2.221.1', 'Mozilla/5.0 (Windows NT 6.1; WOW64) AppleWebKit/53', '1429794239', 'a:2:{s:9:\"user_data\";s:0:\"\";s:4:\"user\";s:2674:\"O:8:\"stdClass\":8:{s:7:\"user_id\";s:2:\"10\";s:4:\"name\";s:7:\"Luciano\";s:12:\"company_name\";s:8:\"Kadaicha\";s:10:\"profile_id\";s:8:\"97719874\";s:10:\"company_id\";s:2:\"13\";s:11:\"upload_path\";s:41:\"http://www.kadaicha.com.br/assets/upload/\";s:9:\"developer\";s:1:\"0\";s:7:\"modules\";a:5:{i:0;O:8:\"stdClass\":6:{s:11:\"mysql_table\";s:6:\"banner\";s:4:\"name\";s:7:\"Banners\";s:4:\"icon\";s:21:\"fa-print             \";s:10:\"snippet_id\";s:1:\"0\";s:7:\"menu_id\";N;s:6:\"active\";s:1:\"1\";}i:1;O:8:\"stdClass\":6:{s:11:\"mysql_table\";s:5:\"about\";s:4:\"name\";s:5:\"Sobre\";s:4:\"icon\";s:21:\"fa-heart             \";s:10:\"snippet_id\";s:1:\"0\";s:7:\"menu_id\";N;s:6:\"active\";s:1:\"1\";}i:2;O:8:\"stdClass\":6:{s:11:\"mysql_table\";s:8:\"services\";s:4:\"name\";s:9:\"Serviços\";s:4:\"icon\";s:21:\"fa-bolt              \";s:10:\"snippet_id\";s:1:\"0\";s:7:\"menu_id\";N;s:6:\"active\";s:1:\"1\";}i:3;O:8:\"stdClass\":10:{s:11:\"mysql_table\";s:4:\"menu\";s:4:\"name\";s:10:\"Configurar\";s:4:\"icon\";s:21:\"fa-list              \";s:10:\"snippet_id\";s:1:\"0\";s:7:\"menu_id\";s:2:\"22\";s:6:\"active\";s:1:\"1\";s:6:\"method\";s:12:\"listing/menu\";s:10:\"controller\";s:6:\"screen\";s:5:\"label\";s:4:\"Menu\";s:7:\"submenu\";a:3:{i:0;r:31;i:1;O:8:\"stdClass\":9:{s:11:\"mysql_table\";s:12:\"website_data\";s:4:\"name\";s:13:\"Dados do Site\";s:4:\"icon\";s:14:\"fa-bar-chart-o\";s:10:\"snippet_id\";s:1:\"0\";s:7:\"menu_id\";s:2:\"22\";s:6:\"active\";s:1:\"1\";s:6:\"method\";s:20:\"listing/website_data\";s:10:\"controller\";s:6:\"screen\";s:5:\"label\";s:13:\"Dados do Site\";}i:2;O:8:\"stdClass\":9:{s:11:\"mysql_table\";s:12:\"website_text\";s:4:\"name\";s:14:\"Textos do site\";s:4:\"icon\";s:14:\"fa-bar-chart-o\";s:10:\"snippet_id\";s:1:\"0\";s:7:\"menu_id\";s:2:\"22\";s:6:\"active\";s:1:\"1\";s:6:\"method\";s:20:\"listing/website_text\";s:10:\"controller\";s:6:\"screen\";s:5:\"label\";s:14:\"Textos do site\";}}}i:4;O:8:\"stdClass\":10:{s:11:\"mysql_table\";s:19:\"portfolio_categoria\";s:4:\"name\";s:10:\"Portfólio\";s:4:\"icon\";s:21:\"fa-star              \";s:10:\"snippet_id\";s:1:\"0\";s:7:\"menu_id\";s:2:\"23\";s:6:\"active\";s:1:\"1\";s:6:\"method\";s:27:\"listing/portfolio_categoria\";s:10:\"controller\";s:6:\"screen\";s:5:\"label\";s:10:\"Categorias\";s:7:\"submenu\";a:3:{i:0;r:63;i:1;O:8:\"stdClass\":9:{s:11:\"mysql_table\";s:9:\"portfolio\";s:4:\"name\";s:10:\"Portfólio\";s:4:\"icon\";s:14:\"fa-bar-chart-o\";s:10:\"snippet_id\";s:1:\"0\";s:7:\"menu_id\";s:2:\"23\";s:6:\"active\";s:1:\"1\";s:6:\"method\";s:17:\"listing/portfolio\";s:10:\"controller\";s:6:\"screen\";s:5:\"label\";s:10:\"Portfólio\";}i:2;O:8:\"stdClass\":9:{s:11:\"mysql_table\";s:15:\"portfolio_video\";s:4:\"name\";s:6:\"Videos\";s:4:\"icon\";s:21:\"fa-star              \";s:10:\"snippet_id\";s:1:\"0\";s:7:\"menu_id\";s:2:\"23\";s:6:\"active\";s:1:\"1\";s:6:\"method\";s:23:\"listing/portfolio_video\";s:10:\"controller\";s:6:\"screen\";s:5:\"label\";s:6:\"Videos\";}}}}}\";}'), ('1e51d235609a2198d00e55eb4c5d976d', '127.2.221.1', 'Mozilla/5.0 (Windows NT 6.1; WOW64) AppleWebKit/53', '1429793369', 'a:2:{s:9:\"user_data\";s:0:\"\";s:4:\"user\";s:2674:\"O:8:\"stdClass\":8:{s:7:\"user_id\";s:2:\"10\";s:4:\"name\";s:7:\"Luciano\";s:12:\"company_name\";s:8:\"Kadaicha\";s:10:\"profile_id\";s:8:\"97719874\";s:10:\"company_id\";s:2:\"13\";s:11:\"upload_path\";s:41:\"http://www.kadaicha.com.br/assets/upload/\";s:9:\"developer\";s:1:\"0\";s:7:\"modules\";a:5:{i:0;O:8:\"stdClass\":6:{s:11:\"mysql_table\";s:6:\"banner\";s:4:\"name\";s:7:\"Banners\";s:4:\"icon\";s:21:\"fa-print             \";s:10:\"snippet_id\";s:1:\"0\";s:7:\"menu_id\";N;s:6:\"active\";s:1:\"1\";}i:1;O:8:\"stdClass\":6:{s:11:\"mysql_table\";s:5:\"about\";s:4:\"name\";s:5:\"Sobre\";s:4:\"icon\";s:21:\"fa-heart             \";s:10:\"snippet_id\";s:1:\"0\";s:7:\"menu_id\";N;s:6:\"active\";s:1:\"1\";}i:2;O:8:\"stdClass\":6:{s:11:\"mysql_table\";s:8:\"services\";s:4:\"name\";s:9:\"Serviços\";s:4:\"icon\";s:21:\"fa-bolt              \";s:10:\"snippet_id\";s:1:\"0\";s:7:\"menu_id\";N;s:6:\"active\";s:1:\"1\";}i:3;O:8:\"stdClass\":10:{s:11:\"mysql_table\";s:4:\"menu\";s:4:\"name\";s:10:\"Configurar\";s:4:\"icon\";s:21:\"fa-list              \";s:10:\"snippet_id\";s:1:\"0\";s:7:\"menu_id\";s:2:\"22\";s:6:\"active\";s:1:\"1\";s:6:\"method\";s:12:\"listing/menu\";s:10:\"controller\";s:6:\"screen\";s:5:\"label\";s:4:\"Menu\";s:7:\"submenu\";a:3:{i:0;r:31;i:1;O:8:\"stdClass\":9:{s:11:\"mysql_table\";s:12:\"website_data\";s:4:\"name\";s:13:\"Dados do Site\";s:4:\"icon\";s:14:\"fa-bar-chart-o\";s:10:\"snippet_id\";s:1:\"0\";s:7:\"menu_id\";s:2:\"22\";s:6:\"active\";s:1:\"1\";s:6:\"method\";s:20:\"listing/website_data\";s:10:\"controller\";s:6:\"screen\";s:5:\"label\";s:13:\"Dados do Site\";}i:2;O:8:\"stdClass\":9:{s:11:\"mysql_table\";s:12:\"website_text\";s:4:\"name\";s:14:\"Textos do site\";s:4:\"icon\";s:14:\"fa-bar-chart-o\";s:10:\"snippet_id\";s:1:\"0\";s:7:\"menu_id\";s:2:\"22\";s:6:\"active\";s:1:\"1\";s:6:\"method\";s:20:\"listing/website_text\";s:10:\"controller\";s:6:\"screen\";s:5:\"label\";s:14:\"Textos do site\";}}}i:4;O:8:\"stdClass\":10:{s:11:\"mysql_table\";s:19:\"portfolio_categoria\";s:4:\"name\";s:10:\"Portfólio\";s:4:\"icon\";s:21:\"fa-star              \";s:10:\"snippet_id\";s:1:\"0\";s:7:\"menu_id\";s:2:\"23\";s:6:\"active\";s:1:\"1\";s:6:\"method\";s:27:\"listing/portfolio_categoria\";s:10:\"controller\";s:6:\"screen\";s:5:\"label\";s:10:\"Categorias\";s:7:\"submenu\";a:3:{i:0;r:63;i:1;O:8:\"stdClass\":9:{s:11:\"mysql_table\";s:9:\"portfolio\";s:4:\"name\";s:10:\"Portfólio\";s:4:\"icon\";s:14:\"fa-bar-chart-o\";s:10:\"snippet_id\";s:1:\"0\";s:7:\"menu_id\";s:2:\"23\";s:6:\"active\";s:1:\"1\";s:6:\"method\";s:17:\"listing/portfolio\";s:10:\"controller\";s:6:\"screen\";s:5:\"label\";s:10:\"Portfólio\";}i:2;O:8:\"stdClass\":9:{s:11:\"mysql_table\";s:15:\"portfolio_video\";s:4:\"name\";s:6:\"Videos\";s:4:\"icon\";s:21:\"fa-star              \";s:10:\"snippet_id\";s:1:\"0\";s:7:\"menu_id\";s:2:\"23\";s:6:\"active\";s:1:\"1\";s:6:\"method\";s:23:\"listing/portfolio_video\";s:10:\"controller\";s:6:\"screen\";s:5:\"label\";s:6:\"Videos\";}}}}}\";}'), ('1e9ac0dc70a8fc8128fb3a0c9efb30e6', '127.2.221.1', 'Mozilla/5.0 (Windows NT 6.1; WOW64) AppleWebKit/53', '1429792683', 'a:2:{s:9:\"user_data\";s:0:\"\";s:4:\"user\";s:2674:\"O:8:\"stdClass\":8:{s:7:\"user_id\";s:2:\"10\";s:4:\"name\";s:7:\"Luciano\";s:12:\"company_name\";s:8:\"Kadaicha\";s:10:\"profile_id\";s:8:\"97719874\";s:10:\"company_id\";s:2:\"13\";s:11:\"upload_path\";s:41:\"http://www.kadaicha.com.br/assets/upload/\";s:9:\"developer\";s:1:\"0\";s:7:\"modules\";a:5:{i:0;O:8:\"stdClass\":6:{s:11:\"mysql_table\";s:6:\"banner\";s:4:\"name\";s:7:\"Banners\";s:4:\"icon\";s:21:\"fa-print             \";s:10:\"snippet_id\";s:1:\"0\";s:7:\"menu_id\";N;s:6:\"active\";s:1:\"1\";}i:1;O:8:\"stdClass\":6:{s:11:\"mysql_table\";s:5:\"about\";s:4:\"name\";s:5:\"Sobre\";s:4:\"icon\";s:21:\"fa-heart             \";s:10:\"snippet_id\";s:1:\"0\";s:7:\"menu_id\";N;s:6:\"active\";s:1:\"1\";}i:2;O:8:\"stdClass\":6:{s:11:\"mysql_table\";s:8:\"services\";s:4:\"name\";s:9:\"Serviços\";s:4:\"icon\";s:21:\"fa-bolt              \";s:10:\"snippet_id\";s:1:\"0\";s:7:\"menu_id\";N;s:6:\"active\";s:1:\"1\";}i:3;O:8:\"stdClass\":10:{s:11:\"mysql_table\";s:4:\"menu\";s:4:\"name\";s:10:\"Configurar\";s:4:\"icon\";s:21:\"fa-list              \";s:10:\"snippet_id\";s:1:\"0\";s:7:\"menu_id\";s:2:\"22\";s:6:\"active\";s:1:\"1\";s:6:\"method\";s:12:\"listing/menu\";s:10:\"controller\";s:6:\"screen\";s:5:\"label\";s:4:\"Menu\";s:7:\"submenu\";a:3:{i:0;r:31;i:1;O:8:\"stdClass\":9:{s:11:\"mysql_table\";s:12:\"website_data\";s:4:\"name\";s:13:\"Dados do Site\";s:4:\"icon\";s:14:\"fa-bar-chart-o\";s:10:\"snippet_id\";s:1:\"0\";s:7:\"menu_id\";s:2:\"22\";s:6:\"active\";s:1:\"1\";s:6:\"method\";s:20:\"listing/website_data\";s:10:\"controller\";s:6:\"screen\";s:5:\"label\";s:13:\"Dados do Site\";}i:2;O:8:\"stdClass\":9:{s:11:\"mysql_table\";s:12:\"website_text\";s:4:\"name\";s:14:\"Textos do site\";s:4:\"icon\";s:14:\"fa-bar-chart-o\";s:10:\"snippet_id\";s:1:\"0\";s:7:\"menu_id\";s:2:\"22\";s:6:\"active\";s:1:\"1\";s:6:\"method\";s:20:\"listing/website_text\";s:10:\"controller\";s:6:\"screen\";s:5:\"label\";s:14:\"Textos do site\";}}}i:4;O:8:\"stdClass\":10:{s:11:\"mysql_table\";s:19:\"portfolio_categoria\";s:4:\"name\";s:10:\"Portfólio\";s:4:\"icon\";s:21:\"fa-star              \";s:10:\"snippet_id\";s:1:\"0\";s:7:\"menu_id\";s:2:\"23\";s:6:\"active\";s:1:\"1\";s:6:\"method\";s:27:\"listing/portfolio_categoria\";s:10:\"controller\";s:6:\"screen\";s:5:\"label\";s:10:\"Categorias\";s:7:\"submenu\";a:3:{i:0;r:63;i:1;O:8:\"stdClass\":9:{s:11:\"mysql_table\";s:9:\"portfolio\";s:4:\"name\";s:10:\"Portfólio\";s:4:\"icon\";s:14:\"fa-bar-chart-o\";s:10:\"snippet_id\";s:1:\"0\";s:7:\"menu_id\";s:2:\"23\";s:6:\"active\";s:1:\"1\";s:6:\"method\";s:17:\"listing/portfolio\";s:10:\"controller\";s:6:\"screen\";s:5:\"label\";s:10:\"Portfólio\";}i:2;O:8:\"stdClass\":9:{s:11:\"mysql_table\";s:15:\"portfolio_video\";s:4:\"name\";s:6:\"Videos\";s:4:\"icon\";s:21:\"fa-star              \";s:10:\"snippet_id\";s:1:\"0\";s:7:\"menu_id\";s:2:\"23\";s:6:\"active\";s:1:\"1\";s:6:\"method\";s:23:\"listing/portfolio_video\";s:10:\"controller\";s:6:\"screen\";s:5:\"label\";s:6:\"Videos\";}}}}}\";}'), ('21f7c8e63d19e1ebd652e56165d1891e', '127.2.221.1', 'Mozilla/5.0 (Windows NT 6.1; WOW64) AppleWebKit/53', '1429794179', 'a:2:{s:9:\"user_data\";s:0:\"\";s:4:\"user\";s:2674:\"O:8:\"stdClass\":8:{s:7:\"user_id\";s:2:\"10\";s:4:\"name\";s:7:\"Luciano\";s:12:\"company_name\";s:8:\"Kadaicha\";s:10:\"profile_id\";s:8:\"97719874\";s:10:\"company_id\";s:2:\"13\";s:11:\"upload_path\";s:41:\"http://www.kadaicha.com.br/assets/upload/\";s:9:\"developer\";s:1:\"0\";s:7:\"modules\";a:5:{i:0;O:8:\"stdClass\":6:{s:11:\"mysql_table\";s:6:\"banner\";s:4:\"name\";s:7:\"Banners\";s:4:\"icon\";s:21:\"fa-print             \";s:10:\"snippet_id\";s:1:\"0\";s:7:\"menu_id\";N;s:6:\"active\";s:1:\"1\";}i:1;O:8:\"stdClass\":6:{s:11:\"mysql_table\";s:5:\"about\";s:4:\"name\";s:5:\"Sobre\";s:4:\"icon\";s:21:\"fa-heart             \";s:10:\"snippet_id\";s:1:\"0\";s:7:\"menu_id\";N;s:6:\"active\";s:1:\"1\";}i:2;O:8:\"stdClass\":6:{s:11:\"mysql_table\";s:8:\"services\";s:4:\"name\";s:9:\"Serviços\";s:4:\"icon\";s:21:\"fa-bolt              \";s:10:\"snippet_id\";s:1:\"0\";s:7:\"menu_id\";N;s:6:\"active\";s:1:\"1\";}i:3;O:8:\"stdClass\":10:{s:11:\"mysql_table\";s:4:\"menu\";s:4:\"name\";s:10:\"Configurar\";s:4:\"icon\";s:21:\"fa-list              \";s:10:\"snippet_id\";s:1:\"0\";s:7:\"menu_id\";s:2:\"22\";s:6:\"active\";s:1:\"1\";s:6:\"method\";s:12:\"listing/menu\";s:10:\"controller\";s:6:\"screen\";s:5:\"label\";s:4:\"Menu\";s:7:\"submenu\";a:3:{i:0;r:31;i:1;O:8:\"stdClass\":9:{s:11:\"mysql_table\";s:12:\"website_data\";s:4:\"name\";s:13:\"Dados do Site\";s:4:\"icon\";s:14:\"fa-bar-chart-o\";s:10:\"snippet_id\";s:1:\"0\";s:7:\"menu_id\";s:2:\"22\";s:6:\"active\";s:1:\"1\";s:6:\"method\";s:20:\"listing/website_data\";s:10:\"controller\";s:6:\"screen\";s:5:\"label\";s:13:\"Dados do Site\";}i:2;O:8:\"stdClass\":9:{s:11:\"mysql_table\";s:12:\"website_text\";s:4:\"name\";s:14:\"Textos do site\";s:4:\"icon\";s:14:\"fa-bar-chart-o\";s:10:\"snippet_id\";s:1:\"0\";s:7:\"menu_id\";s:2:\"22\";s:6:\"active\";s:1:\"1\";s:6:\"method\";s:20:\"listing/website_text\";s:10:\"controller\";s:6:\"screen\";s:5:\"label\";s:14:\"Textos do site\";}}}i:4;O:8:\"stdClass\":10:{s:11:\"mysql_table\";s:19:\"portfolio_categoria\";s:4:\"name\";s:10:\"Portfólio\";s:4:\"icon\";s:21:\"fa-star              \";s:10:\"snippet_id\";s:1:\"0\";s:7:\"menu_id\";s:2:\"23\";s:6:\"active\";s:1:\"1\";s:6:\"method\";s:27:\"listing/portfolio_categoria\";s:10:\"controller\";s:6:\"screen\";s:5:\"label\";s:10:\"Categorias\";s:7:\"submenu\";a:3:{i:0;r:63;i:1;O:8:\"stdClass\":9:{s:11:\"mysql_table\";s:9:\"portfolio\";s:4:\"name\";s:10:\"Portfólio\";s:4:\"icon\";s:14:\"fa-bar-chart-o\";s:10:\"snippet_id\";s:1:\"0\";s:7:\"menu_id\";s:2:\"23\";s:6:\"active\";s:1:\"1\";s:6:\"method\";s:17:\"listing/portfolio\";s:10:\"controller\";s:6:\"screen\";s:5:\"label\";s:10:\"Portfólio\";}i:2;O:8:\"stdClass\":9:{s:11:\"mysql_table\";s:15:\"portfolio_video\";s:4:\"name\";s:6:\"Videos\";s:4:\"icon\";s:21:\"fa-star              \";s:10:\"snippet_id\";s:1:\"0\";s:7:\"menu_id\";s:2:\"23\";s:6:\"active\";s:1:\"1\";s:6:\"method\";s:23:\"listing/portfolio_video\";s:10:\"controller\";s:6:\"screen\";s:5:\"label\";s:6:\"Videos\";}}}}}\";}'), ('23c4ba0535e5640505fa358bc7f6a916', '127.2.221.1', 'Mozilla/5.0 (Windows NT 6.1; WOW64) AppleWebKit/53', '1429792963', 'a:2:{s:9:\"user_data\";s:0:\"\";s:4:\"user\";s:2674:\"O:8:\"stdClass\":8:{s:7:\"user_id\";s:2:\"10\";s:4:\"name\";s:7:\"Luciano\";s:12:\"company_name\";s:8:\"Kadaicha\";s:10:\"profile_id\";s:8:\"97719874\";s:10:\"company_id\";s:2:\"13\";s:11:\"upload_path\";s:41:\"http://www.kadaicha.com.br/assets/upload/\";s:9:\"developer\";s:1:\"0\";s:7:\"modules\";a:5:{i:0;O:8:\"stdClass\":6:{s:11:\"mysql_table\";s:6:\"banner\";s:4:\"name\";s:7:\"Banners\";s:4:\"icon\";s:21:\"fa-print             \";s:10:\"snippet_id\";s:1:\"0\";s:7:\"menu_id\";N;s:6:\"active\";s:1:\"1\";}i:1;O:8:\"stdClass\":6:{s:11:\"mysql_table\";s:5:\"about\";s:4:\"name\";s:5:\"Sobre\";s:4:\"icon\";s:21:\"fa-heart             \";s:10:\"snippet_id\";s:1:\"0\";s:7:\"menu_id\";N;s:6:\"active\";s:1:\"1\";}i:2;O:8:\"stdClass\":6:{s:11:\"mysql_table\";s:8:\"services\";s:4:\"name\";s:9:\"Serviços\";s:4:\"icon\";s:21:\"fa-bolt              \";s:10:\"snippet_id\";s:1:\"0\";s:7:\"menu_id\";N;s:6:\"active\";s:1:\"1\";}i:3;O:8:\"stdClass\":10:{s:11:\"mysql_table\";s:4:\"menu\";s:4:\"name\";s:10:\"Configurar\";s:4:\"icon\";s:21:\"fa-list              \";s:10:\"snippet_id\";s:1:\"0\";s:7:\"menu_id\";s:2:\"22\";s:6:\"active\";s:1:\"1\";s:6:\"method\";s:12:\"listing/menu\";s:10:\"controller\";s:6:\"screen\";s:5:\"label\";s:4:\"Menu\";s:7:\"submenu\";a:3:{i:0;r:31;i:1;O:8:\"stdClass\":9:{s:11:\"mysql_table\";s:12:\"website_data\";s:4:\"name\";s:13:\"Dados do Site\";s:4:\"icon\";s:14:\"fa-bar-chart-o\";s:10:\"snippet_id\";s:1:\"0\";s:7:\"menu_id\";s:2:\"22\";s:6:\"active\";s:1:\"1\";s:6:\"method\";s:20:\"listing/website_data\";s:10:\"controller\";s:6:\"screen\";s:5:\"label\";s:13:\"Dados do Site\";}i:2;O:8:\"stdClass\":9:{s:11:\"mysql_table\";s:12:\"website_text\";s:4:\"name\";s:14:\"Textos do site\";s:4:\"icon\";s:14:\"fa-bar-chart-o\";s:10:\"snippet_id\";s:1:\"0\";s:7:\"menu_id\";s:2:\"22\";s:6:\"active\";s:1:\"1\";s:6:\"method\";s:20:\"listing/website_text\";s:10:\"controller\";s:6:\"screen\";s:5:\"label\";s:14:\"Textos do site\";}}}i:4;O:8:\"stdClass\":10:{s:11:\"mysql_table\";s:19:\"portfolio_categoria\";s:4:\"name\";s:10:\"Portfólio\";s:4:\"icon\";s:21:\"fa-star              \";s:10:\"snippet_id\";s:1:\"0\";s:7:\"menu_id\";s:2:\"23\";s:6:\"active\";s:1:\"1\";s:6:\"method\";s:27:\"listing/portfolio_categoria\";s:10:\"controller\";s:6:\"screen\";s:5:\"label\";s:10:\"Categorias\";s:7:\"submenu\";a:3:{i:0;r:63;i:1;O:8:\"stdClass\":9:{s:11:\"mysql_table\";s:9:\"portfolio\";s:4:\"name\";s:10:\"Portfólio\";s:4:\"icon\";s:14:\"fa-bar-chart-o\";s:10:\"snippet_id\";s:1:\"0\";s:7:\"menu_id\";s:2:\"23\";s:6:\"active\";s:1:\"1\";s:6:\"method\";s:17:\"listing/portfolio\";s:10:\"controller\";s:6:\"screen\";s:5:\"label\";s:10:\"Portfólio\";}i:2;O:8:\"stdClass\":9:{s:11:\"mysql_table\";s:15:\"portfolio_video\";s:4:\"name\";s:6:\"Videos\";s:4:\"icon\";s:21:\"fa-star              \";s:10:\"snippet_id\";s:1:\"0\";s:7:\"menu_id\";s:2:\"23\";s:6:\"active\";s:1:\"1\";s:6:\"method\";s:23:\"listing/portfolio_video\";s:10:\"controller\";s:6:\"screen\";s:5:\"label\";s:6:\"Videos\";}}}}}\";}'), ('2452022f894b323940cee5d767452e1b', '127.2.221.1', 'Mozilla/5.0 (Windows NT 6.1; WOW64) AppleWebKit/53', '1429794177', 'a:2:{s:9:\"user_data\";s:0:\"\";s:4:\"user\";s:2674:\"O:8:\"stdClass\":8:{s:7:\"user_id\";s:2:\"10\";s:4:\"name\";s:7:\"Luciano\";s:12:\"company_name\";s:8:\"Kadaicha\";s:10:\"profile_id\";s:8:\"97719874\";s:10:\"company_id\";s:2:\"13\";s:11:\"upload_path\";s:41:\"http://www.kadaicha.com.br/assets/upload/\";s:9:\"developer\";s:1:\"0\";s:7:\"modules\";a:5:{i:0;O:8:\"stdClass\":6:{s:11:\"mysql_table\";s:6:\"banner\";s:4:\"name\";s:7:\"Banners\";s:4:\"icon\";s:21:\"fa-print             \";s:10:\"snippet_id\";s:1:\"0\";s:7:\"menu_id\";N;s:6:\"active\";s:1:\"1\";}i:1;O:8:\"stdClass\":6:{s:11:\"mysql_table\";s:5:\"about\";s:4:\"name\";s:5:\"Sobre\";s:4:\"icon\";s:21:\"fa-heart             \";s:10:\"snippet_id\";s:1:\"0\";s:7:\"menu_id\";N;s:6:\"active\";s:1:\"1\";}i:2;O:8:\"stdClass\":6:{s:11:\"mysql_table\";s:8:\"services\";s:4:\"name\";s:9:\"Serviços\";s:4:\"icon\";s:21:\"fa-bolt              \";s:10:\"snippet_id\";s:1:\"0\";s:7:\"menu_id\";N;s:6:\"active\";s:1:\"1\";}i:3;O:8:\"stdClass\":10:{s:11:\"mysql_table\";s:4:\"menu\";s:4:\"name\";s:10:\"Configurar\";s:4:\"icon\";s:21:\"fa-list              \";s:10:\"snippet_id\";s:1:\"0\";s:7:\"menu_id\";s:2:\"22\";s:6:\"active\";s:1:\"1\";s:6:\"method\";s:12:\"listing/menu\";s:10:\"controller\";s:6:\"screen\";s:5:\"label\";s:4:\"Menu\";s:7:\"submenu\";a:3:{i:0;r:31;i:1;O:8:\"stdClass\":9:{s:11:\"mysql_table\";s:12:\"website_data\";s:4:\"name\";s:13:\"Dados do Site\";s:4:\"icon\";s:14:\"fa-bar-chart-o\";s:10:\"snippet_id\";s:1:\"0\";s:7:\"menu_id\";s:2:\"22\";s:6:\"active\";s:1:\"1\";s:6:\"method\";s:20:\"listing/website_data\";s:10:\"controller\";s:6:\"screen\";s:5:\"label\";s:13:\"Dados do Site\";}i:2;O:8:\"stdClass\":9:{s:11:\"mysql_table\";s:12:\"website_text\";s:4:\"name\";s:14:\"Textos do site\";s:4:\"icon\";s:14:\"fa-bar-chart-o\";s:10:\"snippet_id\";s:1:\"0\";s:7:\"menu_id\";s:2:\"22\";s:6:\"active\";s:1:\"1\";s:6:\"method\";s:20:\"listing/website_text\";s:10:\"controller\";s:6:\"screen\";s:5:\"label\";s:14:\"Textos do site\";}}}i:4;O:8:\"stdClass\":10:{s:11:\"mysql_table\";s:19:\"portfolio_categoria\";s:4:\"name\";s:10:\"Portfólio\";s:4:\"icon\";s:21:\"fa-star              \";s:10:\"snippet_id\";s:1:\"0\";s:7:\"menu_id\";s:2:\"23\";s:6:\"active\";s:1:\"1\";s:6:\"method\";s:27:\"listing/portfolio_categoria\";s:10:\"controller\";s:6:\"screen\";s:5:\"label\";s:10:\"Categorias\";s:7:\"submenu\";a:3:{i:0;r:63;i:1;O:8:\"stdClass\":9:{s:11:\"mysql_table\";s:9:\"portfolio\";s:4:\"name\";s:10:\"Portfólio\";s:4:\"icon\";s:14:\"fa-bar-chart-o\";s:10:\"snippet_id\";s:1:\"0\";s:7:\"menu_id\";s:2:\"23\";s:6:\"active\";s:1:\"1\";s:6:\"method\";s:17:\"listing/portfolio\";s:10:\"controller\";s:6:\"screen\";s:5:\"label\";s:10:\"Portfólio\";}i:2;O:8:\"stdClass\":9:{s:11:\"mysql_table\";s:15:\"portfolio_video\";s:4:\"name\";s:6:\"Videos\";s:4:\"icon\";s:21:\"fa-star              \";s:10:\"snippet_id\";s:1:\"0\";s:7:\"menu_id\";s:2:\"23\";s:6:\"active\";s:1:\"1\";s:6:\"method\";s:23:\"listing/portfolio_video\";s:10:\"controller\";s:6:\"screen\";s:5:\"label\";s:6:\"Videos\";}}}}}\";}');
INSERT INTO `ci_sessions` VALUES ('2718665f19a839864691e7e1169430a6', '127.2.221.1', 'Mozilla/5.0 (Windows NT 6.1; WOW64) AppleWebKit/53', '1429793387', ''), ('306518c3968b43bde53d1326d9fac7bb', '127.2.221.1', 'Mozilla/5.0 (Windows NT 6.1; WOW64) AppleWebKit/53', '1429792791', 'a:2:{s:9:\"user_data\";s:0:\"\";s:4:\"user\";s:2674:\"O:8:\"stdClass\":8:{s:7:\"user_id\";s:2:\"10\";s:4:\"name\";s:7:\"Luciano\";s:12:\"company_name\";s:8:\"Kadaicha\";s:10:\"profile_id\";s:8:\"97719874\";s:10:\"company_id\";s:2:\"13\";s:11:\"upload_path\";s:41:\"http://www.kadaicha.com.br/assets/upload/\";s:9:\"developer\";s:1:\"0\";s:7:\"modules\";a:5:{i:0;O:8:\"stdClass\":6:{s:11:\"mysql_table\";s:6:\"banner\";s:4:\"name\";s:7:\"Banners\";s:4:\"icon\";s:21:\"fa-print             \";s:10:\"snippet_id\";s:1:\"0\";s:7:\"menu_id\";N;s:6:\"active\";s:1:\"1\";}i:1;O:8:\"stdClass\":6:{s:11:\"mysql_table\";s:5:\"about\";s:4:\"name\";s:5:\"Sobre\";s:4:\"icon\";s:21:\"fa-heart             \";s:10:\"snippet_id\";s:1:\"0\";s:7:\"menu_id\";N;s:6:\"active\";s:1:\"1\";}i:2;O:8:\"stdClass\":6:{s:11:\"mysql_table\";s:8:\"services\";s:4:\"name\";s:9:\"Serviços\";s:4:\"icon\";s:21:\"fa-bolt              \";s:10:\"snippet_id\";s:1:\"0\";s:7:\"menu_id\";N;s:6:\"active\";s:1:\"1\";}i:3;O:8:\"stdClass\":10:{s:11:\"mysql_table\";s:4:\"menu\";s:4:\"name\";s:10:\"Configurar\";s:4:\"icon\";s:21:\"fa-list              \";s:10:\"snippet_id\";s:1:\"0\";s:7:\"menu_id\";s:2:\"22\";s:6:\"active\";s:1:\"1\";s:6:\"method\";s:12:\"listing/menu\";s:10:\"controller\";s:6:\"screen\";s:5:\"label\";s:4:\"Menu\";s:7:\"submenu\";a:3:{i:0;r:31;i:1;O:8:\"stdClass\":9:{s:11:\"mysql_table\";s:12:\"website_data\";s:4:\"name\";s:13:\"Dados do Site\";s:4:\"icon\";s:14:\"fa-bar-chart-o\";s:10:\"snippet_id\";s:1:\"0\";s:7:\"menu_id\";s:2:\"22\";s:6:\"active\";s:1:\"1\";s:6:\"method\";s:20:\"listing/website_data\";s:10:\"controller\";s:6:\"screen\";s:5:\"label\";s:13:\"Dados do Site\";}i:2;O:8:\"stdClass\":9:{s:11:\"mysql_table\";s:12:\"website_text\";s:4:\"name\";s:14:\"Textos do site\";s:4:\"icon\";s:14:\"fa-bar-chart-o\";s:10:\"snippet_id\";s:1:\"0\";s:7:\"menu_id\";s:2:\"22\";s:6:\"active\";s:1:\"1\";s:6:\"method\";s:20:\"listing/website_text\";s:10:\"controller\";s:6:\"screen\";s:5:\"label\";s:14:\"Textos do site\";}}}i:4;O:8:\"stdClass\":10:{s:11:\"mysql_table\";s:19:\"portfolio_categoria\";s:4:\"name\";s:10:\"Portfólio\";s:4:\"icon\";s:21:\"fa-star              \";s:10:\"snippet_id\";s:1:\"0\";s:7:\"menu_id\";s:2:\"23\";s:6:\"active\";s:1:\"1\";s:6:\"method\";s:27:\"listing/portfolio_categoria\";s:10:\"controller\";s:6:\"screen\";s:5:\"label\";s:10:\"Categorias\";s:7:\"submenu\";a:3:{i:0;r:63;i:1;O:8:\"stdClass\":9:{s:11:\"mysql_table\";s:9:\"portfolio\";s:4:\"name\";s:10:\"Portfólio\";s:4:\"icon\";s:14:\"fa-bar-chart-o\";s:10:\"snippet_id\";s:1:\"0\";s:7:\"menu_id\";s:2:\"23\";s:6:\"active\";s:1:\"1\";s:6:\"method\";s:17:\"listing/portfolio\";s:10:\"controller\";s:6:\"screen\";s:5:\"label\";s:10:\"Portfólio\";}i:2;O:8:\"stdClass\":9:{s:11:\"mysql_table\";s:15:\"portfolio_video\";s:4:\"name\";s:6:\"Videos\";s:4:\"icon\";s:21:\"fa-star              \";s:10:\"snippet_id\";s:1:\"0\";s:7:\"menu_id\";s:2:\"23\";s:6:\"active\";s:1:\"1\";s:6:\"method\";s:23:\"listing/portfolio_video\";s:10:\"controller\";s:6:\"screen\";s:5:\"label\";s:6:\"Videos\";}}}}}\";}'), ('361c981bf2ab16b8d05957fdecdabb3f', '127.2.221.1', 'Mozilla/5.0 (Windows NT 6.1; WOW64) AppleWebKit/53', '1429792687', 'a:2:{s:9:\"user_data\";s:0:\"\";s:4:\"user\";s:2674:\"O:8:\"stdClass\":8:{s:7:\"user_id\";s:2:\"10\";s:4:\"name\";s:7:\"Luciano\";s:12:\"company_name\";s:8:\"Kadaicha\";s:10:\"profile_id\";s:8:\"97719874\";s:10:\"company_id\";s:2:\"13\";s:11:\"upload_path\";s:41:\"http://www.kadaicha.com.br/assets/upload/\";s:9:\"developer\";s:1:\"0\";s:7:\"modules\";a:5:{i:0;O:8:\"stdClass\":6:{s:11:\"mysql_table\";s:6:\"banner\";s:4:\"name\";s:7:\"Banners\";s:4:\"icon\";s:21:\"fa-print             \";s:10:\"snippet_id\";s:1:\"0\";s:7:\"menu_id\";N;s:6:\"active\";s:1:\"1\";}i:1;O:8:\"stdClass\":6:{s:11:\"mysql_table\";s:5:\"about\";s:4:\"name\";s:5:\"Sobre\";s:4:\"icon\";s:21:\"fa-heart             \";s:10:\"snippet_id\";s:1:\"0\";s:7:\"menu_id\";N;s:6:\"active\";s:1:\"1\";}i:2;O:8:\"stdClass\":6:{s:11:\"mysql_table\";s:8:\"services\";s:4:\"name\";s:9:\"Serviços\";s:4:\"icon\";s:21:\"fa-bolt              \";s:10:\"snippet_id\";s:1:\"0\";s:7:\"menu_id\";N;s:6:\"active\";s:1:\"1\";}i:3;O:8:\"stdClass\":10:{s:11:\"mysql_table\";s:4:\"menu\";s:4:\"name\";s:10:\"Configurar\";s:4:\"icon\";s:21:\"fa-list              \";s:10:\"snippet_id\";s:1:\"0\";s:7:\"menu_id\";s:2:\"22\";s:6:\"active\";s:1:\"1\";s:6:\"method\";s:12:\"listing/menu\";s:10:\"controller\";s:6:\"screen\";s:5:\"label\";s:4:\"Menu\";s:7:\"submenu\";a:3:{i:0;r:31;i:1;O:8:\"stdClass\":9:{s:11:\"mysql_table\";s:12:\"website_data\";s:4:\"name\";s:13:\"Dados do Site\";s:4:\"icon\";s:14:\"fa-bar-chart-o\";s:10:\"snippet_id\";s:1:\"0\";s:7:\"menu_id\";s:2:\"22\";s:6:\"active\";s:1:\"1\";s:6:\"method\";s:20:\"listing/website_data\";s:10:\"controller\";s:6:\"screen\";s:5:\"label\";s:13:\"Dados do Site\";}i:2;O:8:\"stdClass\":9:{s:11:\"mysql_table\";s:12:\"website_text\";s:4:\"name\";s:14:\"Textos do site\";s:4:\"icon\";s:14:\"fa-bar-chart-o\";s:10:\"snippet_id\";s:1:\"0\";s:7:\"menu_id\";s:2:\"22\";s:6:\"active\";s:1:\"1\";s:6:\"method\";s:20:\"listing/website_text\";s:10:\"controller\";s:6:\"screen\";s:5:\"label\";s:14:\"Textos do site\";}}}i:4;O:8:\"stdClass\":10:{s:11:\"mysql_table\";s:19:\"portfolio_categoria\";s:4:\"name\";s:10:\"Portfólio\";s:4:\"icon\";s:21:\"fa-star              \";s:10:\"snippet_id\";s:1:\"0\";s:7:\"menu_id\";s:2:\"23\";s:6:\"active\";s:1:\"1\";s:6:\"method\";s:27:\"listing/portfolio_categoria\";s:10:\"controller\";s:6:\"screen\";s:5:\"label\";s:10:\"Categorias\";s:7:\"submenu\";a:3:{i:0;r:63;i:1;O:8:\"stdClass\":9:{s:11:\"mysql_table\";s:9:\"portfolio\";s:4:\"name\";s:10:\"Portfólio\";s:4:\"icon\";s:14:\"fa-bar-chart-o\";s:10:\"snippet_id\";s:1:\"0\";s:7:\"menu_id\";s:2:\"23\";s:6:\"active\";s:1:\"1\";s:6:\"method\";s:17:\"listing/portfolio\";s:10:\"controller\";s:6:\"screen\";s:5:\"label\";s:10:\"Portfólio\";}i:2;O:8:\"stdClass\":9:{s:11:\"mysql_table\";s:15:\"portfolio_video\";s:4:\"name\";s:6:\"Videos\";s:4:\"icon\";s:21:\"fa-star              \";s:10:\"snippet_id\";s:1:\"0\";s:7:\"menu_id\";s:2:\"23\";s:6:\"active\";s:1:\"1\";s:6:\"method\";s:23:\"listing/portfolio_video\";s:10:\"controller\";s:6:\"screen\";s:5:\"label\";s:6:\"Videos\";}}}}}\";}'), ('364a29a45ff4f7e647f1139826ab8810', '127.2.221.1', 'Mozilla/5.0 (Windows NT 6.1; WOW64) AppleWebKit/53', '1429792859', 'a:2:{s:9:\"user_data\";s:0:\"\";s:4:\"user\";s:2674:\"O:8:\"stdClass\":8:{s:7:\"user_id\";s:2:\"10\";s:4:\"name\";s:7:\"Luciano\";s:12:\"company_name\";s:8:\"Kadaicha\";s:10:\"profile_id\";s:8:\"97719874\";s:10:\"company_id\";s:2:\"13\";s:11:\"upload_path\";s:41:\"http://www.kadaicha.com.br/assets/upload/\";s:9:\"developer\";s:1:\"0\";s:7:\"modules\";a:5:{i:0;O:8:\"stdClass\":6:{s:11:\"mysql_table\";s:6:\"banner\";s:4:\"name\";s:7:\"Banners\";s:4:\"icon\";s:21:\"fa-print             \";s:10:\"snippet_id\";s:1:\"0\";s:7:\"menu_id\";N;s:6:\"active\";s:1:\"1\";}i:1;O:8:\"stdClass\":6:{s:11:\"mysql_table\";s:5:\"about\";s:4:\"name\";s:5:\"Sobre\";s:4:\"icon\";s:21:\"fa-heart             \";s:10:\"snippet_id\";s:1:\"0\";s:7:\"menu_id\";N;s:6:\"active\";s:1:\"1\";}i:2;O:8:\"stdClass\":6:{s:11:\"mysql_table\";s:8:\"services\";s:4:\"name\";s:9:\"Serviços\";s:4:\"icon\";s:21:\"fa-bolt              \";s:10:\"snippet_id\";s:1:\"0\";s:7:\"menu_id\";N;s:6:\"active\";s:1:\"1\";}i:3;O:8:\"stdClass\":10:{s:11:\"mysql_table\";s:4:\"menu\";s:4:\"name\";s:10:\"Configurar\";s:4:\"icon\";s:21:\"fa-list              \";s:10:\"snippet_id\";s:1:\"0\";s:7:\"menu_id\";s:2:\"22\";s:6:\"active\";s:1:\"1\";s:6:\"method\";s:12:\"listing/menu\";s:10:\"controller\";s:6:\"screen\";s:5:\"label\";s:4:\"Menu\";s:7:\"submenu\";a:3:{i:0;r:31;i:1;O:8:\"stdClass\":9:{s:11:\"mysql_table\";s:12:\"website_data\";s:4:\"name\";s:13:\"Dados do Site\";s:4:\"icon\";s:14:\"fa-bar-chart-o\";s:10:\"snippet_id\";s:1:\"0\";s:7:\"menu_id\";s:2:\"22\";s:6:\"active\";s:1:\"1\";s:6:\"method\";s:20:\"listing/website_data\";s:10:\"controller\";s:6:\"screen\";s:5:\"label\";s:13:\"Dados do Site\";}i:2;O:8:\"stdClass\":9:{s:11:\"mysql_table\";s:12:\"website_text\";s:4:\"name\";s:14:\"Textos do site\";s:4:\"icon\";s:14:\"fa-bar-chart-o\";s:10:\"snippet_id\";s:1:\"0\";s:7:\"menu_id\";s:2:\"22\";s:6:\"active\";s:1:\"1\";s:6:\"method\";s:20:\"listing/website_text\";s:10:\"controller\";s:6:\"screen\";s:5:\"label\";s:14:\"Textos do site\";}}}i:4;O:8:\"stdClass\":10:{s:11:\"mysql_table\";s:19:\"portfolio_categoria\";s:4:\"name\";s:10:\"Portfólio\";s:4:\"icon\";s:21:\"fa-star              \";s:10:\"snippet_id\";s:1:\"0\";s:7:\"menu_id\";s:2:\"23\";s:6:\"active\";s:1:\"1\";s:6:\"method\";s:27:\"listing/portfolio_categoria\";s:10:\"controller\";s:6:\"screen\";s:5:\"label\";s:10:\"Categorias\";s:7:\"submenu\";a:3:{i:0;r:63;i:1;O:8:\"stdClass\":9:{s:11:\"mysql_table\";s:9:\"portfolio\";s:4:\"name\";s:10:\"Portfólio\";s:4:\"icon\";s:14:\"fa-bar-chart-o\";s:10:\"snippet_id\";s:1:\"0\";s:7:\"menu_id\";s:2:\"23\";s:6:\"active\";s:1:\"1\";s:6:\"method\";s:17:\"listing/portfolio\";s:10:\"controller\";s:6:\"screen\";s:5:\"label\";s:10:\"Portfólio\";}i:2;O:8:\"stdClass\":9:{s:11:\"mysql_table\";s:15:\"portfolio_video\";s:4:\"name\";s:6:\"Videos\";s:4:\"icon\";s:21:\"fa-star              \";s:10:\"snippet_id\";s:1:\"0\";s:7:\"menu_id\";s:2:\"23\";s:6:\"active\";s:1:\"1\";s:6:\"method\";s:23:\"listing/portfolio_video\";s:10:\"controller\";s:6:\"screen\";s:5:\"label\";s:6:\"Videos\";}}}}}\";}'), ('36a82e8bf884054c3afd6c55e6283c98', '127.2.221.1', 'Mozilla/5.0 (Windows NT 6.1; WOW64) AppleWebKit/53', '1429794240', 'a:2:{s:9:\"user_data\";s:0:\"\";s:4:\"user\";s:2674:\"O:8:\"stdClass\":8:{s:7:\"user_id\";s:2:\"10\";s:4:\"name\";s:7:\"Luciano\";s:12:\"company_name\";s:8:\"Kadaicha\";s:10:\"profile_id\";s:8:\"97719874\";s:10:\"company_id\";s:2:\"13\";s:11:\"upload_path\";s:41:\"http://www.kadaicha.com.br/assets/upload/\";s:9:\"developer\";s:1:\"0\";s:7:\"modules\";a:5:{i:0;O:8:\"stdClass\":6:{s:11:\"mysql_table\";s:6:\"banner\";s:4:\"name\";s:7:\"Banners\";s:4:\"icon\";s:21:\"fa-print             \";s:10:\"snippet_id\";s:1:\"0\";s:7:\"menu_id\";N;s:6:\"active\";s:1:\"1\";}i:1;O:8:\"stdClass\":6:{s:11:\"mysql_table\";s:5:\"about\";s:4:\"name\";s:5:\"Sobre\";s:4:\"icon\";s:21:\"fa-heart             \";s:10:\"snippet_id\";s:1:\"0\";s:7:\"menu_id\";N;s:6:\"active\";s:1:\"1\";}i:2;O:8:\"stdClass\":6:{s:11:\"mysql_table\";s:8:\"services\";s:4:\"name\";s:9:\"Serviços\";s:4:\"icon\";s:21:\"fa-bolt              \";s:10:\"snippet_id\";s:1:\"0\";s:7:\"menu_id\";N;s:6:\"active\";s:1:\"1\";}i:3;O:8:\"stdClass\":10:{s:11:\"mysql_table\";s:4:\"menu\";s:4:\"name\";s:10:\"Configurar\";s:4:\"icon\";s:21:\"fa-list              \";s:10:\"snippet_id\";s:1:\"0\";s:7:\"menu_id\";s:2:\"22\";s:6:\"active\";s:1:\"1\";s:6:\"method\";s:12:\"listing/menu\";s:10:\"controller\";s:6:\"screen\";s:5:\"label\";s:4:\"Menu\";s:7:\"submenu\";a:3:{i:0;r:31;i:1;O:8:\"stdClass\":9:{s:11:\"mysql_table\";s:12:\"website_data\";s:4:\"name\";s:13:\"Dados do Site\";s:4:\"icon\";s:14:\"fa-bar-chart-o\";s:10:\"snippet_id\";s:1:\"0\";s:7:\"menu_id\";s:2:\"22\";s:6:\"active\";s:1:\"1\";s:6:\"method\";s:20:\"listing/website_data\";s:10:\"controller\";s:6:\"screen\";s:5:\"label\";s:13:\"Dados do Site\";}i:2;O:8:\"stdClass\":9:{s:11:\"mysql_table\";s:12:\"website_text\";s:4:\"name\";s:14:\"Textos do site\";s:4:\"icon\";s:14:\"fa-bar-chart-o\";s:10:\"snippet_id\";s:1:\"0\";s:7:\"menu_id\";s:2:\"22\";s:6:\"active\";s:1:\"1\";s:6:\"method\";s:20:\"listing/website_text\";s:10:\"controller\";s:6:\"screen\";s:5:\"label\";s:14:\"Textos do site\";}}}i:4;O:8:\"stdClass\":10:{s:11:\"mysql_table\";s:19:\"portfolio_categoria\";s:4:\"name\";s:10:\"Portfólio\";s:4:\"icon\";s:21:\"fa-star              \";s:10:\"snippet_id\";s:1:\"0\";s:7:\"menu_id\";s:2:\"23\";s:6:\"active\";s:1:\"1\";s:6:\"method\";s:27:\"listing/portfolio_categoria\";s:10:\"controller\";s:6:\"screen\";s:5:\"label\";s:10:\"Categorias\";s:7:\"submenu\";a:3:{i:0;r:63;i:1;O:8:\"stdClass\":9:{s:11:\"mysql_table\";s:9:\"portfolio\";s:4:\"name\";s:10:\"Portfólio\";s:4:\"icon\";s:14:\"fa-bar-chart-o\";s:10:\"snippet_id\";s:1:\"0\";s:7:\"menu_id\";s:2:\"23\";s:6:\"active\";s:1:\"1\";s:6:\"method\";s:17:\"listing/portfolio\";s:10:\"controller\";s:6:\"screen\";s:5:\"label\";s:10:\"Portfólio\";}i:2;O:8:\"stdClass\":9:{s:11:\"mysql_table\";s:15:\"portfolio_video\";s:4:\"name\";s:6:\"Videos\";s:4:\"icon\";s:21:\"fa-star              \";s:10:\"snippet_id\";s:1:\"0\";s:7:\"menu_id\";s:2:\"23\";s:6:\"active\";s:1:\"1\";s:6:\"method\";s:23:\"listing/portfolio_video\";s:10:\"controller\";s:6:\"screen\";s:5:\"label\";s:6:\"Videos\";}}}}}\";}'), ('37adf624cdb17cec79d1735af336f09b', '127.2.221.1', 'Mozilla/5.0 (Windows NT 6.1; WOW64) AppleWebKit/53', '1429792752', 'a:2:{s:9:\"user_data\";s:0:\"\";s:4:\"user\";s:2674:\"O:8:\"stdClass\":8:{s:7:\"user_id\";s:2:\"10\";s:4:\"name\";s:7:\"Luciano\";s:12:\"company_name\";s:8:\"Kadaicha\";s:10:\"profile_id\";s:8:\"97719874\";s:10:\"company_id\";s:2:\"13\";s:11:\"upload_path\";s:41:\"http://www.kadaicha.com.br/assets/upload/\";s:9:\"developer\";s:1:\"0\";s:7:\"modules\";a:5:{i:0;O:8:\"stdClass\":6:{s:11:\"mysql_table\";s:6:\"banner\";s:4:\"name\";s:7:\"Banners\";s:4:\"icon\";s:21:\"fa-print             \";s:10:\"snippet_id\";s:1:\"0\";s:7:\"menu_id\";N;s:6:\"active\";s:1:\"1\";}i:1;O:8:\"stdClass\":6:{s:11:\"mysql_table\";s:5:\"about\";s:4:\"name\";s:5:\"Sobre\";s:4:\"icon\";s:21:\"fa-heart             \";s:10:\"snippet_id\";s:1:\"0\";s:7:\"menu_id\";N;s:6:\"active\";s:1:\"1\";}i:2;O:8:\"stdClass\":6:{s:11:\"mysql_table\";s:8:\"services\";s:4:\"name\";s:9:\"Serviços\";s:4:\"icon\";s:21:\"fa-bolt              \";s:10:\"snippet_id\";s:1:\"0\";s:7:\"menu_id\";N;s:6:\"active\";s:1:\"1\";}i:3;O:8:\"stdClass\":10:{s:11:\"mysql_table\";s:4:\"menu\";s:4:\"name\";s:10:\"Configurar\";s:4:\"icon\";s:21:\"fa-list              \";s:10:\"snippet_id\";s:1:\"0\";s:7:\"menu_id\";s:2:\"22\";s:6:\"active\";s:1:\"1\";s:6:\"method\";s:12:\"listing/menu\";s:10:\"controller\";s:6:\"screen\";s:5:\"label\";s:4:\"Menu\";s:7:\"submenu\";a:3:{i:0;r:31;i:1;O:8:\"stdClass\":9:{s:11:\"mysql_table\";s:12:\"website_data\";s:4:\"name\";s:13:\"Dados do Site\";s:4:\"icon\";s:14:\"fa-bar-chart-o\";s:10:\"snippet_id\";s:1:\"0\";s:7:\"menu_id\";s:2:\"22\";s:6:\"active\";s:1:\"1\";s:6:\"method\";s:20:\"listing/website_data\";s:10:\"controller\";s:6:\"screen\";s:5:\"label\";s:13:\"Dados do Site\";}i:2;O:8:\"stdClass\":9:{s:11:\"mysql_table\";s:12:\"website_text\";s:4:\"name\";s:14:\"Textos do site\";s:4:\"icon\";s:14:\"fa-bar-chart-o\";s:10:\"snippet_id\";s:1:\"0\";s:7:\"menu_id\";s:2:\"22\";s:6:\"active\";s:1:\"1\";s:6:\"method\";s:20:\"listing/website_text\";s:10:\"controller\";s:6:\"screen\";s:5:\"label\";s:14:\"Textos do site\";}}}i:4;O:8:\"stdClass\":10:{s:11:\"mysql_table\";s:19:\"portfolio_categoria\";s:4:\"name\";s:10:\"Portfólio\";s:4:\"icon\";s:21:\"fa-star              \";s:10:\"snippet_id\";s:1:\"0\";s:7:\"menu_id\";s:2:\"23\";s:6:\"active\";s:1:\"1\";s:6:\"method\";s:27:\"listing/portfolio_categoria\";s:10:\"controller\";s:6:\"screen\";s:5:\"label\";s:10:\"Categorias\";s:7:\"submenu\";a:3:{i:0;r:63;i:1;O:8:\"stdClass\":9:{s:11:\"mysql_table\";s:9:\"portfolio\";s:4:\"name\";s:10:\"Portfólio\";s:4:\"icon\";s:14:\"fa-bar-chart-o\";s:10:\"snippet_id\";s:1:\"0\";s:7:\"menu_id\";s:2:\"23\";s:6:\"active\";s:1:\"1\";s:6:\"method\";s:17:\"listing/portfolio\";s:10:\"controller\";s:6:\"screen\";s:5:\"label\";s:10:\"Portfólio\";}i:2;O:8:\"stdClass\":9:{s:11:\"mysql_table\";s:15:\"portfolio_video\";s:4:\"name\";s:6:\"Videos\";s:4:\"icon\";s:21:\"fa-star              \";s:10:\"snippet_id\";s:1:\"0\";s:7:\"menu_id\";s:2:\"23\";s:6:\"active\";s:1:\"1\";s:6:\"method\";s:23:\"listing/portfolio_video\";s:10:\"controller\";s:6:\"screen\";s:5:\"label\";s:6:\"Videos\";}}}}}\";}'), ('380152b87dbc7b767283347220710761', '127.2.221.1', 'Mozilla/5.0 (Windows NT 6.1; WOW64) AppleWebKit/53', '1429790398', 'a:3:{s:9:\"user_data\";s:0:\"\";s:7:\"ga_auth\";s:352:\"DQAAAPMAAADSYfVvfKW4MsFlUC82R8yMRSGw0h5gynRC4j7PIyYAM2OdD4Wg7YvJi64736dheF-yaWpTMMJJ08Jl3kEuCZfIlfBhXMTunoV3FfujFMTZm6EQM3WPA8iiRosCrnI77-hH4KoMKZ4L5bQg7nMKVDFxChnN5AoLM8ZUHJwDckjiFMCrYxwCNN44RsHsZ5emv0fmRYQNqHfpIbHfuUZM8tPDk1NdkohT8GlysKDzye9Uu74Foi1a-6ghXLKnzdD6hJrhxSnoOVlDKTzXqBpRYvLx1QZa0xwhzh4fAN-_FQkDM0bNnMLeO4oz456SBZah1_Val3-f-UsPR6ZHPtL3IQDj\";s:4:\"user\";s:2674:\"O:8:\"stdClass\":8:{s:7:\"user_id\";s:2:\"10\";s:4:\"name\";s:7:\"Luciano\";s:12:\"company_name\";s:8:\"Kadaicha\";s:10:\"profile_id\";s:8:\"97719874\";s:10:\"company_id\";s:2:\"13\";s:11:\"upload_path\";s:41:\"http://www.kadaicha.com.br/assets/upload/\";s:9:\"developer\";s:1:\"0\";s:7:\"modules\";a:5:{i:0;O:8:\"stdClass\":6:{s:11:\"mysql_table\";s:6:\"banner\";s:4:\"name\";s:7:\"Banners\";s:4:\"icon\";s:21:\"fa-print             \";s:10:\"snippet_id\";s:1:\"0\";s:7:\"menu_id\";N;s:6:\"active\";s:1:\"1\";}i:1;O:8:\"stdClass\":6:{s:11:\"mysql_table\";s:5:\"about\";s:4:\"name\";s:5:\"Sobre\";s:4:\"icon\";s:21:\"fa-heart             \";s:10:\"snippet_id\";s:1:\"0\";s:7:\"menu_id\";N;s:6:\"active\";s:1:\"1\";}i:2;O:8:\"stdClass\":6:{s:11:\"mysql_table\";s:8:\"services\";s:4:\"name\";s:9:\"Serviços\";s:4:\"icon\";s:21:\"fa-bolt              \";s:10:\"snippet_id\";s:1:\"0\";s:7:\"menu_id\";N;s:6:\"active\";s:1:\"1\";}i:3;O:8:\"stdClass\":10:{s:11:\"mysql_table\";s:4:\"menu\";s:4:\"name\";s:10:\"Configurar\";s:4:\"icon\";s:21:\"fa-list              \";s:10:\"snippet_id\";s:1:\"0\";s:7:\"menu_id\";s:2:\"22\";s:6:\"active\";s:1:\"1\";s:6:\"method\";s:12:\"listing/menu\";s:10:\"controller\";s:6:\"screen\";s:5:\"label\";s:4:\"Menu\";s:7:\"submenu\";a:3:{i:0;r:31;i:1;O:8:\"stdClass\":9:{s:11:\"mysql_table\";s:12:\"website_data\";s:4:\"name\";s:13:\"Dados do Site\";s:4:\"icon\";s:14:\"fa-bar-chart-o\";s:10:\"snippet_id\";s:1:\"0\";s:7:\"menu_id\";s:2:\"22\";s:6:\"active\";s:1:\"1\";s:6:\"method\";s:20:\"listing/website_data\";s:10:\"controller\";s:6:\"screen\";s:5:\"label\";s:13:\"Dados do Site\";}i:2;O:8:\"stdClass\":9:{s:11:\"mysql_table\";s:12:\"website_text\";s:4:\"name\";s:14:\"Textos do site\";s:4:\"icon\";s:14:\"fa-bar-chart-o\";s:10:\"snippet_id\";s:1:\"0\";s:7:\"menu_id\";s:2:\"22\";s:6:\"active\";s:1:\"1\";s:6:\"method\";s:20:\"listing/website_text\";s:10:\"controller\";s:6:\"screen\";s:5:\"label\";s:14:\"Textos do site\";}}}i:4;O:8:\"stdClass\":10:{s:11:\"mysql_table\";s:19:\"portfolio_categoria\";s:4:\"name\";s:10:\"Portfólio\";s:4:\"icon\";s:21:\"fa-star              \";s:10:\"snippet_id\";s:1:\"0\";s:7:\"menu_id\";s:2:\"23\";s:6:\"active\";s:1:\"1\";s:6:\"method\";s:27:\"listing/portfolio_categoria\";s:10:\"controller\";s:6:\"screen\";s:5:\"label\";s:10:\"Categorias\";s:7:\"submenu\";a:3:{i:0;r:63;i:1;O:8:\"stdClass\":9:{s:11:\"mysql_table\";s:9:\"portfolio\";s:4:\"name\";s:10:\"Portfólio\";s:4:\"icon\";s:14:\"fa-bar-chart-o\";s:10:\"snippet_id\";s:1:\"0\";s:7:\"menu_id\";s:2:\"23\";s:6:\"active\";s:1:\"1\";s:6:\"method\";s:17:\"listing/portfolio\";s:10:\"controller\";s:6:\"screen\";s:5:\"label\";s:10:\"Portfólio\";}i:2;O:8:\"stdClass\":9:{s:11:\"mysql_table\";s:15:\"portfolio_video\";s:4:\"name\";s:6:\"Videos\";s:4:\"icon\";s:21:\"fa-star              \";s:10:\"snippet_id\";s:1:\"0\";s:7:\"menu_id\";s:2:\"23\";s:6:\"active\";s:1:\"1\";s:6:\"method\";s:23:\"listing/portfolio_video\";s:10:\"controller\";s:6:\"screen\";s:5:\"label\";s:6:\"Videos\";}}}}}\";}'), ('39405126b1adfb39e59aebee01b6cdeb', '127.2.221.1', 'Mozilla/5.0 (Windows NT 6.1; WOW64) AppleWebKit/53', '1429793307', 'a:2:{s:9:\"user_data\";s:0:\"\";s:4:\"user\";s:2674:\"O:8:\"stdClass\":8:{s:7:\"user_id\";s:2:\"10\";s:4:\"name\";s:7:\"Luciano\";s:12:\"company_name\";s:8:\"Kadaicha\";s:10:\"profile_id\";s:8:\"97719874\";s:10:\"company_id\";s:2:\"13\";s:11:\"upload_path\";s:41:\"http://www.kadaicha.com.br/assets/upload/\";s:9:\"developer\";s:1:\"0\";s:7:\"modules\";a:5:{i:0;O:8:\"stdClass\":6:{s:11:\"mysql_table\";s:6:\"banner\";s:4:\"name\";s:7:\"Banners\";s:4:\"icon\";s:21:\"fa-print             \";s:10:\"snippet_id\";s:1:\"0\";s:7:\"menu_id\";N;s:6:\"active\";s:1:\"1\";}i:1;O:8:\"stdClass\":6:{s:11:\"mysql_table\";s:5:\"about\";s:4:\"name\";s:5:\"Sobre\";s:4:\"icon\";s:21:\"fa-heart             \";s:10:\"snippet_id\";s:1:\"0\";s:7:\"menu_id\";N;s:6:\"active\";s:1:\"1\";}i:2;O:8:\"stdClass\":6:{s:11:\"mysql_table\";s:8:\"services\";s:4:\"name\";s:9:\"Serviços\";s:4:\"icon\";s:21:\"fa-bolt              \";s:10:\"snippet_id\";s:1:\"0\";s:7:\"menu_id\";N;s:6:\"active\";s:1:\"1\";}i:3;O:8:\"stdClass\":10:{s:11:\"mysql_table\";s:4:\"menu\";s:4:\"name\";s:10:\"Configurar\";s:4:\"icon\";s:21:\"fa-list              \";s:10:\"snippet_id\";s:1:\"0\";s:7:\"menu_id\";s:2:\"22\";s:6:\"active\";s:1:\"1\";s:6:\"method\";s:12:\"listing/menu\";s:10:\"controller\";s:6:\"screen\";s:5:\"label\";s:4:\"Menu\";s:7:\"submenu\";a:3:{i:0;r:31;i:1;O:8:\"stdClass\":9:{s:11:\"mysql_table\";s:12:\"website_data\";s:4:\"name\";s:13:\"Dados do Site\";s:4:\"icon\";s:14:\"fa-bar-chart-o\";s:10:\"snippet_id\";s:1:\"0\";s:7:\"menu_id\";s:2:\"22\";s:6:\"active\";s:1:\"1\";s:6:\"method\";s:20:\"listing/website_data\";s:10:\"controller\";s:6:\"screen\";s:5:\"label\";s:13:\"Dados do Site\";}i:2;O:8:\"stdClass\":9:{s:11:\"mysql_table\";s:12:\"website_text\";s:4:\"name\";s:14:\"Textos do site\";s:4:\"icon\";s:14:\"fa-bar-chart-o\";s:10:\"snippet_id\";s:1:\"0\";s:7:\"menu_id\";s:2:\"22\";s:6:\"active\";s:1:\"1\";s:6:\"method\";s:20:\"listing/website_text\";s:10:\"controller\";s:6:\"screen\";s:5:\"label\";s:14:\"Textos do site\";}}}i:4;O:8:\"stdClass\":10:{s:11:\"mysql_table\";s:19:\"portfolio_categoria\";s:4:\"name\";s:10:\"Portfólio\";s:4:\"icon\";s:21:\"fa-star              \";s:10:\"snippet_id\";s:1:\"0\";s:7:\"menu_id\";s:2:\"23\";s:6:\"active\";s:1:\"1\";s:6:\"method\";s:27:\"listing/portfolio_categoria\";s:10:\"controller\";s:6:\"screen\";s:5:\"label\";s:10:\"Categorias\";s:7:\"submenu\";a:3:{i:0;r:63;i:1;O:8:\"stdClass\":9:{s:11:\"mysql_table\";s:9:\"portfolio\";s:4:\"name\";s:10:\"Portfólio\";s:4:\"icon\";s:14:\"fa-bar-chart-o\";s:10:\"snippet_id\";s:1:\"0\";s:7:\"menu_id\";s:2:\"23\";s:6:\"active\";s:1:\"1\";s:6:\"method\";s:17:\"listing/portfolio\";s:10:\"controller\";s:6:\"screen\";s:5:\"label\";s:10:\"Portfólio\";}i:2;O:8:\"stdClass\":9:{s:11:\"mysql_table\";s:15:\"portfolio_video\";s:4:\"name\";s:6:\"Videos\";s:4:\"icon\";s:21:\"fa-star              \";s:10:\"snippet_id\";s:1:\"0\";s:7:\"menu_id\";s:2:\"23\";s:6:\"active\";s:1:\"1\";s:6:\"method\";s:23:\"listing/portfolio_video\";s:10:\"controller\";s:6:\"screen\";s:5:\"label\";s:6:\"Videos\";}}}}}\";}'), ('3a0ec97bf80d6f942491907b031fa848', '127.2.221.1', 'Mozilla/5.0 (Windows NT 6.1; WOW64) AppleWebKit/53', '1429792801', 'a:2:{s:9:\"user_data\";s:0:\"\";s:4:\"user\";s:2674:\"O:8:\"stdClass\":8:{s:7:\"user_id\";s:2:\"10\";s:4:\"name\";s:7:\"Luciano\";s:12:\"company_name\";s:8:\"Kadaicha\";s:10:\"profile_id\";s:8:\"97719874\";s:10:\"company_id\";s:2:\"13\";s:11:\"upload_path\";s:41:\"http://www.kadaicha.com.br/assets/upload/\";s:9:\"developer\";s:1:\"0\";s:7:\"modules\";a:5:{i:0;O:8:\"stdClass\":6:{s:11:\"mysql_table\";s:6:\"banner\";s:4:\"name\";s:7:\"Banners\";s:4:\"icon\";s:21:\"fa-print             \";s:10:\"snippet_id\";s:1:\"0\";s:7:\"menu_id\";N;s:6:\"active\";s:1:\"1\";}i:1;O:8:\"stdClass\":6:{s:11:\"mysql_table\";s:5:\"about\";s:4:\"name\";s:5:\"Sobre\";s:4:\"icon\";s:21:\"fa-heart             \";s:10:\"snippet_id\";s:1:\"0\";s:7:\"menu_id\";N;s:6:\"active\";s:1:\"1\";}i:2;O:8:\"stdClass\":6:{s:11:\"mysql_table\";s:8:\"services\";s:4:\"name\";s:9:\"Serviços\";s:4:\"icon\";s:21:\"fa-bolt              \";s:10:\"snippet_id\";s:1:\"0\";s:7:\"menu_id\";N;s:6:\"active\";s:1:\"1\";}i:3;O:8:\"stdClass\":10:{s:11:\"mysql_table\";s:4:\"menu\";s:4:\"name\";s:10:\"Configurar\";s:4:\"icon\";s:21:\"fa-list              \";s:10:\"snippet_id\";s:1:\"0\";s:7:\"menu_id\";s:2:\"22\";s:6:\"active\";s:1:\"1\";s:6:\"method\";s:12:\"listing/menu\";s:10:\"controller\";s:6:\"screen\";s:5:\"label\";s:4:\"Menu\";s:7:\"submenu\";a:3:{i:0;r:31;i:1;O:8:\"stdClass\":9:{s:11:\"mysql_table\";s:12:\"website_data\";s:4:\"name\";s:13:\"Dados do Site\";s:4:\"icon\";s:14:\"fa-bar-chart-o\";s:10:\"snippet_id\";s:1:\"0\";s:7:\"menu_id\";s:2:\"22\";s:6:\"active\";s:1:\"1\";s:6:\"method\";s:20:\"listing/website_data\";s:10:\"controller\";s:6:\"screen\";s:5:\"label\";s:13:\"Dados do Site\";}i:2;O:8:\"stdClass\":9:{s:11:\"mysql_table\";s:12:\"website_text\";s:4:\"name\";s:14:\"Textos do site\";s:4:\"icon\";s:14:\"fa-bar-chart-o\";s:10:\"snippet_id\";s:1:\"0\";s:7:\"menu_id\";s:2:\"22\";s:6:\"active\";s:1:\"1\";s:6:\"method\";s:20:\"listing/website_text\";s:10:\"controller\";s:6:\"screen\";s:5:\"label\";s:14:\"Textos do site\";}}}i:4;O:8:\"stdClass\":10:{s:11:\"mysql_table\";s:19:\"portfolio_categoria\";s:4:\"name\";s:10:\"Portfólio\";s:4:\"icon\";s:21:\"fa-star              \";s:10:\"snippet_id\";s:1:\"0\";s:7:\"menu_id\";s:2:\"23\";s:6:\"active\";s:1:\"1\";s:6:\"method\";s:27:\"listing/portfolio_categoria\";s:10:\"controller\";s:6:\"screen\";s:5:\"label\";s:10:\"Categorias\";s:7:\"submenu\";a:3:{i:0;r:63;i:1;O:8:\"stdClass\":9:{s:11:\"mysql_table\";s:9:\"portfolio\";s:4:\"name\";s:10:\"Portfólio\";s:4:\"icon\";s:14:\"fa-bar-chart-o\";s:10:\"snippet_id\";s:1:\"0\";s:7:\"menu_id\";s:2:\"23\";s:6:\"active\";s:1:\"1\";s:6:\"method\";s:17:\"listing/portfolio\";s:10:\"controller\";s:6:\"screen\";s:5:\"label\";s:10:\"Portfólio\";}i:2;O:8:\"stdClass\":9:{s:11:\"mysql_table\";s:15:\"portfolio_video\";s:4:\"name\";s:6:\"Videos\";s:4:\"icon\";s:21:\"fa-star              \";s:10:\"snippet_id\";s:1:\"0\";s:7:\"menu_id\";s:2:\"23\";s:6:\"active\";s:1:\"1\";s:6:\"method\";s:23:\"listing/portfolio_video\";s:10:\"controller\";s:6:\"screen\";s:5:\"label\";s:6:\"Videos\";}}}}}\";}'), ('3d9d2d1a515ad9157fefcceb4957574d', '127.2.221.1', 'Mozilla/5.0 (Windows NT 6.1; WOW64) AppleWebKit/53', '1429792903', 'a:2:{s:9:\"user_data\";s:0:\"\";s:17:\"flash:new:message\";a:2:{s:7:\"message\";s:19:\"Editado com sucesso\";s:4:\"type\";s:7:\"success\";}}'), ('3e7eef58a7e727836ed99ff63d0d12f9', '127.2.221.1', 'Mozilla/5.0 (Windows NT 6.1; WOW64) AppleWebKit/53', '1429792860', 'a:2:{s:9:\"user_data\";s:0:\"\";s:4:\"user\";s:2674:\"O:8:\"stdClass\":8:{s:7:\"user_id\";s:2:\"10\";s:4:\"name\";s:7:\"Luciano\";s:12:\"company_name\";s:8:\"Kadaicha\";s:10:\"profile_id\";s:8:\"97719874\";s:10:\"company_id\";s:2:\"13\";s:11:\"upload_path\";s:41:\"http://www.kadaicha.com.br/assets/upload/\";s:9:\"developer\";s:1:\"0\";s:7:\"modules\";a:5:{i:0;O:8:\"stdClass\":6:{s:11:\"mysql_table\";s:6:\"banner\";s:4:\"name\";s:7:\"Banners\";s:4:\"icon\";s:21:\"fa-print             \";s:10:\"snippet_id\";s:1:\"0\";s:7:\"menu_id\";N;s:6:\"active\";s:1:\"1\";}i:1;O:8:\"stdClass\":6:{s:11:\"mysql_table\";s:5:\"about\";s:4:\"name\";s:5:\"Sobre\";s:4:\"icon\";s:21:\"fa-heart             \";s:10:\"snippet_id\";s:1:\"0\";s:7:\"menu_id\";N;s:6:\"active\";s:1:\"1\";}i:2;O:8:\"stdClass\":6:{s:11:\"mysql_table\";s:8:\"services\";s:4:\"name\";s:9:\"Serviços\";s:4:\"icon\";s:21:\"fa-bolt              \";s:10:\"snippet_id\";s:1:\"0\";s:7:\"menu_id\";N;s:6:\"active\";s:1:\"1\";}i:3;O:8:\"stdClass\":10:{s:11:\"mysql_table\";s:4:\"menu\";s:4:\"name\";s:10:\"Configurar\";s:4:\"icon\";s:21:\"fa-list              \";s:10:\"snippet_id\";s:1:\"0\";s:7:\"menu_id\";s:2:\"22\";s:6:\"active\";s:1:\"1\";s:6:\"method\";s:12:\"listing/menu\";s:10:\"controller\";s:6:\"screen\";s:5:\"label\";s:4:\"Menu\";s:7:\"submenu\";a:3:{i:0;r:31;i:1;O:8:\"stdClass\":9:{s:11:\"mysql_table\";s:12:\"website_data\";s:4:\"name\";s:13:\"Dados do Site\";s:4:\"icon\";s:14:\"fa-bar-chart-o\";s:10:\"snippet_id\";s:1:\"0\";s:7:\"menu_id\";s:2:\"22\";s:6:\"active\";s:1:\"1\";s:6:\"method\";s:20:\"listing/website_data\";s:10:\"controller\";s:6:\"screen\";s:5:\"label\";s:13:\"Dados do Site\";}i:2;O:8:\"stdClass\":9:{s:11:\"mysql_table\";s:12:\"website_text\";s:4:\"name\";s:14:\"Textos do site\";s:4:\"icon\";s:14:\"fa-bar-chart-o\";s:10:\"snippet_id\";s:1:\"0\";s:7:\"menu_id\";s:2:\"22\";s:6:\"active\";s:1:\"1\";s:6:\"method\";s:20:\"listing/website_text\";s:10:\"controller\";s:6:\"screen\";s:5:\"label\";s:14:\"Textos do site\";}}}i:4;O:8:\"stdClass\":10:{s:11:\"mysql_table\";s:19:\"portfolio_categoria\";s:4:\"name\";s:10:\"Portfólio\";s:4:\"icon\";s:21:\"fa-star              \";s:10:\"snippet_id\";s:1:\"0\";s:7:\"menu_id\";s:2:\"23\";s:6:\"active\";s:1:\"1\";s:6:\"method\";s:27:\"listing/portfolio_categoria\";s:10:\"controller\";s:6:\"screen\";s:5:\"label\";s:10:\"Categorias\";s:7:\"submenu\";a:3:{i:0;r:63;i:1;O:8:\"stdClass\":9:{s:11:\"mysql_table\";s:9:\"portfolio\";s:4:\"name\";s:10:\"Portfólio\";s:4:\"icon\";s:14:\"fa-bar-chart-o\";s:10:\"snippet_id\";s:1:\"0\";s:7:\"menu_id\";s:2:\"23\";s:6:\"active\";s:1:\"1\";s:6:\"method\";s:17:\"listing/portfolio\";s:10:\"controller\";s:6:\"screen\";s:5:\"label\";s:10:\"Portfólio\";}i:2;O:8:\"stdClass\":9:{s:11:\"mysql_table\";s:15:\"portfolio_video\";s:4:\"name\";s:6:\"Videos\";s:4:\"icon\";s:21:\"fa-star              \";s:10:\"snippet_id\";s:1:\"0\";s:7:\"menu_id\";s:2:\"23\";s:6:\"active\";s:1:\"1\";s:6:\"method\";s:23:\"listing/portfolio_video\";s:10:\"controller\";s:6:\"screen\";s:5:\"label\";s:6:\"Videos\";}}}}}\";}'), ('40c319c2e7ed47bfc86766d8cb234794', '127.2.221.1', 'Mozilla/5.0 (Windows NT 6.1; WOW64) AppleWebKit/53', '1429794186', 'a:2:{s:9:\"user_data\";s:0:\"\";s:4:\"user\";s:2674:\"O:8:\"stdClass\":8:{s:7:\"user_id\";s:2:\"10\";s:4:\"name\";s:7:\"Luciano\";s:12:\"company_name\";s:8:\"Kadaicha\";s:10:\"profile_id\";s:8:\"97719874\";s:10:\"company_id\";s:2:\"13\";s:11:\"upload_path\";s:41:\"http://www.kadaicha.com.br/assets/upload/\";s:9:\"developer\";s:1:\"0\";s:7:\"modules\";a:5:{i:0;O:8:\"stdClass\":6:{s:11:\"mysql_table\";s:6:\"banner\";s:4:\"name\";s:7:\"Banners\";s:4:\"icon\";s:21:\"fa-print             \";s:10:\"snippet_id\";s:1:\"0\";s:7:\"menu_id\";N;s:6:\"active\";s:1:\"1\";}i:1;O:8:\"stdClass\":6:{s:11:\"mysql_table\";s:5:\"about\";s:4:\"name\";s:5:\"Sobre\";s:4:\"icon\";s:21:\"fa-heart             \";s:10:\"snippet_id\";s:1:\"0\";s:7:\"menu_id\";N;s:6:\"active\";s:1:\"1\";}i:2;O:8:\"stdClass\":6:{s:11:\"mysql_table\";s:8:\"services\";s:4:\"name\";s:9:\"Serviços\";s:4:\"icon\";s:21:\"fa-bolt              \";s:10:\"snippet_id\";s:1:\"0\";s:7:\"menu_id\";N;s:6:\"active\";s:1:\"1\";}i:3;O:8:\"stdClass\":10:{s:11:\"mysql_table\";s:4:\"menu\";s:4:\"name\";s:10:\"Configurar\";s:4:\"icon\";s:21:\"fa-list              \";s:10:\"snippet_id\";s:1:\"0\";s:7:\"menu_id\";s:2:\"22\";s:6:\"active\";s:1:\"1\";s:6:\"method\";s:12:\"listing/menu\";s:10:\"controller\";s:6:\"screen\";s:5:\"label\";s:4:\"Menu\";s:7:\"submenu\";a:3:{i:0;r:31;i:1;O:8:\"stdClass\":9:{s:11:\"mysql_table\";s:12:\"website_data\";s:4:\"name\";s:13:\"Dados do Site\";s:4:\"icon\";s:14:\"fa-bar-chart-o\";s:10:\"snippet_id\";s:1:\"0\";s:7:\"menu_id\";s:2:\"22\";s:6:\"active\";s:1:\"1\";s:6:\"method\";s:20:\"listing/website_data\";s:10:\"controller\";s:6:\"screen\";s:5:\"label\";s:13:\"Dados do Site\";}i:2;O:8:\"stdClass\":9:{s:11:\"mysql_table\";s:12:\"website_text\";s:4:\"name\";s:14:\"Textos do site\";s:4:\"icon\";s:14:\"fa-bar-chart-o\";s:10:\"snippet_id\";s:1:\"0\";s:7:\"menu_id\";s:2:\"22\";s:6:\"active\";s:1:\"1\";s:6:\"method\";s:20:\"listing/website_text\";s:10:\"controller\";s:6:\"screen\";s:5:\"label\";s:14:\"Textos do site\";}}}i:4;O:8:\"stdClass\":10:{s:11:\"mysql_table\";s:19:\"portfolio_categoria\";s:4:\"name\";s:10:\"Portfólio\";s:4:\"icon\";s:21:\"fa-star              \";s:10:\"snippet_id\";s:1:\"0\";s:7:\"menu_id\";s:2:\"23\";s:6:\"active\";s:1:\"1\";s:6:\"method\";s:27:\"listing/portfolio_categoria\";s:10:\"controller\";s:6:\"screen\";s:5:\"label\";s:10:\"Categorias\";s:7:\"submenu\";a:3:{i:0;r:63;i:1;O:8:\"stdClass\":9:{s:11:\"mysql_table\";s:9:\"portfolio\";s:4:\"name\";s:10:\"Portfólio\";s:4:\"icon\";s:14:\"fa-bar-chart-o\";s:10:\"snippet_id\";s:1:\"0\";s:7:\"menu_id\";s:2:\"23\";s:6:\"active\";s:1:\"1\";s:6:\"method\";s:17:\"listing/portfolio\";s:10:\"controller\";s:6:\"screen\";s:5:\"label\";s:10:\"Portfólio\";}i:2;O:8:\"stdClass\":9:{s:11:\"mysql_table\";s:15:\"portfolio_video\";s:4:\"name\";s:6:\"Videos\";s:4:\"icon\";s:21:\"fa-star              \";s:10:\"snippet_id\";s:1:\"0\";s:7:\"menu_id\";s:2:\"23\";s:6:\"active\";s:1:\"1\";s:6:\"method\";s:23:\"listing/portfolio_video\";s:10:\"controller\";s:6:\"screen\";s:5:\"label\";s:6:\"Videos\";}}}}}\";}'), ('412aaeacdfd74d7f7892e772224496e1', '127.2.221.1', 'Mozilla/5.0 (Windows NT 6.1; WOW64) AppleWebKit/53', '1429792748', 'a:2:{s:9:\"user_data\";s:0:\"\";s:4:\"user\";s:2674:\"O:8:\"stdClass\":8:{s:7:\"user_id\";s:2:\"10\";s:4:\"name\";s:7:\"Luciano\";s:12:\"company_name\";s:8:\"Kadaicha\";s:10:\"profile_id\";s:8:\"97719874\";s:10:\"company_id\";s:2:\"13\";s:11:\"upload_path\";s:41:\"http://www.kadaicha.com.br/assets/upload/\";s:9:\"developer\";s:1:\"0\";s:7:\"modules\";a:5:{i:0;O:8:\"stdClass\":6:{s:11:\"mysql_table\";s:6:\"banner\";s:4:\"name\";s:7:\"Banners\";s:4:\"icon\";s:21:\"fa-print             \";s:10:\"snippet_id\";s:1:\"0\";s:7:\"menu_id\";N;s:6:\"active\";s:1:\"1\";}i:1;O:8:\"stdClass\":6:{s:11:\"mysql_table\";s:5:\"about\";s:4:\"name\";s:5:\"Sobre\";s:4:\"icon\";s:21:\"fa-heart             \";s:10:\"snippet_id\";s:1:\"0\";s:7:\"menu_id\";N;s:6:\"active\";s:1:\"1\";}i:2;O:8:\"stdClass\":6:{s:11:\"mysql_table\";s:8:\"services\";s:4:\"name\";s:9:\"Serviços\";s:4:\"icon\";s:21:\"fa-bolt              \";s:10:\"snippet_id\";s:1:\"0\";s:7:\"menu_id\";N;s:6:\"active\";s:1:\"1\";}i:3;O:8:\"stdClass\":10:{s:11:\"mysql_table\";s:4:\"menu\";s:4:\"name\";s:10:\"Configurar\";s:4:\"icon\";s:21:\"fa-list              \";s:10:\"snippet_id\";s:1:\"0\";s:7:\"menu_id\";s:2:\"22\";s:6:\"active\";s:1:\"1\";s:6:\"method\";s:12:\"listing/menu\";s:10:\"controller\";s:6:\"screen\";s:5:\"label\";s:4:\"Menu\";s:7:\"submenu\";a:3:{i:0;r:31;i:1;O:8:\"stdClass\":9:{s:11:\"mysql_table\";s:12:\"website_data\";s:4:\"name\";s:13:\"Dados do Site\";s:4:\"icon\";s:14:\"fa-bar-chart-o\";s:10:\"snippet_id\";s:1:\"0\";s:7:\"menu_id\";s:2:\"22\";s:6:\"active\";s:1:\"1\";s:6:\"method\";s:20:\"listing/website_data\";s:10:\"controller\";s:6:\"screen\";s:5:\"label\";s:13:\"Dados do Site\";}i:2;O:8:\"stdClass\":9:{s:11:\"mysql_table\";s:12:\"website_text\";s:4:\"name\";s:14:\"Textos do site\";s:4:\"icon\";s:14:\"fa-bar-chart-o\";s:10:\"snippet_id\";s:1:\"0\";s:7:\"menu_id\";s:2:\"22\";s:6:\"active\";s:1:\"1\";s:6:\"method\";s:20:\"listing/website_text\";s:10:\"controller\";s:6:\"screen\";s:5:\"label\";s:14:\"Textos do site\";}}}i:4;O:8:\"stdClass\":10:{s:11:\"mysql_table\";s:19:\"portfolio_categoria\";s:4:\"name\";s:10:\"Portfólio\";s:4:\"icon\";s:21:\"fa-star              \";s:10:\"snippet_id\";s:1:\"0\";s:7:\"menu_id\";s:2:\"23\";s:6:\"active\";s:1:\"1\";s:6:\"method\";s:27:\"listing/portfolio_categoria\";s:10:\"controller\";s:6:\"screen\";s:5:\"label\";s:10:\"Categorias\";s:7:\"submenu\";a:3:{i:0;r:63;i:1;O:8:\"stdClass\":9:{s:11:\"mysql_table\";s:9:\"portfolio\";s:4:\"name\";s:10:\"Portfólio\";s:4:\"icon\";s:14:\"fa-bar-chart-o\";s:10:\"snippet_id\";s:1:\"0\";s:7:\"menu_id\";s:2:\"23\";s:6:\"active\";s:1:\"1\";s:6:\"method\";s:17:\"listing/portfolio\";s:10:\"controller\";s:6:\"screen\";s:5:\"label\";s:10:\"Portfólio\";}i:2;O:8:\"stdClass\":9:{s:11:\"mysql_table\";s:15:\"portfolio_video\";s:4:\"name\";s:6:\"Videos\";s:4:\"icon\";s:21:\"fa-star              \";s:10:\"snippet_id\";s:1:\"0\";s:7:\"menu_id\";s:2:\"23\";s:6:\"active\";s:1:\"1\";s:6:\"method\";s:23:\"listing/portfolio_video\";s:10:\"controller\";s:6:\"screen\";s:5:\"label\";s:6:\"Videos\";}}}}}\";}'), ('4388946116c31bf1293a886446509ef1', '127.2.221.1', 'Mozilla/5.0 (Windows NT 6.1; WOW64) AppleWebKit/53', '1429793388', 'a:2:{s:9:\"user_data\";s:0:\"\";s:4:\"user\";s:2674:\"O:8:\"stdClass\":8:{s:7:\"user_id\";s:2:\"10\";s:4:\"name\";s:7:\"Luciano\";s:12:\"company_name\";s:8:\"Kadaicha\";s:10:\"profile_id\";s:8:\"97719874\";s:10:\"company_id\";s:2:\"13\";s:11:\"upload_path\";s:41:\"http://www.kadaicha.com.br/assets/upload/\";s:9:\"developer\";s:1:\"0\";s:7:\"modules\";a:5:{i:0;O:8:\"stdClass\":6:{s:11:\"mysql_table\";s:6:\"banner\";s:4:\"name\";s:7:\"Banners\";s:4:\"icon\";s:21:\"fa-print             \";s:10:\"snippet_id\";s:1:\"0\";s:7:\"menu_id\";N;s:6:\"active\";s:1:\"1\";}i:1;O:8:\"stdClass\":6:{s:11:\"mysql_table\";s:5:\"about\";s:4:\"name\";s:5:\"Sobre\";s:4:\"icon\";s:21:\"fa-heart             \";s:10:\"snippet_id\";s:1:\"0\";s:7:\"menu_id\";N;s:6:\"active\";s:1:\"1\";}i:2;O:8:\"stdClass\":6:{s:11:\"mysql_table\";s:8:\"services\";s:4:\"name\";s:9:\"Serviços\";s:4:\"icon\";s:21:\"fa-bolt              \";s:10:\"snippet_id\";s:1:\"0\";s:7:\"menu_id\";N;s:6:\"active\";s:1:\"1\";}i:3;O:8:\"stdClass\":10:{s:11:\"mysql_table\";s:4:\"menu\";s:4:\"name\";s:10:\"Configurar\";s:4:\"icon\";s:21:\"fa-list              \";s:10:\"snippet_id\";s:1:\"0\";s:7:\"menu_id\";s:2:\"22\";s:6:\"active\";s:1:\"1\";s:6:\"method\";s:12:\"listing/menu\";s:10:\"controller\";s:6:\"screen\";s:5:\"label\";s:4:\"Menu\";s:7:\"submenu\";a:3:{i:0;r:31;i:1;O:8:\"stdClass\":9:{s:11:\"mysql_table\";s:12:\"website_data\";s:4:\"name\";s:13:\"Dados do Site\";s:4:\"icon\";s:14:\"fa-bar-chart-o\";s:10:\"snippet_id\";s:1:\"0\";s:7:\"menu_id\";s:2:\"22\";s:6:\"active\";s:1:\"1\";s:6:\"method\";s:20:\"listing/website_data\";s:10:\"controller\";s:6:\"screen\";s:5:\"label\";s:13:\"Dados do Site\";}i:2;O:8:\"stdClass\":9:{s:11:\"mysql_table\";s:12:\"website_text\";s:4:\"name\";s:14:\"Textos do site\";s:4:\"icon\";s:14:\"fa-bar-chart-o\";s:10:\"snippet_id\";s:1:\"0\";s:7:\"menu_id\";s:2:\"22\";s:6:\"active\";s:1:\"1\";s:6:\"method\";s:20:\"listing/website_text\";s:10:\"controller\";s:6:\"screen\";s:5:\"label\";s:14:\"Textos do site\";}}}i:4;O:8:\"stdClass\":10:{s:11:\"mysql_table\";s:19:\"portfolio_categoria\";s:4:\"name\";s:10:\"Portfólio\";s:4:\"icon\";s:21:\"fa-star              \";s:10:\"snippet_id\";s:1:\"0\";s:7:\"menu_id\";s:2:\"23\";s:6:\"active\";s:1:\"1\";s:6:\"method\";s:27:\"listing/portfolio_categoria\";s:10:\"controller\";s:6:\"screen\";s:5:\"label\";s:10:\"Categorias\";s:7:\"submenu\";a:3:{i:0;r:63;i:1;O:8:\"stdClass\":9:{s:11:\"mysql_table\";s:9:\"portfolio\";s:4:\"name\";s:10:\"Portfólio\";s:4:\"icon\";s:14:\"fa-bar-chart-o\";s:10:\"snippet_id\";s:1:\"0\";s:7:\"menu_id\";s:2:\"23\";s:6:\"active\";s:1:\"1\";s:6:\"method\";s:17:\"listing/portfolio\";s:10:\"controller\";s:6:\"screen\";s:5:\"label\";s:10:\"Portfólio\";}i:2;O:8:\"stdClass\":9:{s:11:\"mysql_table\";s:15:\"portfolio_video\";s:4:\"name\";s:6:\"Videos\";s:4:\"icon\";s:21:\"fa-star              \";s:10:\"snippet_id\";s:1:\"0\";s:7:\"menu_id\";s:2:\"23\";s:6:\"active\";s:1:\"1\";s:6:\"method\";s:23:\"listing/portfolio_video\";s:10:\"controller\";s:6:\"screen\";s:5:\"label\";s:6:\"Videos\";}}}}}\";}'), ('4a9e5fa533bb0894c9ce85c243367996', '127.2.221.1', 'Mozilla/5.0 (Windows NT 6.1; WOW64) AppleWebKit/53', '1429790386', ''), ('51749fb3d75af23c636910c0d5fbefce', '127.2.221.1', 'Mozilla/5.0 (Windows NT 6.1; WOW64) AppleWebKit/53', '1429793320', 'a:2:{s:9:\"user_data\";s:0:\"\";s:4:\"user\";s:2674:\"O:8:\"stdClass\":8:{s:7:\"user_id\";s:2:\"10\";s:4:\"name\";s:7:\"Luciano\";s:12:\"company_name\";s:8:\"Kadaicha\";s:10:\"profile_id\";s:8:\"97719874\";s:10:\"company_id\";s:2:\"13\";s:11:\"upload_path\";s:41:\"http://www.kadaicha.com.br/assets/upload/\";s:9:\"developer\";s:1:\"0\";s:7:\"modules\";a:5:{i:0;O:8:\"stdClass\":6:{s:11:\"mysql_table\";s:6:\"banner\";s:4:\"name\";s:7:\"Banners\";s:4:\"icon\";s:21:\"fa-print             \";s:10:\"snippet_id\";s:1:\"0\";s:7:\"menu_id\";N;s:6:\"active\";s:1:\"1\";}i:1;O:8:\"stdClass\":6:{s:11:\"mysql_table\";s:5:\"about\";s:4:\"name\";s:5:\"Sobre\";s:4:\"icon\";s:21:\"fa-heart             \";s:10:\"snippet_id\";s:1:\"0\";s:7:\"menu_id\";N;s:6:\"active\";s:1:\"1\";}i:2;O:8:\"stdClass\":6:{s:11:\"mysql_table\";s:8:\"services\";s:4:\"name\";s:9:\"Serviços\";s:4:\"icon\";s:21:\"fa-bolt              \";s:10:\"snippet_id\";s:1:\"0\";s:7:\"menu_id\";N;s:6:\"active\";s:1:\"1\";}i:3;O:8:\"stdClass\":10:{s:11:\"mysql_table\";s:4:\"menu\";s:4:\"name\";s:10:\"Configurar\";s:4:\"icon\";s:21:\"fa-list              \";s:10:\"snippet_id\";s:1:\"0\";s:7:\"menu_id\";s:2:\"22\";s:6:\"active\";s:1:\"1\";s:6:\"method\";s:12:\"listing/menu\";s:10:\"controller\";s:6:\"screen\";s:5:\"label\";s:4:\"Menu\";s:7:\"submenu\";a:3:{i:0;r:31;i:1;O:8:\"stdClass\":9:{s:11:\"mysql_table\";s:12:\"website_data\";s:4:\"name\";s:13:\"Dados do Site\";s:4:\"icon\";s:14:\"fa-bar-chart-o\";s:10:\"snippet_id\";s:1:\"0\";s:7:\"menu_id\";s:2:\"22\";s:6:\"active\";s:1:\"1\";s:6:\"method\";s:20:\"listing/website_data\";s:10:\"controller\";s:6:\"screen\";s:5:\"label\";s:13:\"Dados do Site\";}i:2;O:8:\"stdClass\":9:{s:11:\"mysql_table\";s:12:\"website_text\";s:4:\"name\";s:14:\"Textos do site\";s:4:\"icon\";s:14:\"fa-bar-chart-o\";s:10:\"snippet_id\";s:1:\"0\";s:7:\"menu_id\";s:2:\"22\";s:6:\"active\";s:1:\"1\";s:6:\"method\";s:20:\"listing/website_text\";s:10:\"controller\";s:6:\"screen\";s:5:\"label\";s:14:\"Textos do site\";}}}i:4;O:8:\"stdClass\":10:{s:11:\"mysql_table\";s:19:\"portfolio_categoria\";s:4:\"name\";s:10:\"Portfólio\";s:4:\"icon\";s:21:\"fa-star              \";s:10:\"snippet_id\";s:1:\"0\";s:7:\"menu_id\";s:2:\"23\";s:6:\"active\";s:1:\"1\";s:6:\"method\";s:27:\"listing/portfolio_categoria\";s:10:\"controller\";s:6:\"screen\";s:5:\"label\";s:10:\"Categorias\";s:7:\"submenu\";a:3:{i:0;r:63;i:1;O:8:\"stdClass\":9:{s:11:\"mysql_table\";s:9:\"portfolio\";s:4:\"name\";s:10:\"Portfólio\";s:4:\"icon\";s:14:\"fa-bar-chart-o\";s:10:\"snippet_id\";s:1:\"0\";s:7:\"menu_id\";s:2:\"23\";s:6:\"active\";s:1:\"1\";s:6:\"method\";s:17:\"listing/portfolio\";s:10:\"controller\";s:6:\"screen\";s:5:\"label\";s:10:\"Portfólio\";}i:2;O:8:\"stdClass\":9:{s:11:\"mysql_table\";s:15:\"portfolio_video\";s:4:\"name\";s:6:\"Videos\";s:4:\"icon\";s:21:\"fa-star              \";s:10:\"snippet_id\";s:1:\"0\";s:7:\"menu_id\";s:2:\"23\";s:6:\"active\";s:1:\"1\";s:6:\"method\";s:23:\"listing/portfolio_video\";s:10:\"controller\";s:6:\"screen\";s:5:\"label\";s:6:\"Videos\";}}}}}\";}'), ('53e1b3083c31da79a57c08294d251a69', '127.2.221.1', 'Mozilla/5.0 (Windows NT 6.1; WOW64) AppleWebKit/53', '1429793022', 'a:2:{s:9:\"user_data\";s:0:\"\";s:4:\"user\";s:2674:\"O:8:\"stdClass\":8:{s:7:\"user_id\";s:2:\"10\";s:4:\"name\";s:7:\"Luciano\";s:12:\"company_name\";s:8:\"Kadaicha\";s:10:\"profile_id\";s:8:\"97719874\";s:10:\"company_id\";s:2:\"13\";s:11:\"upload_path\";s:41:\"http://www.kadaicha.com.br/assets/upload/\";s:9:\"developer\";s:1:\"0\";s:7:\"modules\";a:5:{i:0;O:8:\"stdClass\":6:{s:11:\"mysql_table\";s:6:\"banner\";s:4:\"name\";s:7:\"Banners\";s:4:\"icon\";s:21:\"fa-print             \";s:10:\"snippet_id\";s:1:\"0\";s:7:\"menu_id\";N;s:6:\"active\";s:1:\"1\";}i:1;O:8:\"stdClass\":6:{s:11:\"mysql_table\";s:5:\"about\";s:4:\"name\";s:5:\"Sobre\";s:4:\"icon\";s:21:\"fa-heart             \";s:10:\"snippet_id\";s:1:\"0\";s:7:\"menu_id\";N;s:6:\"active\";s:1:\"1\";}i:2;O:8:\"stdClass\":6:{s:11:\"mysql_table\";s:8:\"services\";s:4:\"name\";s:9:\"Serviços\";s:4:\"icon\";s:21:\"fa-bolt              \";s:10:\"snippet_id\";s:1:\"0\";s:7:\"menu_id\";N;s:6:\"active\";s:1:\"1\";}i:3;O:8:\"stdClass\":10:{s:11:\"mysql_table\";s:4:\"menu\";s:4:\"name\";s:10:\"Configurar\";s:4:\"icon\";s:21:\"fa-list              \";s:10:\"snippet_id\";s:1:\"0\";s:7:\"menu_id\";s:2:\"22\";s:6:\"active\";s:1:\"1\";s:6:\"method\";s:12:\"listing/menu\";s:10:\"controller\";s:6:\"screen\";s:5:\"label\";s:4:\"Menu\";s:7:\"submenu\";a:3:{i:0;r:31;i:1;O:8:\"stdClass\":9:{s:11:\"mysql_table\";s:12:\"website_data\";s:4:\"name\";s:13:\"Dados do Site\";s:4:\"icon\";s:14:\"fa-bar-chart-o\";s:10:\"snippet_id\";s:1:\"0\";s:7:\"menu_id\";s:2:\"22\";s:6:\"active\";s:1:\"1\";s:6:\"method\";s:20:\"listing/website_data\";s:10:\"controller\";s:6:\"screen\";s:5:\"label\";s:13:\"Dados do Site\";}i:2;O:8:\"stdClass\":9:{s:11:\"mysql_table\";s:12:\"website_text\";s:4:\"name\";s:14:\"Textos do site\";s:4:\"icon\";s:14:\"fa-bar-chart-o\";s:10:\"snippet_id\";s:1:\"0\";s:7:\"menu_id\";s:2:\"22\";s:6:\"active\";s:1:\"1\";s:6:\"method\";s:20:\"listing/website_text\";s:10:\"controller\";s:6:\"screen\";s:5:\"label\";s:14:\"Textos do site\";}}}i:4;O:8:\"stdClass\":10:{s:11:\"mysql_table\";s:19:\"portfolio_categoria\";s:4:\"name\";s:10:\"Portfólio\";s:4:\"icon\";s:21:\"fa-star              \";s:10:\"snippet_id\";s:1:\"0\";s:7:\"menu_id\";s:2:\"23\";s:6:\"active\";s:1:\"1\";s:6:\"method\";s:27:\"listing/portfolio_categoria\";s:10:\"controller\";s:6:\"screen\";s:5:\"label\";s:10:\"Categorias\";s:7:\"submenu\";a:3:{i:0;r:63;i:1;O:8:\"stdClass\":9:{s:11:\"mysql_table\";s:9:\"portfolio\";s:4:\"name\";s:10:\"Portfólio\";s:4:\"icon\";s:14:\"fa-bar-chart-o\";s:10:\"snippet_id\";s:1:\"0\";s:7:\"menu_id\";s:2:\"23\";s:6:\"active\";s:1:\"1\";s:6:\"method\";s:17:\"listing/portfolio\";s:10:\"controller\";s:6:\"screen\";s:5:\"label\";s:10:\"Portfólio\";}i:2;O:8:\"stdClass\":9:{s:11:\"mysql_table\";s:15:\"portfolio_video\";s:4:\"name\";s:6:\"Videos\";s:4:\"icon\";s:21:\"fa-star              \";s:10:\"snippet_id\";s:1:\"0\";s:7:\"menu_id\";s:2:\"23\";s:6:\"active\";s:1:\"1\";s:6:\"method\";s:23:\"listing/portfolio_video\";s:10:\"controller\";s:6:\"screen\";s:5:\"label\";s:6:\"Videos\";}}}}}\";}'), ('54baa069da6665a3226576eb3c998d87', '127.2.221.1', 'Mozilla/5.0 (Windows NT 6.1; WOW64) AppleWebKit/53', '1429793370', 'a:2:{s:9:\"user_data\";s:0:\"\";s:4:\"user\";s:2674:\"O:8:\"stdClass\":8:{s:7:\"user_id\";s:2:\"10\";s:4:\"name\";s:7:\"Luciano\";s:12:\"company_name\";s:8:\"Kadaicha\";s:10:\"profile_id\";s:8:\"97719874\";s:10:\"company_id\";s:2:\"13\";s:11:\"upload_path\";s:41:\"http://www.kadaicha.com.br/assets/upload/\";s:9:\"developer\";s:1:\"0\";s:7:\"modules\";a:5:{i:0;O:8:\"stdClass\":6:{s:11:\"mysql_table\";s:6:\"banner\";s:4:\"name\";s:7:\"Banners\";s:4:\"icon\";s:21:\"fa-print             \";s:10:\"snippet_id\";s:1:\"0\";s:7:\"menu_id\";N;s:6:\"active\";s:1:\"1\";}i:1;O:8:\"stdClass\":6:{s:11:\"mysql_table\";s:5:\"about\";s:4:\"name\";s:5:\"Sobre\";s:4:\"icon\";s:21:\"fa-heart             \";s:10:\"snippet_id\";s:1:\"0\";s:7:\"menu_id\";N;s:6:\"active\";s:1:\"1\";}i:2;O:8:\"stdClass\":6:{s:11:\"mysql_table\";s:8:\"services\";s:4:\"name\";s:9:\"Serviços\";s:4:\"icon\";s:21:\"fa-bolt              \";s:10:\"snippet_id\";s:1:\"0\";s:7:\"menu_id\";N;s:6:\"active\";s:1:\"1\";}i:3;O:8:\"stdClass\":10:{s:11:\"mysql_table\";s:4:\"menu\";s:4:\"name\";s:10:\"Configurar\";s:4:\"icon\";s:21:\"fa-list              \";s:10:\"snippet_id\";s:1:\"0\";s:7:\"menu_id\";s:2:\"22\";s:6:\"active\";s:1:\"1\";s:6:\"method\";s:12:\"listing/menu\";s:10:\"controller\";s:6:\"screen\";s:5:\"label\";s:4:\"Menu\";s:7:\"submenu\";a:3:{i:0;r:31;i:1;O:8:\"stdClass\":9:{s:11:\"mysql_table\";s:12:\"website_data\";s:4:\"name\";s:13:\"Dados do Site\";s:4:\"icon\";s:14:\"fa-bar-chart-o\";s:10:\"snippet_id\";s:1:\"0\";s:7:\"menu_id\";s:2:\"22\";s:6:\"active\";s:1:\"1\";s:6:\"method\";s:20:\"listing/website_data\";s:10:\"controller\";s:6:\"screen\";s:5:\"label\";s:13:\"Dados do Site\";}i:2;O:8:\"stdClass\":9:{s:11:\"mysql_table\";s:12:\"website_text\";s:4:\"name\";s:14:\"Textos do site\";s:4:\"icon\";s:14:\"fa-bar-chart-o\";s:10:\"snippet_id\";s:1:\"0\";s:7:\"menu_id\";s:2:\"22\";s:6:\"active\";s:1:\"1\";s:6:\"method\";s:20:\"listing/website_text\";s:10:\"controller\";s:6:\"screen\";s:5:\"label\";s:14:\"Textos do site\";}}}i:4;O:8:\"stdClass\":10:{s:11:\"mysql_table\";s:19:\"portfolio_categoria\";s:4:\"name\";s:10:\"Portfólio\";s:4:\"icon\";s:21:\"fa-star              \";s:10:\"snippet_id\";s:1:\"0\";s:7:\"menu_id\";s:2:\"23\";s:6:\"active\";s:1:\"1\";s:6:\"method\";s:27:\"listing/portfolio_categoria\";s:10:\"controller\";s:6:\"screen\";s:5:\"label\";s:10:\"Categorias\";s:7:\"submenu\";a:3:{i:0;r:63;i:1;O:8:\"stdClass\":9:{s:11:\"mysql_table\";s:9:\"portfolio\";s:4:\"name\";s:10:\"Portfólio\";s:4:\"icon\";s:14:\"fa-bar-chart-o\";s:10:\"snippet_id\";s:1:\"0\";s:7:\"menu_id\";s:2:\"23\";s:6:\"active\";s:1:\"1\";s:6:\"method\";s:17:\"listing/portfolio\";s:10:\"controller\";s:6:\"screen\";s:5:\"label\";s:10:\"Portfólio\";}i:2;O:8:\"stdClass\":9:{s:11:\"mysql_table\";s:15:\"portfolio_video\";s:4:\"name\";s:6:\"Videos\";s:4:\"icon\";s:21:\"fa-star              \";s:10:\"snippet_id\";s:1:\"0\";s:7:\"menu_id\";s:2:\"23\";s:6:\"active\";s:1:\"1\";s:6:\"method\";s:23:\"listing/portfolio_video\";s:10:\"controller\";s:6:\"screen\";s:5:\"label\";s:6:\"Videos\";}}}}}\";}'), ('54e673f5554fe357fe2bbca716eb8e64', '127.2.221.1', 'Mozilla/5.0 (Windows NT 6.1; WOW64) AppleWebKit/53', '1429792724', 'a:2:{s:9:\"user_data\";s:0:\"\";s:4:\"user\";s:2674:\"O:8:\"stdClass\":8:{s:7:\"user_id\";s:2:\"10\";s:4:\"name\";s:7:\"Luciano\";s:12:\"company_name\";s:8:\"Kadaicha\";s:10:\"profile_id\";s:8:\"97719874\";s:10:\"company_id\";s:2:\"13\";s:11:\"upload_path\";s:41:\"http://www.kadaicha.com.br/assets/upload/\";s:9:\"developer\";s:1:\"0\";s:7:\"modules\";a:5:{i:0;O:8:\"stdClass\":6:{s:11:\"mysql_table\";s:6:\"banner\";s:4:\"name\";s:7:\"Banners\";s:4:\"icon\";s:21:\"fa-print             \";s:10:\"snippet_id\";s:1:\"0\";s:7:\"menu_id\";N;s:6:\"active\";s:1:\"1\";}i:1;O:8:\"stdClass\":6:{s:11:\"mysql_table\";s:5:\"about\";s:4:\"name\";s:5:\"Sobre\";s:4:\"icon\";s:21:\"fa-heart             \";s:10:\"snippet_id\";s:1:\"0\";s:7:\"menu_id\";N;s:6:\"active\";s:1:\"1\";}i:2;O:8:\"stdClass\":6:{s:11:\"mysql_table\";s:8:\"services\";s:4:\"name\";s:9:\"Serviços\";s:4:\"icon\";s:21:\"fa-bolt              \";s:10:\"snippet_id\";s:1:\"0\";s:7:\"menu_id\";N;s:6:\"active\";s:1:\"1\";}i:3;O:8:\"stdClass\":10:{s:11:\"mysql_table\";s:4:\"menu\";s:4:\"name\";s:10:\"Configurar\";s:4:\"icon\";s:21:\"fa-list              \";s:10:\"snippet_id\";s:1:\"0\";s:7:\"menu_id\";s:2:\"22\";s:6:\"active\";s:1:\"1\";s:6:\"method\";s:12:\"listing/menu\";s:10:\"controller\";s:6:\"screen\";s:5:\"label\";s:4:\"Menu\";s:7:\"submenu\";a:3:{i:0;r:31;i:1;O:8:\"stdClass\":9:{s:11:\"mysql_table\";s:12:\"website_data\";s:4:\"name\";s:13:\"Dados do Site\";s:4:\"icon\";s:14:\"fa-bar-chart-o\";s:10:\"snippet_id\";s:1:\"0\";s:7:\"menu_id\";s:2:\"22\";s:6:\"active\";s:1:\"1\";s:6:\"method\";s:20:\"listing/website_data\";s:10:\"controller\";s:6:\"screen\";s:5:\"label\";s:13:\"Dados do Site\";}i:2;O:8:\"stdClass\":9:{s:11:\"mysql_table\";s:12:\"website_text\";s:4:\"name\";s:14:\"Textos do site\";s:4:\"icon\";s:14:\"fa-bar-chart-o\";s:10:\"snippet_id\";s:1:\"0\";s:7:\"menu_id\";s:2:\"22\";s:6:\"active\";s:1:\"1\";s:6:\"method\";s:20:\"listing/website_text\";s:10:\"controller\";s:6:\"screen\";s:5:\"label\";s:14:\"Textos do site\";}}}i:4;O:8:\"stdClass\":10:{s:11:\"mysql_table\";s:19:\"portfolio_categoria\";s:4:\"name\";s:10:\"Portfólio\";s:4:\"icon\";s:21:\"fa-star              \";s:10:\"snippet_id\";s:1:\"0\";s:7:\"menu_id\";s:2:\"23\";s:6:\"active\";s:1:\"1\";s:6:\"method\";s:27:\"listing/portfolio_categoria\";s:10:\"controller\";s:6:\"screen\";s:5:\"label\";s:10:\"Categorias\";s:7:\"submenu\";a:3:{i:0;r:63;i:1;O:8:\"stdClass\":9:{s:11:\"mysql_table\";s:9:\"portfolio\";s:4:\"name\";s:10:\"Portfólio\";s:4:\"icon\";s:14:\"fa-bar-chart-o\";s:10:\"snippet_id\";s:1:\"0\";s:7:\"menu_id\";s:2:\"23\";s:6:\"active\";s:1:\"1\";s:6:\"method\";s:17:\"listing/portfolio\";s:10:\"controller\";s:6:\"screen\";s:5:\"label\";s:10:\"Portfólio\";}i:2;O:8:\"stdClass\":9:{s:11:\"mysql_table\";s:15:\"portfolio_video\";s:4:\"name\";s:6:\"Videos\";s:4:\"icon\";s:21:\"fa-star              \";s:10:\"snippet_id\";s:1:\"0\";s:7:\"menu_id\";s:2:\"23\";s:6:\"active\";s:1:\"1\";s:6:\"method\";s:23:\"listing/portfolio_video\";s:10:\"controller\";s:6:\"screen\";s:5:\"label\";s:6:\"Videos\";}}}}}\";}'), ('58f0e97a6bba45abe31bc37e1d503122', '127.2.221.1', 'Mozilla/5.0 (Windows NT 6.1; WOW64) AppleWebKit/53', '1429793019', 'a:2:{s:9:\"user_data\";s:0:\"\";s:4:\"user\";s:2674:\"O:8:\"stdClass\":8:{s:7:\"user_id\";s:2:\"10\";s:4:\"name\";s:7:\"Luciano\";s:12:\"company_name\";s:8:\"Kadaicha\";s:10:\"profile_id\";s:8:\"97719874\";s:10:\"company_id\";s:2:\"13\";s:11:\"upload_path\";s:41:\"http://www.kadaicha.com.br/assets/upload/\";s:9:\"developer\";s:1:\"0\";s:7:\"modules\";a:5:{i:0;O:8:\"stdClass\":6:{s:11:\"mysql_table\";s:6:\"banner\";s:4:\"name\";s:7:\"Banners\";s:4:\"icon\";s:21:\"fa-print             \";s:10:\"snippet_id\";s:1:\"0\";s:7:\"menu_id\";N;s:6:\"active\";s:1:\"1\";}i:1;O:8:\"stdClass\":6:{s:11:\"mysql_table\";s:5:\"about\";s:4:\"name\";s:5:\"Sobre\";s:4:\"icon\";s:21:\"fa-heart             \";s:10:\"snippet_id\";s:1:\"0\";s:7:\"menu_id\";N;s:6:\"active\";s:1:\"1\";}i:2;O:8:\"stdClass\":6:{s:11:\"mysql_table\";s:8:\"services\";s:4:\"name\";s:9:\"Serviços\";s:4:\"icon\";s:21:\"fa-bolt              \";s:10:\"snippet_id\";s:1:\"0\";s:7:\"menu_id\";N;s:6:\"active\";s:1:\"1\";}i:3;O:8:\"stdClass\":10:{s:11:\"mysql_table\";s:4:\"menu\";s:4:\"name\";s:10:\"Configurar\";s:4:\"icon\";s:21:\"fa-list              \";s:10:\"snippet_id\";s:1:\"0\";s:7:\"menu_id\";s:2:\"22\";s:6:\"active\";s:1:\"1\";s:6:\"method\";s:12:\"listing/menu\";s:10:\"controller\";s:6:\"screen\";s:5:\"label\";s:4:\"Menu\";s:7:\"submenu\";a:3:{i:0;r:31;i:1;O:8:\"stdClass\":9:{s:11:\"mysql_table\";s:12:\"website_data\";s:4:\"name\";s:13:\"Dados do Site\";s:4:\"icon\";s:14:\"fa-bar-chart-o\";s:10:\"snippet_id\";s:1:\"0\";s:7:\"menu_id\";s:2:\"22\";s:6:\"active\";s:1:\"1\";s:6:\"method\";s:20:\"listing/website_data\";s:10:\"controller\";s:6:\"screen\";s:5:\"label\";s:13:\"Dados do Site\";}i:2;O:8:\"stdClass\":9:{s:11:\"mysql_table\";s:12:\"website_text\";s:4:\"name\";s:14:\"Textos do site\";s:4:\"icon\";s:14:\"fa-bar-chart-o\";s:10:\"snippet_id\";s:1:\"0\";s:7:\"menu_id\";s:2:\"22\";s:6:\"active\";s:1:\"1\";s:6:\"method\";s:20:\"listing/website_text\";s:10:\"controller\";s:6:\"screen\";s:5:\"label\";s:14:\"Textos do site\";}}}i:4;O:8:\"stdClass\":10:{s:11:\"mysql_table\";s:19:\"portfolio_categoria\";s:4:\"name\";s:10:\"Portfólio\";s:4:\"icon\";s:21:\"fa-star              \";s:10:\"snippet_id\";s:1:\"0\";s:7:\"menu_id\";s:2:\"23\";s:6:\"active\";s:1:\"1\";s:6:\"method\";s:27:\"listing/portfolio_categoria\";s:10:\"controller\";s:6:\"screen\";s:5:\"label\";s:10:\"Categorias\";s:7:\"submenu\";a:3:{i:0;r:63;i:1;O:8:\"stdClass\":9:{s:11:\"mysql_table\";s:9:\"portfolio\";s:4:\"name\";s:10:\"Portfólio\";s:4:\"icon\";s:14:\"fa-bar-chart-o\";s:10:\"snippet_id\";s:1:\"0\";s:7:\"menu_id\";s:2:\"23\";s:6:\"active\";s:1:\"1\";s:6:\"method\";s:17:\"listing/portfolio\";s:10:\"controller\";s:6:\"screen\";s:5:\"label\";s:10:\"Portfólio\";}i:2;O:8:\"stdClass\":9:{s:11:\"mysql_table\";s:15:\"portfolio_video\";s:4:\"name\";s:6:\"Videos\";s:4:\"icon\";s:21:\"fa-star              \";s:10:\"snippet_id\";s:1:\"0\";s:7:\"menu_id\";s:2:\"23\";s:6:\"active\";s:1:\"1\";s:6:\"method\";s:23:\"listing/portfolio_video\";s:10:\"controller\";s:6:\"screen\";s:5:\"label\";s:6:\"Videos\";}}}}}\";}'), ('5bc4266e849bfe2077a6620df51629a1', '127.2.221.1', 'Mozilla/5.0 (Windows NT 6.1; WOW64) AppleWebKit/53', '1429792723', 'a:2:{s:9:\"user_data\";s:0:\"\";s:4:\"user\";s:2674:\"O:8:\"stdClass\":8:{s:7:\"user_id\";s:2:\"10\";s:4:\"name\";s:7:\"Luciano\";s:12:\"company_name\";s:8:\"Kadaicha\";s:10:\"profile_id\";s:8:\"97719874\";s:10:\"company_id\";s:2:\"13\";s:11:\"upload_path\";s:41:\"http://www.kadaicha.com.br/assets/upload/\";s:9:\"developer\";s:1:\"0\";s:7:\"modules\";a:5:{i:0;O:8:\"stdClass\":6:{s:11:\"mysql_table\";s:6:\"banner\";s:4:\"name\";s:7:\"Banners\";s:4:\"icon\";s:21:\"fa-print             \";s:10:\"snippet_id\";s:1:\"0\";s:7:\"menu_id\";N;s:6:\"active\";s:1:\"1\";}i:1;O:8:\"stdClass\":6:{s:11:\"mysql_table\";s:5:\"about\";s:4:\"name\";s:5:\"Sobre\";s:4:\"icon\";s:21:\"fa-heart             \";s:10:\"snippet_id\";s:1:\"0\";s:7:\"menu_id\";N;s:6:\"active\";s:1:\"1\";}i:2;O:8:\"stdClass\":6:{s:11:\"mysql_table\";s:8:\"services\";s:4:\"name\";s:9:\"Serviços\";s:4:\"icon\";s:21:\"fa-bolt              \";s:10:\"snippet_id\";s:1:\"0\";s:7:\"menu_id\";N;s:6:\"active\";s:1:\"1\";}i:3;O:8:\"stdClass\":10:{s:11:\"mysql_table\";s:4:\"menu\";s:4:\"name\";s:10:\"Configurar\";s:4:\"icon\";s:21:\"fa-list              \";s:10:\"snippet_id\";s:1:\"0\";s:7:\"menu_id\";s:2:\"22\";s:6:\"active\";s:1:\"1\";s:6:\"method\";s:12:\"listing/menu\";s:10:\"controller\";s:6:\"screen\";s:5:\"label\";s:4:\"Menu\";s:7:\"submenu\";a:3:{i:0;r:31;i:1;O:8:\"stdClass\":9:{s:11:\"mysql_table\";s:12:\"website_data\";s:4:\"name\";s:13:\"Dados do Site\";s:4:\"icon\";s:14:\"fa-bar-chart-o\";s:10:\"snippet_id\";s:1:\"0\";s:7:\"menu_id\";s:2:\"22\";s:6:\"active\";s:1:\"1\";s:6:\"method\";s:20:\"listing/website_data\";s:10:\"controller\";s:6:\"screen\";s:5:\"label\";s:13:\"Dados do Site\";}i:2;O:8:\"stdClass\":9:{s:11:\"mysql_table\";s:12:\"website_text\";s:4:\"name\";s:14:\"Textos do site\";s:4:\"icon\";s:14:\"fa-bar-chart-o\";s:10:\"snippet_id\";s:1:\"0\";s:7:\"menu_id\";s:2:\"22\";s:6:\"active\";s:1:\"1\";s:6:\"method\";s:20:\"listing/website_text\";s:10:\"controller\";s:6:\"screen\";s:5:\"label\";s:14:\"Textos do site\";}}}i:4;O:8:\"stdClass\":10:{s:11:\"mysql_table\";s:19:\"portfolio_categoria\";s:4:\"name\";s:10:\"Portfólio\";s:4:\"icon\";s:21:\"fa-star              \";s:10:\"snippet_id\";s:1:\"0\";s:7:\"menu_id\";s:2:\"23\";s:6:\"active\";s:1:\"1\";s:6:\"method\";s:27:\"listing/portfolio_categoria\";s:10:\"controller\";s:6:\"screen\";s:5:\"label\";s:10:\"Categorias\";s:7:\"submenu\";a:3:{i:0;r:63;i:1;O:8:\"stdClass\":9:{s:11:\"mysql_table\";s:9:\"portfolio\";s:4:\"name\";s:10:\"Portfólio\";s:4:\"icon\";s:14:\"fa-bar-chart-o\";s:10:\"snippet_id\";s:1:\"0\";s:7:\"menu_id\";s:2:\"23\";s:6:\"active\";s:1:\"1\";s:6:\"method\";s:17:\"listing/portfolio\";s:10:\"controller\";s:6:\"screen\";s:5:\"label\";s:10:\"Portfólio\";}i:2;O:8:\"stdClass\":9:{s:11:\"mysql_table\";s:15:\"portfolio_video\";s:4:\"name\";s:6:\"Videos\";s:4:\"icon\";s:21:\"fa-star              \";s:10:\"snippet_id\";s:1:\"0\";s:7:\"menu_id\";s:2:\"23\";s:6:\"active\";s:1:\"1\";s:6:\"method\";s:23:\"listing/portfolio_video\";s:10:\"controller\";s:6:\"screen\";s:5:\"label\";s:6:\"Videos\";}}}}}\";}'), ('5cda533cb8bd1f14c518490f201d1884', '127.2.221.1', 'Mozilla/5.0 (Windows NT 6.1; WOW64) AppleWebKit/53', '1429792688', 'a:2:{s:9:\"user_data\";s:0:\"\";s:4:\"user\";s:2674:\"O:8:\"stdClass\":8:{s:7:\"user_id\";s:2:\"10\";s:4:\"name\";s:7:\"Luciano\";s:12:\"company_name\";s:8:\"Kadaicha\";s:10:\"profile_id\";s:8:\"97719874\";s:10:\"company_id\";s:2:\"13\";s:11:\"upload_path\";s:41:\"http://www.kadaicha.com.br/assets/upload/\";s:9:\"developer\";s:1:\"0\";s:7:\"modules\";a:5:{i:0;O:8:\"stdClass\":6:{s:11:\"mysql_table\";s:6:\"banner\";s:4:\"name\";s:7:\"Banners\";s:4:\"icon\";s:21:\"fa-print             \";s:10:\"snippet_id\";s:1:\"0\";s:7:\"menu_id\";N;s:6:\"active\";s:1:\"1\";}i:1;O:8:\"stdClass\":6:{s:11:\"mysql_table\";s:5:\"about\";s:4:\"name\";s:5:\"Sobre\";s:4:\"icon\";s:21:\"fa-heart             \";s:10:\"snippet_id\";s:1:\"0\";s:7:\"menu_id\";N;s:6:\"active\";s:1:\"1\";}i:2;O:8:\"stdClass\":6:{s:11:\"mysql_table\";s:8:\"services\";s:4:\"name\";s:9:\"Serviços\";s:4:\"icon\";s:21:\"fa-bolt              \";s:10:\"snippet_id\";s:1:\"0\";s:7:\"menu_id\";N;s:6:\"active\";s:1:\"1\";}i:3;O:8:\"stdClass\":10:{s:11:\"mysql_table\";s:4:\"menu\";s:4:\"name\";s:10:\"Configurar\";s:4:\"icon\";s:21:\"fa-list              \";s:10:\"snippet_id\";s:1:\"0\";s:7:\"menu_id\";s:2:\"22\";s:6:\"active\";s:1:\"1\";s:6:\"method\";s:12:\"listing/menu\";s:10:\"controller\";s:6:\"screen\";s:5:\"label\";s:4:\"Menu\";s:7:\"submenu\";a:3:{i:0;r:31;i:1;O:8:\"stdClass\":9:{s:11:\"mysql_table\";s:12:\"website_data\";s:4:\"name\";s:13:\"Dados do Site\";s:4:\"icon\";s:14:\"fa-bar-chart-o\";s:10:\"snippet_id\";s:1:\"0\";s:7:\"menu_id\";s:2:\"22\";s:6:\"active\";s:1:\"1\";s:6:\"method\";s:20:\"listing/website_data\";s:10:\"controller\";s:6:\"screen\";s:5:\"label\";s:13:\"Dados do Site\";}i:2;O:8:\"stdClass\":9:{s:11:\"mysql_table\";s:12:\"website_text\";s:4:\"name\";s:14:\"Textos do site\";s:4:\"icon\";s:14:\"fa-bar-chart-o\";s:10:\"snippet_id\";s:1:\"0\";s:7:\"menu_id\";s:2:\"22\";s:6:\"active\";s:1:\"1\";s:6:\"method\";s:20:\"listing/website_text\";s:10:\"controller\";s:6:\"screen\";s:5:\"label\";s:14:\"Textos do site\";}}}i:4;O:8:\"stdClass\":10:{s:11:\"mysql_table\";s:19:\"portfolio_categoria\";s:4:\"name\";s:10:\"Portfólio\";s:4:\"icon\";s:21:\"fa-star              \";s:10:\"snippet_id\";s:1:\"0\";s:7:\"menu_id\";s:2:\"23\";s:6:\"active\";s:1:\"1\";s:6:\"method\";s:27:\"listing/portfolio_categoria\";s:10:\"controller\";s:6:\"screen\";s:5:\"label\";s:10:\"Categorias\";s:7:\"submenu\";a:3:{i:0;r:63;i:1;O:8:\"stdClass\":9:{s:11:\"mysql_table\";s:9:\"portfolio\";s:4:\"name\";s:10:\"Portfólio\";s:4:\"icon\";s:14:\"fa-bar-chart-o\";s:10:\"snippet_id\";s:1:\"0\";s:7:\"menu_id\";s:2:\"23\";s:6:\"active\";s:1:\"1\";s:6:\"method\";s:17:\"listing/portfolio\";s:10:\"controller\";s:6:\"screen\";s:5:\"label\";s:10:\"Portfólio\";}i:2;O:8:\"stdClass\":9:{s:11:\"mysql_table\";s:15:\"portfolio_video\";s:4:\"name\";s:6:\"Videos\";s:4:\"icon\";s:21:\"fa-star              \";s:10:\"snippet_id\";s:1:\"0\";s:7:\"menu_id\";s:2:\"23\";s:6:\"active\";s:1:\"1\";s:6:\"method\";s:23:\"listing/portfolio_video\";s:10:\"controller\";s:6:\"screen\";s:5:\"label\";s:6:\"Videos\";}}}}}\";}'), ('5f951b9ac58ff44e5523bfedce329030', '127.2.221.1', 'Mozilla/5.0 (Windows NT 6.1; WOW64) AppleWebKit/53', '1429793311', 'a:2:{s:9:\"user_data\";s:0:\"\";s:4:\"user\";s:2674:\"O:8:\"stdClass\":8:{s:7:\"user_id\";s:2:\"10\";s:4:\"name\";s:7:\"Luciano\";s:12:\"company_name\";s:8:\"Kadaicha\";s:10:\"profile_id\";s:8:\"97719874\";s:10:\"company_id\";s:2:\"13\";s:11:\"upload_path\";s:41:\"http://www.kadaicha.com.br/assets/upload/\";s:9:\"developer\";s:1:\"0\";s:7:\"modules\";a:5:{i:0;O:8:\"stdClass\":6:{s:11:\"mysql_table\";s:6:\"banner\";s:4:\"name\";s:7:\"Banners\";s:4:\"icon\";s:21:\"fa-print             \";s:10:\"snippet_id\";s:1:\"0\";s:7:\"menu_id\";N;s:6:\"active\";s:1:\"1\";}i:1;O:8:\"stdClass\":6:{s:11:\"mysql_table\";s:5:\"about\";s:4:\"name\";s:5:\"Sobre\";s:4:\"icon\";s:21:\"fa-heart             \";s:10:\"snippet_id\";s:1:\"0\";s:7:\"menu_id\";N;s:6:\"active\";s:1:\"1\";}i:2;O:8:\"stdClass\":6:{s:11:\"mysql_table\";s:8:\"services\";s:4:\"name\";s:9:\"Serviços\";s:4:\"icon\";s:21:\"fa-bolt              \";s:10:\"snippet_id\";s:1:\"0\";s:7:\"menu_id\";N;s:6:\"active\";s:1:\"1\";}i:3;O:8:\"stdClass\":10:{s:11:\"mysql_table\";s:4:\"menu\";s:4:\"name\";s:10:\"Configurar\";s:4:\"icon\";s:21:\"fa-list              \";s:10:\"snippet_id\";s:1:\"0\";s:7:\"menu_id\";s:2:\"22\";s:6:\"active\";s:1:\"1\";s:6:\"method\";s:12:\"listing/menu\";s:10:\"controller\";s:6:\"screen\";s:5:\"label\";s:4:\"Menu\";s:7:\"submenu\";a:3:{i:0;r:31;i:1;O:8:\"stdClass\":9:{s:11:\"mysql_table\";s:12:\"website_data\";s:4:\"name\";s:13:\"Dados do Site\";s:4:\"icon\";s:14:\"fa-bar-chart-o\";s:10:\"snippet_id\";s:1:\"0\";s:7:\"menu_id\";s:2:\"22\";s:6:\"active\";s:1:\"1\";s:6:\"method\";s:20:\"listing/website_data\";s:10:\"controller\";s:6:\"screen\";s:5:\"label\";s:13:\"Dados do Site\";}i:2;O:8:\"stdClass\":9:{s:11:\"mysql_table\";s:12:\"website_text\";s:4:\"name\";s:14:\"Textos do site\";s:4:\"icon\";s:14:\"fa-bar-chart-o\";s:10:\"snippet_id\";s:1:\"0\";s:7:\"menu_id\";s:2:\"22\";s:6:\"active\";s:1:\"1\";s:6:\"method\";s:20:\"listing/website_text\";s:10:\"controller\";s:6:\"screen\";s:5:\"label\";s:14:\"Textos do site\";}}}i:4;O:8:\"stdClass\":10:{s:11:\"mysql_table\";s:19:\"portfolio_categoria\";s:4:\"name\";s:10:\"Portfólio\";s:4:\"icon\";s:21:\"fa-star              \";s:10:\"snippet_id\";s:1:\"0\";s:7:\"menu_id\";s:2:\"23\";s:6:\"active\";s:1:\"1\";s:6:\"method\";s:27:\"listing/portfolio_categoria\";s:10:\"controller\";s:6:\"screen\";s:5:\"label\";s:10:\"Categorias\";s:7:\"submenu\";a:3:{i:0;r:63;i:1;O:8:\"stdClass\":9:{s:11:\"mysql_table\";s:9:\"portfolio\";s:4:\"name\";s:10:\"Portfólio\";s:4:\"icon\";s:14:\"fa-bar-chart-o\";s:10:\"snippet_id\";s:1:\"0\";s:7:\"menu_id\";s:2:\"23\";s:6:\"active\";s:1:\"1\";s:6:\"method\";s:17:\"listing/portfolio\";s:10:\"controller\";s:6:\"screen\";s:5:\"label\";s:10:\"Portfólio\";}i:2;O:8:\"stdClass\":9:{s:11:\"mysql_table\";s:15:\"portfolio_video\";s:4:\"name\";s:6:\"Videos\";s:4:\"icon\";s:21:\"fa-star              \";s:10:\"snippet_id\";s:1:\"0\";s:7:\"menu_id\";s:2:\"23\";s:6:\"active\";s:1:\"1\";s:6:\"method\";s:23:\"listing/portfolio_video\";s:10:\"controller\";s:6:\"screen\";s:5:\"label\";s:6:\"Videos\";}}}}}\";}'), ('6069452b5dbb3002c5e95307801e6a0c', '127.2.221.1', 'Mozilla/5.0 (Windows NT 6.1; WOW64) AppleWebKit/53', '1429793378', 'a:2:{s:9:\"user_data\";s:0:\"\";s:4:\"user\";s:2674:\"O:8:\"stdClass\":8:{s:7:\"user_id\";s:2:\"10\";s:4:\"name\";s:7:\"Luciano\";s:12:\"company_name\";s:8:\"Kadaicha\";s:10:\"profile_id\";s:8:\"97719874\";s:10:\"company_id\";s:2:\"13\";s:11:\"upload_path\";s:41:\"http://www.kadaicha.com.br/assets/upload/\";s:9:\"developer\";s:1:\"0\";s:7:\"modules\";a:5:{i:0;O:8:\"stdClass\":6:{s:11:\"mysql_table\";s:6:\"banner\";s:4:\"name\";s:7:\"Banners\";s:4:\"icon\";s:21:\"fa-print             \";s:10:\"snippet_id\";s:1:\"0\";s:7:\"menu_id\";N;s:6:\"active\";s:1:\"1\";}i:1;O:8:\"stdClass\":6:{s:11:\"mysql_table\";s:5:\"about\";s:4:\"name\";s:5:\"Sobre\";s:4:\"icon\";s:21:\"fa-heart             \";s:10:\"snippet_id\";s:1:\"0\";s:7:\"menu_id\";N;s:6:\"active\";s:1:\"1\";}i:2;O:8:\"stdClass\":6:{s:11:\"mysql_table\";s:8:\"services\";s:4:\"name\";s:9:\"Serviços\";s:4:\"icon\";s:21:\"fa-bolt              \";s:10:\"snippet_id\";s:1:\"0\";s:7:\"menu_id\";N;s:6:\"active\";s:1:\"1\";}i:3;O:8:\"stdClass\":10:{s:11:\"mysql_table\";s:4:\"menu\";s:4:\"name\";s:10:\"Configurar\";s:4:\"icon\";s:21:\"fa-list              \";s:10:\"snippet_id\";s:1:\"0\";s:7:\"menu_id\";s:2:\"22\";s:6:\"active\";s:1:\"1\";s:6:\"method\";s:12:\"listing/menu\";s:10:\"controller\";s:6:\"screen\";s:5:\"label\";s:4:\"Menu\";s:7:\"submenu\";a:3:{i:0;r:31;i:1;O:8:\"stdClass\":9:{s:11:\"mysql_table\";s:12:\"website_data\";s:4:\"name\";s:13:\"Dados do Site\";s:4:\"icon\";s:14:\"fa-bar-chart-o\";s:10:\"snippet_id\";s:1:\"0\";s:7:\"menu_id\";s:2:\"22\";s:6:\"active\";s:1:\"1\";s:6:\"method\";s:20:\"listing/website_data\";s:10:\"controller\";s:6:\"screen\";s:5:\"label\";s:13:\"Dados do Site\";}i:2;O:8:\"stdClass\":9:{s:11:\"mysql_table\";s:12:\"website_text\";s:4:\"name\";s:14:\"Textos do site\";s:4:\"icon\";s:14:\"fa-bar-chart-o\";s:10:\"snippet_id\";s:1:\"0\";s:7:\"menu_id\";s:2:\"22\";s:6:\"active\";s:1:\"1\";s:6:\"method\";s:20:\"listing/website_text\";s:10:\"controller\";s:6:\"screen\";s:5:\"label\";s:14:\"Textos do site\";}}}i:4;O:8:\"stdClass\":10:{s:11:\"mysql_table\";s:19:\"portfolio_categoria\";s:4:\"name\";s:10:\"Portfólio\";s:4:\"icon\";s:21:\"fa-star              \";s:10:\"snippet_id\";s:1:\"0\";s:7:\"menu_id\";s:2:\"23\";s:6:\"active\";s:1:\"1\";s:6:\"method\";s:27:\"listing/portfolio_categoria\";s:10:\"controller\";s:6:\"screen\";s:5:\"label\";s:10:\"Categorias\";s:7:\"submenu\";a:3:{i:0;r:63;i:1;O:8:\"stdClass\":9:{s:11:\"mysql_table\";s:9:\"portfolio\";s:4:\"name\";s:10:\"Portfólio\";s:4:\"icon\";s:14:\"fa-bar-chart-o\";s:10:\"snippet_id\";s:1:\"0\";s:7:\"menu_id\";s:2:\"23\";s:6:\"active\";s:1:\"1\";s:6:\"method\";s:17:\"listing/portfolio\";s:10:\"controller\";s:6:\"screen\";s:5:\"label\";s:10:\"Portfólio\";}i:2;O:8:\"stdClass\":9:{s:11:\"mysql_table\";s:15:\"portfolio_video\";s:4:\"name\";s:6:\"Videos\";s:4:\"icon\";s:21:\"fa-star              \";s:10:\"snippet_id\";s:1:\"0\";s:7:\"menu_id\";s:2:\"23\";s:6:\"active\";s:1:\"1\";s:6:\"method\";s:23:\"listing/portfolio_video\";s:10:\"controller\";s:6:\"screen\";s:5:\"label\";s:6:\"Videos\";}}}}}\";}');
INSERT INTO `ci_sessions` VALUES ('650c3fca2a9cc5a485086becb704704b', '127.2.221.1', 'Mozilla/5.0 (Windows NT 6.1; WOW64) AppleWebKit/53', '1429792791', 'a:2:{s:9:\"user_data\";s:0:\"\";s:17:\"flash:new:message\";a:2:{s:7:\"message\";s:19:\"Editado com sucesso\";s:4:\"type\";s:7:\"success\";}}'), ('6620c863637db0270b381ed2222f2091', '127.2.221.1', 'Mozilla/5.0 (Windows NT 6.1; WOW64) AppleWebKit/53', '1429804053', 'a:2:{s:9:\"user_data\";s:0:\"\";s:4:\"user\";s:2674:\"O:8:\"stdClass\":8:{s:7:\"user_id\";s:2:\"10\";s:4:\"name\";s:7:\"Luciano\";s:12:\"company_name\";s:8:\"Kadaicha\";s:10:\"profile_id\";s:8:\"97719874\";s:10:\"company_id\";s:2:\"13\";s:11:\"upload_path\";s:41:\"http://www.kadaicha.com.br/assets/upload/\";s:9:\"developer\";s:1:\"0\";s:7:\"modules\";a:5:{i:0;O:8:\"stdClass\":6:{s:11:\"mysql_table\";s:6:\"banner\";s:4:\"name\";s:7:\"Banners\";s:4:\"icon\";s:21:\"fa-print             \";s:10:\"snippet_id\";s:1:\"0\";s:7:\"menu_id\";N;s:6:\"active\";s:1:\"1\";}i:1;O:8:\"stdClass\":6:{s:11:\"mysql_table\";s:5:\"about\";s:4:\"name\";s:5:\"Sobre\";s:4:\"icon\";s:21:\"fa-heart             \";s:10:\"snippet_id\";s:1:\"0\";s:7:\"menu_id\";N;s:6:\"active\";s:1:\"1\";}i:2;O:8:\"stdClass\":6:{s:11:\"mysql_table\";s:8:\"services\";s:4:\"name\";s:9:\"Serviços\";s:4:\"icon\";s:21:\"fa-bolt              \";s:10:\"snippet_id\";s:1:\"0\";s:7:\"menu_id\";N;s:6:\"active\";s:1:\"1\";}i:3;O:8:\"stdClass\":10:{s:11:\"mysql_table\";s:4:\"menu\";s:4:\"name\";s:10:\"Configurar\";s:4:\"icon\";s:21:\"fa-list              \";s:10:\"snippet_id\";s:1:\"0\";s:7:\"menu_id\";s:2:\"22\";s:6:\"active\";s:1:\"1\";s:6:\"method\";s:12:\"listing/menu\";s:10:\"controller\";s:6:\"screen\";s:5:\"label\";s:4:\"Menu\";s:7:\"submenu\";a:3:{i:0;r:31;i:1;O:8:\"stdClass\":9:{s:11:\"mysql_table\";s:12:\"website_data\";s:4:\"name\";s:13:\"Dados do Site\";s:4:\"icon\";s:14:\"fa-bar-chart-o\";s:10:\"snippet_id\";s:1:\"0\";s:7:\"menu_id\";s:2:\"22\";s:6:\"active\";s:1:\"1\";s:6:\"method\";s:20:\"listing/website_data\";s:10:\"controller\";s:6:\"screen\";s:5:\"label\";s:13:\"Dados do Site\";}i:2;O:8:\"stdClass\":9:{s:11:\"mysql_table\";s:12:\"website_text\";s:4:\"name\";s:14:\"Textos do site\";s:4:\"icon\";s:14:\"fa-bar-chart-o\";s:10:\"snippet_id\";s:1:\"0\";s:7:\"menu_id\";s:2:\"22\";s:6:\"active\";s:1:\"1\";s:6:\"method\";s:20:\"listing/website_text\";s:10:\"controller\";s:6:\"screen\";s:5:\"label\";s:14:\"Textos do site\";}}}i:4;O:8:\"stdClass\":10:{s:11:\"mysql_table\";s:19:\"portfolio_categoria\";s:4:\"name\";s:10:\"Portfólio\";s:4:\"icon\";s:21:\"fa-star              \";s:10:\"snippet_id\";s:1:\"0\";s:7:\"menu_id\";s:2:\"23\";s:6:\"active\";s:1:\"1\";s:6:\"method\";s:27:\"listing/portfolio_categoria\";s:10:\"controller\";s:6:\"screen\";s:5:\"label\";s:10:\"Categorias\";s:7:\"submenu\";a:3:{i:0;r:63;i:1;O:8:\"stdClass\":9:{s:11:\"mysql_table\";s:9:\"portfolio\";s:4:\"name\";s:10:\"Portfólio\";s:4:\"icon\";s:14:\"fa-bar-chart-o\";s:10:\"snippet_id\";s:1:\"0\";s:7:\"menu_id\";s:2:\"23\";s:6:\"active\";s:1:\"1\";s:6:\"method\";s:17:\"listing/portfolio\";s:10:\"controller\";s:6:\"screen\";s:5:\"label\";s:10:\"Portfólio\";}i:2;O:8:\"stdClass\":9:{s:11:\"mysql_table\";s:15:\"portfolio_video\";s:4:\"name\";s:6:\"Videos\";s:4:\"icon\";s:21:\"fa-star              \";s:10:\"snippet_id\";s:1:\"0\";s:7:\"menu_id\";s:2:\"23\";s:6:\"active\";s:1:\"1\";s:6:\"method\";s:23:\"listing/portfolio_video\";s:10:\"controller\";s:6:\"screen\";s:5:\"label\";s:6:\"Videos\";}}}}}\";}'), ('679a9b3832c6df2862abb24ea1870631', '127.2.221.1', 'Mozilla/5.0 (Windows NT 6.1; WOW64) AppleWebKit/53', '1429792754', 'a:2:{s:9:\"user_data\";s:0:\"\";s:4:\"user\";s:2674:\"O:8:\"stdClass\":8:{s:7:\"user_id\";s:2:\"10\";s:4:\"name\";s:7:\"Luciano\";s:12:\"company_name\";s:8:\"Kadaicha\";s:10:\"profile_id\";s:8:\"97719874\";s:10:\"company_id\";s:2:\"13\";s:11:\"upload_path\";s:41:\"http://www.kadaicha.com.br/assets/upload/\";s:9:\"developer\";s:1:\"0\";s:7:\"modules\";a:5:{i:0;O:8:\"stdClass\":6:{s:11:\"mysql_table\";s:6:\"banner\";s:4:\"name\";s:7:\"Banners\";s:4:\"icon\";s:21:\"fa-print             \";s:10:\"snippet_id\";s:1:\"0\";s:7:\"menu_id\";N;s:6:\"active\";s:1:\"1\";}i:1;O:8:\"stdClass\":6:{s:11:\"mysql_table\";s:5:\"about\";s:4:\"name\";s:5:\"Sobre\";s:4:\"icon\";s:21:\"fa-heart             \";s:10:\"snippet_id\";s:1:\"0\";s:7:\"menu_id\";N;s:6:\"active\";s:1:\"1\";}i:2;O:8:\"stdClass\":6:{s:11:\"mysql_table\";s:8:\"services\";s:4:\"name\";s:9:\"Serviços\";s:4:\"icon\";s:21:\"fa-bolt              \";s:10:\"snippet_id\";s:1:\"0\";s:7:\"menu_id\";N;s:6:\"active\";s:1:\"1\";}i:3;O:8:\"stdClass\":10:{s:11:\"mysql_table\";s:4:\"menu\";s:4:\"name\";s:10:\"Configurar\";s:4:\"icon\";s:21:\"fa-list              \";s:10:\"snippet_id\";s:1:\"0\";s:7:\"menu_id\";s:2:\"22\";s:6:\"active\";s:1:\"1\";s:6:\"method\";s:12:\"listing/menu\";s:10:\"controller\";s:6:\"screen\";s:5:\"label\";s:4:\"Menu\";s:7:\"submenu\";a:3:{i:0;r:31;i:1;O:8:\"stdClass\":9:{s:11:\"mysql_table\";s:12:\"website_data\";s:4:\"name\";s:13:\"Dados do Site\";s:4:\"icon\";s:14:\"fa-bar-chart-o\";s:10:\"snippet_id\";s:1:\"0\";s:7:\"menu_id\";s:2:\"22\";s:6:\"active\";s:1:\"1\";s:6:\"method\";s:20:\"listing/website_data\";s:10:\"controller\";s:6:\"screen\";s:5:\"label\";s:13:\"Dados do Site\";}i:2;O:8:\"stdClass\":9:{s:11:\"mysql_table\";s:12:\"website_text\";s:4:\"name\";s:14:\"Textos do site\";s:4:\"icon\";s:14:\"fa-bar-chart-o\";s:10:\"snippet_id\";s:1:\"0\";s:7:\"menu_id\";s:2:\"22\";s:6:\"active\";s:1:\"1\";s:6:\"method\";s:20:\"listing/website_text\";s:10:\"controller\";s:6:\"screen\";s:5:\"label\";s:14:\"Textos do site\";}}}i:4;O:8:\"stdClass\":10:{s:11:\"mysql_table\";s:19:\"portfolio_categoria\";s:4:\"name\";s:10:\"Portfólio\";s:4:\"icon\";s:21:\"fa-star              \";s:10:\"snippet_id\";s:1:\"0\";s:7:\"menu_id\";s:2:\"23\";s:6:\"active\";s:1:\"1\";s:6:\"method\";s:27:\"listing/portfolio_categoria\";s:10:\"controller\";s:6:\"screen\";s:5:\"label\";s:10:\"Categorias\";s:7:\"submenu\";a:3:{i:0;r:63;i:1;O:8:\"stdClass\":9:{s:11:\"mysql_table\";s:9:\"portfolio\";s:4:\"name\";s:10:\"Portfólio\";s:4:\"icon\";s:14:\"fa-bar-chart-o\";s:10:\"snippet_id\";s:1:\"0\";s:7:\"menu_id\";s:2:\"23\";s:6:\"active\";s:1:\"1\";s:6:\"method\";s:17:\"listing/portfolio\";s:10:\"controller\";s:6:\"screen\";s:5:\"label\";s:10:\"Portfólio\";}i:2;O:8:\"stdClass\":9:{s:11:\"mysql_table\";s:15:\"portfolio_video\";s:4:\"name\";s:6:\"Videos\";s:4:\"icon\";s:21:\"fa-star              \";s:10:\"snippet_id\";s:1:\"0\";s:7:\"menu_id\";s:2:\"23\";s:6:\"active\";s:1:\"1\";s:6:\"method\";s:23:\"listing/portfolio_video\";s:10:\"controller\";s:6:\"screen\";s:5:\"label\";s:6:\"Videos\";}}}}}\";}'), ('68ef05d17bc23d3dd9802487207634ed', '127.2.221.1', 'Mozilla/5.0 (Windows NT 6.1; WOW64) AppleWebKit/53', '1429792930', 'a:2:{s:9:\"user_data\";s:0:\"\";s:4:\"user\";s:2674:\"O:8:\"stdClass\":8:{s:7:\"user_id\";s:2:\"10\";s:4:\"name\";s:7:\"Luciano\";s:12:\"company_name\";s:8:\"Kadaicha\";s:10:\"profile_id\";s:8:\"97719874\";s:10:\"company_id\";s:2:\"13\";s:11:\"upload_path\";s:41:\"http://www.kadaicha.com.br/assets/upload/\";s:9:\"developer\";s:1:\"0\";s:7:\"modules\";a:5:{i:0;O:8:\"stdClass\":6:{s:11:\"mysql_table\";s:6:\"banner\";s:4:\"name\";s:7:\"Banners\";s:4:\"icon\";s:21:\"fa-print             \";s:10:\"snippet_id\";s:1:\"0\";s:7:\"menu_id\";N;s:6:\"active\";s:1:\"1\";}i:1;O:8:\"stdClass\":6:{s:11:\"mysql_table\";s:5:\"about\";s:4:\"name\";s:5:\"Sobre\";s:4:\"icon\";s:21:\"fa-heart             \";s:10:\"snippet_id\";s:1:\"0\";s:7:\"menu_id\";N;s:6:\"active\";s:1:\"1\";}i:2;O:8:\"stdClass\":6:{s:11:\"mysql_table\";s:8:\"services\";s:4:\"name\";s:9:\"Serviços\";s:4:\"icon\";s:21:\"fa-bolt              \";s:10:\"snippet_id\";s:1:\"0\";s:7:\"menu_id\";N;s:6:\"active\";s:1:\"1\";}i:3;O:8:\"stdClass\":10:{s:11:\"mysql_table\";s:4:\"menu\";s:4:\"name\";s:10:\"Configurar\";s:4:\"icon\";s:21:\"fa-list              \";s:10:\"snippet_id\";s:1:\"0\";s:7:\"menu_id\";s:2:\"22\";s:6:\"active\";s:1:\"1\";s:6:\"method\";s:12:\"listing/menu\";s:10:\"controller\";s:6:\"screen\";s:5:\"label\";s:4:\"Menu\";s:7:\"submenu\";a:3:{i:0;r:31;i:1;O:8:\"stdClass\":9:{s:11:\"mysql_table\";s:12:\"website_data\";s:4:\"name\";s:13:\"Dados do Site\";s:4:\"icon\";s:14:\"fa-bar-chart-o\";s:10:\"snippet_id\";s:1:\"0\";s:7:\"menu_id\";s:2:\"22\";s:6:\"active\";s:1:\"1\";s:6:\"method\";s:20:\"listing/website_data\";s:10:\"controller\";s:6:\"screen\";s:5:\"label\";s:13:\"Dados do Site\";}i:2;O:8:\"stdClass\":9:{s:11:\"mysql_table\";s:12:\"website_text\";s:4:\"name\";s:14:\"Textos do site\";s:4:\"icon\";s:14:\"fa-bar-chart-o\";s:10:\"snippet_id\";s:1:\"0\";s:7:\"menu_id\";s:2:\"22\";s:6:\"active\";s:1:\"1\";s:6:\"method\";s:20:\"listing/website_text\";s:10:\"controller\";s:6:\"screen\";s:5:\"label\";s:14:\"Textos do site\";}}}i:4;O:8:\"stdClass\":10:{s:11:\"mysql_table\";s:19:\"portfolio_categoria\";s:4:\"name\";s:10:\"Portfólio\";s:4:\"icon\";s:21:\"fa-star              \";s:10:\"snippet_id\";s:1:\"0\";s:7:\"menu_id\";s:2:\"23\";s:6:\"active\";s:1:\"1\";s:6:\"method\";s:27:\"listing/portfolio_categoria\";s:10:\"controller\";s:6:\"screen\";s:5:\"label\";s:10:\"Categorias\";s:7:\"submenu\";a:3:{i:0;r:63;i:1;O:8:\"stdClass\":9:{s:11:\"mysql_table\";s:9:\"portfolio\";s:4:\"name\";s:10:\"Portfólio\";s:4:\"icon\";s:14:\"fa-bar-chart-o\";s:10:\"snippet_id\";s:1:\"0\";s:7:\"menu_id\";s:2:\"23\";s:6:\"active\";s:1:\"1\";s:6:\"method\";s:17:\"listing/portfolio\";s:10:\"controller\";s:6:\"screen\";s:5:\"label\";s:10:\"Portfólio\";}i:2;O:8:\"stdClass\":9:{s:11:\"mysql_table\";s:15:\"portfolio_video\";s:4:\"name\";s:6:\"Videos\";s:4:\"icon\";s:21:\"fa-star              \";s:10:\"snippet_id\";s:1:\"0\";s:7:\"menu_id\";s:2:\"23\";s:6:\"active\";s:1:\"1\";s:6:\"method\";s:23:\"listing/portfolio_video\";s:10:\"controller\";s:6:\"screen\";s:5:\"label\";s:6:\"Videos\";}}}}}\";}'), ('6999dbde2f81c83fe8c66d1361a5f3f5', '127.2.221.1', 'Mozilla/5.0 (Windows NT 6.1; WOW64) AppleWebKit/53', '1429792928', 'a:2:{s:9:\"user_data\";s:0:\"\";s:4:\"user\";s:2674:\"O:8:\"stdClass\":8:{s:7:\"user_id\";s:2:\"10\";s:4:\"name\";s:7:\"Luciano\";s:12:\"company_name\";s:8:\"Kadaicha\";s:10:\"profile_id\";s:8:\"97719874\";s:10:\"company_id\";s:2:\"13\";s:11:\"upload_path\";s:41:\"http://www.kadaicha.com.br/assets/upload/\";s:9:\"developer\";s:1:\"0\";s:7:\"modules\";a:5:{i:0;O:8:\"stdClass\":6:{s:11:\"mysql_table\";s:6:\"banner\";s:4:\"name\";s:7:\"Banners\";s:4:\"icon\";s:21:\"fa-print             \";s:10:\"snippet_id\";s:1:\"0\";s:7:\"menu_id\";N;s:6:\"active\";s:1:\"1\";}i:1;O:8:\"stdClass\":6:{s:11:\"mysql_table\";s:5:\"about\";s:4:\"name\";s:5:\"Sobre\";s:4:\"icon\";s:21:\"fa-heart             \";s:10:\"snippet_id\";s:1:\"0\";s:7:\"menu_id\";N;s:6:\"active\";s:1:\"1\";}i:2;O:8:\"stdClass\":6:{s:11:\"mysql_table\";s:8:\"services\";s:4:\"name\";s:9:\"Serviços\";s:4:\"icon\";s:21:\"fa-bolt              \";s:10:\"snippet_id\";s:1:\"0\";s:7:\"menu_id\";N;s:6:\"active\";s:1:\"1\";}i:3;O:8:\"stdClass\":10:{s:11:\"mysql_table\";s:4:\"menu\";s:4:\"name\";s:10:\"Configurar\";s:4:\"icon\";s:21:\"fa-list              \";s:10:\"snippet_id\";s:1:\"0\";s:7:\"menu_id\";s:2:\"22\";s:6:\"active\";s:1:\"1\";s:6:\"method\";s:12:\"listing/menu\";s:10:\"controller\";s:6:\"screen\";s:5:\"label\";s:4:\"Menu\";s:7:\"submenu\";a:3:{i:0;r:31;i:1;O:8:\"stdClass\":9:{s:11:\"mysql_table\";s:12:\"website_data\";s:4:\"name\";s:13:\"Dados do Site\";s:4:\"icon\";s:14:\"fa-bar-chart-o\";s:10:\"snippet_id\";s:1:\"0\";s:7:\"menu_id\";s:2:\"22\";s:6:\"active\";s:1:\"1\";s:6:\"method\";s:20:\"listing/website_data\";s:10:\"controller\";s:6:\"screen\";s:5:\"label\";s:13:\"Dados do Site\";}i:2;O:8:\"stdClass\":9:{s:11:\"mysql_table\";s:12:\"website_text\";s:4:\"name\";s:14:\"Textos do site\";s:4:\"icon\";s:14:\"fa-bar-chart-o\";s:10:\"snippet_id\";s:1:\"0\";s:7:\"menu_id\";s:2:\"22\";s:6:\"active\";s:1:\"1\";s:6:\"method\";s:20:\"listing/website_text\";s:10:\"controller\";s:6:\"screen\";s:5:\"label\";s:14:\"Textos do site\";}}}i:4;O:8:\"stdClass\":10:{s:11:\"mysql_table\";s:19:\"portfolio_categoria\";s:4:\"name\";s:10:\"Portfólio\";s:4:\"icon\";s:21:\"fa-star              \";s:10:\"snippet_id\";s:1:\"0\";s:7:\"menu_id\";s:2:\"23\";s:6:\"active\";s:1:\"1\";s:6:\"method\";s:27:\"listing/portfolio_categoria\";s:10:\"controller\";s:6:\"screen\";s:5:\"label\";s:10:\"Categorias\";s:7:\"submenu\";a:3:{i:0;r:63;i:1;O:8:\"stdClass\":9:{s:11:\"mysql_table\";s:9:\"portfolio\";s:4:\"name\";s:10:\"Portfólio\";s:4:\"icon\";s:14:\"fa-bar-chart-o\";s:10:\"snippet_id\";s:1:\"0\";s:7:\"menu_id\";s:2:\"23\";s:6:\"active\";s:1:\"1\";s:6:\"method\";s:17:\"listing/portfolio\";s:10:\"controller\";s:6:\"screen\";s:5:\"label\";s:10:\"Portfólio\";}i:2;O:8:\"stdClass\":9:{s:11:\"mysql_table\";s:15:\"portfolio_video\";s:4:\"name\";s:6:\"Videos\";s:4:\"icon\";s:21:\"fa-star              \";s:10:\"snippet_id\";s:1:\"0\";s:7:\"menu_id\";s:2:\"23\";s:6:\"active\";s:1:\"1\";s:6:\"method\";s:23:\"listing/portfolio_video\";s:10:\"controller\";s:6:\"screen\";s:5:\"label\";s:6:\"Videos\";}}}}}\";}'), ('6a012622516ef1dc0f6d56384bec573d', '127.2.221.1', 'Mozilla/5.0 (Windows NT 6.1; WOW64) AppleWebKit/53', '1429793319', 'a:2:{s:9:\"user_data\";s:0:\"\";s:4:\"user\";s:2674:\"O:8:\"stdClass\":8:{s:7:\"user_id\";s:2:\"10\";s:4:\"name\";s:7:\"Luciano\";s:12:\"company_name\";s:8:\"Kadaicha\";s:10:\"profile_id\";s:8:\"97719874\";s:10:\"company_id\";s:2:\"13\";s:11:\"upload_path\";s:41:\"http://www.kadaicha.com.br/assets/upload/\";s:9:\"developer\";s:1:\"0\";s:7:\"modules\";a:5:{i:0;O:8:\"stdClass\":6:{s:11:\"mysql_table\";s:6:\"banner\";s:4:\"name\";s:7:\"Banners\";s:4:\"icon\";s:21:\"fa-print             \";s:10:\"snippet_id\";s:1:\"0\";s:7:\"menu_id\";N;s:6:\"active\";s:1:\"1\";}i:1;O:8:\"stdClass\":6:{s:11:\"mysql_table\";s:5:\"about\";s:4:\"name\";s:5:\"Sobre\";s:4:\"icon\";s:21:\"fa-heart             \";s:10:\"snippet_id\";s:1:\"0\";s:7:\"menu_id\";N;s:6:\"active\";s:1:\"1\";}i:2;O:8:\"stdClass\":6:{s:11:\"mysql_table\";s:8:\"services\";s:4:\"name\";s:9:\"Serviços\";s:4:\"icon\";s:21:\"fa-bolt              \";s:10:\"snippet_id\";s:1:\"0\";s:7:\"menu_id\";N;s:6:\"active\";s:1:\"1\";}i:3;O:8:\"stdClass\":10:{s:11:\"mysql_table\";s:4:\"menu\";s:4:\"name\";s:10:\"Configurar\";s:4:\"icon\";s:21:\"fa-list              \";s:10:\"snippet_id\";s:1:\"0\";s:7:\"menu_id\";s:2:\"22\";s:6:\"active\";s:1:\"1\";s:6:\"method\";s:12:\"listing/menu\";s:10:\"controller\";s:6:\"screen\";s:5:\"label\";s:4:\"Menu\";s:7:\"submenu\";a:3:{i:0;r:31;i:1;O:8:\"stdClass\":9:{s:11:\"mysql_table\";s:12:\"website_data\";s:4:\"name\";s:13:\"Dados do Site\";s:4:\"icon\";s:14:\"fa-bar-chart-o\";s:10:\"snippet_id\";s:1:\"0\";s:7:\"menu_id\";s:2:\"22\";s:6:\"active\";s:1:\"1\";s:6:\"method\";s:20:\"listing/website_data\";s:10:\"controller\";s:6:\"screen\";s:5:\"label\";s:13:\"Dados do Site\";}i:2;O:8:\"stdClass\":9:{s:11:\"mysql_table\";s:12:\"website_text\";s:4:\"name\";s:14:\"Textos do site\";s:4:\"icon\";s:14:\"fa-bar-chart-o\";s:10:\"snippet_id\";s:1:\"0\";s:7:\"menu_id\";s:2:\"22\";s:6:\"active\";s:1:\"1\";s:6:\"method\";s:20:\"listing/website_text\";s:10:\"controller\";s:6:\"screen\";s:5:\"label\";s:14:\"Textos do site\";}}}i:4;O:8:\"stdClass\":10:{s:11:\"mysql_table\";s:19:\"portfolio_categoria\";s:4:\"name\";s:10:\"Portfólio\";s:4:\"icon\";s:21:\"fa-star              \";s:10:\"snippet_id\";s:1:\"0\";s:7:\"menu_id\";s:2:\"23\";s:6:\"active\";s:1:\"1\";s:6:\"method\";s:27:\"listing/portfolio_categoria\";s:10:\"controller\";s:6:\"screen\";s:5:\"label\";s:10:\"Categorias\";s:7:\"submenu\";a:3:{i:0;r:63;i:1;O:8:\"stdClass\":9:{s:11:\"mysql_table\";s:9:\"portfolio\";s:4:\"name\";s:10:\"Portfólio\";s:4:\"icon\";s:14:\"fa-bar-chart-o\";s:10:\"snippet_id\";s:1:\"0\";s:7:\"menu_id\";s:2:\"23\";s:6:\"active\";s:1:\"1\";s:6:\"method\";s:17:\"listing/portfolio\";s:10:\"controller\";s:6:\"screen\";s:5:\"label\";s:10:\"Portfólio\";}i:2;O:8:\"stdClass\":9:{s:11:\"mysql_table\";s:15:\"portfolio_video\";s:4:\"name\";s:6:\"Videos\";s:4:\"icon\";s:21:\"fa-star              \";s:10:\"snippet_id\";s:1:\"0\";s:7:\"menu_id\";s:2:\"23\";s:6:\"active\";s:1:\"1\";s:6:\"method\";s:23:\"listing/portfolio_video\";s:10:\"controller\";s:6:\"screen\";s:5:\"label\";s:6:\"Videos\";}}}}}\";}'), ('6bfa5503af0e0dc3a6e5ab7666f54279', '127.2.221.1', 'Mozilla/5.0 (Windows NT 6.1; WOW64) AppleWebKit/53', '1429792747', 'a:2:{s:9:\"user_data\";s:0:\"\";s:4:\"user\";s:2674:\"O:8:\"stdClass\":8:{s:7:\"user_id\";s:2:\"10\";s:4:\"name\";s:7:\"Luciano\";s:12:\"company_name\";s:8:\"Kadaicha\";s:10:\"profile_id\";s:8:\"97719874\";s:10:\"company_id\";s:2:\"13\";s:11:\"upload_path\";s:41:\"http://www.kadaicha.com.br/assets/upload/\";s:9:\"developer\";s:1:\"0\";s:7:\"modules\";a:5:{i:0;O:8:\"stdClass\":6:{s:11:\"mysql_table\";s:6:\"banner\";s:4:\"name\";s:7:\"Banners\";s:4:\"icon\";s:21:\"fa-print             \";s:10:\"snippet_id\";s:1:\"0\";s:7:\"menu_id\";N;s:6:\"active\";s:1:\"1\";}i:1;O:8:\"stdClass\":6:{s:11:\"mysql_table\";s:5:\"about\";s:4:\"name\";s:5:\"Sobre\";s:4:\"icon\";s:21:\"fa-heart             \";s:10:\"snippet_id\";s:1:\"0\";s:7:\"menu_id\";N;s:6:\"active\";s:1:\"1\";}i:2;O:8:\"stdClass\":6:{s:11:\"mysql_table\";s:8:\"services\";s:4:\"name\";s:9:\"Serviços\";s:4:\"icon\";s:21:\"fa-bolt              \";s:10:\"snippet_id\";s:1:\"0\";s:7:\"menu_id\";N;s:6:\"active\";s:1:\"1\";}i:3;O:8:\"stdClass\":10:{s:11:\"mysql_table\";s:4:\"menu\";s:4:\"name\";s:10:\"Configurar\";s:4:\"icon\";s:21:\"fa-list              \";s:10:\"snippet_id\";s:1:\"0\";s:7:\"menu_id\";s:2:\"22\";s:6:\"active\";s:1:\"1\";s:6:\"method\";s:12:\"listing/menu\";s:10:\"controller\";s:6:\"screen\";s:5:\"label\";s:4:\"Menu\";s:7:\"submenu\";a:3:{i:0;r:31;i:1;O:8:\"stdClass\":9:{s:11:\"mysql_table\";s:12:\"website_data\";s:4:\"name\";s:13:\"Dados do Site\";s:4:\"icon\";s:14:\"fa-bar-chart-o\";s:10:\"snippet_id\";s:1:\"0\";s:7:\"menu_id\";s:2:\"22\";s:6:\"active\";s:1:\"1\";s:6:\"method\";s:20:\"listing/website_data\";s:10:\"controller\";s:6:\"screen\";s:5:\"label\";s:13:\"Dados do Site\";}i:2;O:8:\"stdClass\":9:{s:11:\"mysql_table\";s:12:\"website_text\";s:4:\"name\";s:14:\"Textos do site\";s:4:\"icon\";s:14:\"fa-bar-chart-o\";s:10:\"snippet_id\";s:1:\"0\";s:7:\"menu_id\";s:2:\"22\";s:6:\"active\";s:1:\"1\";s:6:\"method\";s:20:\"listing/website_text\";s:10:\"controller\";s:6:\"screen\";s:5:\"label\";s:14:\"Textos do site\";}}}i:4;O:8:\"stdClass\":10:{s:11:\"mysql_table\";s:19:\"portfolio_categoria\";s:4:\"name\";s:10:\"Portfólio\";s:4:\"icon\";s:21:\"fa-star              \";s:10:\"snippet_id\";s:1:\"0\";s:7:\"menu_id\";s:2:\"23\";s:6:\"active\";s:1:\"1\";s:6:\"method\";s:27:\"listing/portfolio_categoria\";s:10:\"controller\";s:6:\"screen\";s:5:\"label\";s:10:\"Categorias\";s:7:\"submenu\";a:3:{i:0;r:63;i:1;O:8:\"stdClass\":9:{s:11:\"mysql_table\";s:9:\"portfolio\";s:4:\"name\";s:10:\"Portfólio\";s:4:\"icon\";s:14:\"fa-bar-chart-o\";s:10:\"snippet_id\";s:1:\"0\";s:7:\"menu_id\";s:2:\"23\";s:6:\"active\";s:1:\"1\";s:6:\"method\";s:17:\"listing/portfolio\";s:10:\"controller\";s:6:\"screen\";s:5:\"label\";s:10:\"Portfólio\";}i:2;O:8:\"stdClass\":9:{s:11:\"mysql_table\";s:15:\"portfolio_video\";s:4:\"name\";s:6:\"Videos\";s:4:\"icon\";s:21:\"fa-star              \";s:10:\"snippet_id\";s:1:\"0\";s:7:\"menu_id\";s:2:\"23\";s:6:\"active\";s:1:\"1\";s:6:\"method\";s:23:\"listing/portfolio_video\";s:10:\"controller\";s:6:\"screen\";s:5:\"label\";s:6:\"Videos\";}}}}}\";}'), ('6dd06f39ea7b6309e6295635445f47b8', '127.2.221.1', 'Mozilla/5.0 (Windows NT 6.1; WOW64) AppleWebKit/53', '1429792796', 'a:2:{s:9:\"user_data\";s:0:\"\";s:4:\"user\";s:2674:\"O:8:\"stdClass\":8:{s:7:\"user_id\";s:2:\"10\";s:4:\"name\";s:7:\"Luciano\";s:12:\"company_name\";s:8:\"Kadaicha\";s:10:\"profile_id\";s:8:\"97719874\";s:10:\"company_id\";s:2:\"13\";s:11:\"upload_path\";s:41:\"http://www.kadaicha.com.br/assets/upload/\";s:9:\"developer\";s:1:\"0\";s:7:\"modules\";a:5:{i:0;O:8:\"stdClass\":6:{s:11:\"mysql_table\";s:6:\"banner\";s:4:\"name\";s:7:\"Banners\";s:4:\"icon\";s:21:\"fa-print             \";s:10:\"snippet_id\";s:1:\"0\";s:7:\"menu_id\";N;s:6:\"active\";s:1:\"1\";}i:1;O:8:\"stdClass\":6:{s:11:\"mysql_table\";s:5:\"about\";s:4:\"name\";s:5:\"Sobre\";s:4:\"icon\";s:21:\"fa-heart             \";s:10:\"snippet_id\";s:1:\"0\";s:7:\"menu_id\";N;s:6:\"active\";s:1:\"1\";}i:2;O:8:\"stdClass\":6:{s:11:\"mysql_table\";s:8:\"services\";s:4:\"name\";s:9:\"Serviços\";s:4:\"icon\";s:21:\"fa-bolt              \";s:10:\"snippet_id\";s:1:\"0\";s:7:\"menu_id\";N;s:6:\"active\";s:1:\"1\";}i:3;O:8:\"stdClass\":10:{s:11:\"mysql_table\";s:4:\"menu\";s:4:\"name\";s:10:\"Configurar\";s:4:\"icon\";s:21:\"fa-list              \";s:10:\"snippet_id\";s:1:\"0\";s:7:\"menu_id\";s:2:\"22\";s:6:\"active\";s:1:\"1\";s:6:\"method\";s:12:\"listing/menu\";s:10:\"controller\";s:6:\"screen\";s:5:\"label\";s:4:\"Menu\";s:7:\"submenu\";a:3:{i:0;r:31;i:1;O:8:\"stdClass\":9:{s:11:\"mysql_table\";s:12:\"website_data\";s:4:\"name\";s:13:\"Dados do Site\";s:4:\"icon\";s:14:\"fa-bar-chart-o\";s:10:\"snippet_id\";s:1:\"0\";s:7:\"menu_id\";s:2:\"22\";s:6:\"active\";s:1:\"1\";s:6:\"method\";s:20:\"listing/website_data\";s:10:\"controller\";s:6:\"screen\";s:5:\"label\";s:13:\"Dados do Site\";}i:2;O:8:\"stdClass\":9:{s:11:\"mysql_table\";s:12:\"website_text\";s:4:\"name\";s:14:\"Textos do site\";s:4:\"icon\";s:14:\"fa-bar-chart-o\";s:10:\"snippet_id\";s:1:\"0\";s:7:\"menu_id\";s:2:\"22\";s:6:\"active\";s:1:\"1\";s:6:\"method\";s:20:\"listing/website_text\";s:10:\"controller\";s:6:\"screen\";s:5:\"label\";s:14:\"Textos do site\";}}}i:4;O:8:\"stdClass\":10:{s:11:\"mysql_table\";s:19:\"portfolio_categoria\";s:4:\"name\";s:10:\"Portfólio\";s:4:\"icon\";s:21:\"fa-star              \";s:10:\"snippet_id\";s:1:\"0\";s:7:\"menu_id\";s:2:\"23\";s:6:\"active\";s:1:\"1\";s:6:\"method\";s:27:\"listing/portfolio_categoria\";s:10:\"controller\";s:6:\"screen\";s:5:\"label\";s:10:\"Categorias\";s:7:\"submenu\";a:3:{i:0;r:63;i:1;O:8:\"stdClass\":9:{s:11:\"mysql_table\";s:9:\"portfolio\";s:4:\"name\";s:10:\"Portfólio\";s:4:\"icon\";s:14:\"fa-bar-chart-o\";s:10:\"snippet_id\";s:1:\"0\";s:7:\"menu_id\";s:2:\"23\";s:6:\"active\";s:1:\"1\";s:6:\"method\";s:17:\"listing/portfolio\";s:10:\"controller\";s:6:\"screen\";s:5:\"label\";s:10:\"Portfólio\";}i:2;O:8:\"stdClass\":9:{s:11:\"mysql_table\";s:15:\"portfolio_video\";s:4:\"name\";s:6:\"Videos\";s:4:\"icon\";s:21:\"fa-star              \";s:10:\"snippet_id\";s:1:\"0\";s:7:\"menu_id\";s:2:\"23\";s:6:\"active\";s:1:\"1\";s:6:\"method\";s:23:\"listing/portfolio_video\";s:10:\"controller\";s:6:\"screen\";s:5:\"label\";s:6:\"Videos\";}}}}}\";}'), ('713d508aa8c2fb3d72e9b631b45fd4ff', '127.2.221.1', 'Mozilla/5.0 (Windows NT 6.1; WOW64) AppleWebKit/53', '1429794281', 'a:2:{s:9:\"user_data\";s:0:\"\";s:4:\"user\";s:2674:\"O:8:\"stdClass\":8:{s:7:\"user_id\";s:2:\"10\";s:4:\"name\";s:7:\"Luciano\";s:12:\"company_name\";s:8:\"Kadaicha\";s:10:\"profile_id\";s:8:\"97719874\";s:10:\"company_id\";s:2:\"13\";s:11:\"upload_path\";s:41:\"http://www.kadaicha.com.br/assets/upload/\";s:9:\"developer\";s:1:\"0\";s:7:\"modules\";a:5:{i:0;O:8:\"stdClass\":6:{s:11:\"mysql_table\";s:6:\"banner\";s:4:\"name\";s:7:\"Banners\";s:4:\"icon\";s:21:\"fa-print             \";s:10:\"snippet_id\";s:1:\"0\";s:7:\"menu_id\";N;s:6:\"active\";s:1:\"1\";}i:1;O:8:\"stdClass\":6:{s:11:\"mysql_table\";s:5:\"about\";s:4:\"name\";s:5:\"Sobre\";s:4:\"icon\";s:21:\"fa-heart             \";s:10:\"snippet_id\";s:1:\"0\";s:7:\"menu_id\";N;s:6:\"active\";s:1:\"1\";}i:2;O:8:\"stdClass\":6:{s:11:\"mysql_table\";s:8:\"services\";s:4:\"name\";s:9:\"Serviços\";s:4:\"icon\";s:21:\"fa-bolt              \";s:10:\"snippet_id\";s:1:\"0\";s:7:\"menu_id\";N;s:6:\"active\";s:1:\"1\";}i:3;O:8:\"stdClass\":10:{s:11:\"mysql_table\";s:4:\"menu\";s:4:\"name\";s:10:\"Configurar\";s:4:\"icon\";s:21:\"fa-list              \";s:10:\"snippet_id\";s:1:\"0\";s:7:\"menu_id\";s:2:\"22\";s:6:\"active\";s:1:\"1\";s:6:\"method\";s:12:\"listing/menu\";s:10:\"controller\";s:6:\"screen\";s:5:\"label\";s:4:\"Menu\";s:7:\"submenu\";a:3:{i:0;r:31;i:1;O:8:\"stdClass\":9:{s:11:\"mysql_table\";s:12:\"website_data\";s:4:\"name\";s:13:\"Dados do Site\";s:4:\"icon\";s:14:\"fa-bar-chart-o\";s:10:\"snippet_id\";s:1:\"0\";s:7:\"menu_id\";s:2:\"22\";s:6:\"active\";s:1:\"1\";s:6:\"method\";s:20:\"listing/website_data\";s:10:\"controller\";s:6:\"screen\";s:5:\"label\";s:13:\"Dados do Site\";}i:2;O:8:\"stdClass\":9:{s:11:\"mysql_table\";s:12:\"website_text\";s:4:\"name\";s:14:\"Textos do site\";s:4:\"icon\";s:14:\"fa-bar-chart-o\";s:10:\"snippet_id\";s:1:\"0\";s:7:\"menu_id\";s:2:\"22\";s:6:\"active\";s:1:\"1\";s:6:\"method\";s:20:\"listing/website_text\";s:10:\"controller\";s:6:\"screen\";s:5:\"label\";s:14:\"Textos do site\";}}}i:4;O:8:\"stdClass\":10:{s:11:\"mysql_table\";s:19:\"portfolio_categoria\";s:4:\"name\";s:10:\"Portfólio\";s:4:\"icon\";s:21:\"fa-star              \";s:10:\"snippet_id\";s:1:\"0\";s:7:\"menu_id\";s:2:\"23\";s:6:\"active\";s:1:\"1\";s:6:\"method\";s:27:\"listing/portfolio_categoria\";s:10:\"controller\";s:6:\"screen\";s:5:\"label\";s:10:\"Categorias\";s:7:\"submenu\";a:3:{i:0;r:63;i:1;O:8:\"stdClass\":9:{s:11:\"mysql_table\";s:9:\"portfolio\";s:4:\"name\";s:10:\"Portfólio\";s:4:\"icon\";s:14:\"fa-bar-chart-o\";s:10:\"snippet_id\";s:1:\"0\";s:7:\"menu_id\";s:2:\"23\";s:6:\"active\";s:1:\"1\";s:6:\"method\";s:17:\"listing/portfolio\";s:10:\"controller\";s:6:\"screen\";s:5:\"label\";s:10:\"Portfólio\";}i:2;O:8:\"stdClass\":9:{s:11:\"mysql_table\";s:15:\"portfolio_video\";s:4:\"name\";s:6:\"Videos\";s:4:\"icon\";s:21:\"fa-star              \";s:10:\"snippet_id\";s:1:\"0\";s:7:\"menu_id\";s:2:\"23\";s:6:\"active\";s:1:\"1\";s:6:\"method\";s:23:\"listing/portfolio_video\";s:10:\"controller\";s:6:\"screen\";s:5:\"label\";s:6:\"Videos\";}}}}}\";}'), ('72d6dda38ed2e8839b9a92f49a355cf4', '127.2.221.1', 'Mozilla/5.0 (Windows NT 6.1; WOW64) AppleWebKit/53', '1429793036', 'a:2:{s:9:\"user_data\";s:0:\"\";s:4:\"user\";s:2674:\"O:8:\"stdClass\":8:{s:7:\"user_id\";s:2:\"10\";s:4:\"name\";s:7:\"Luciano\";s:12:\"company_name\";s:8:\"Kadaicha\";s:10:\"profile_id\";s:8:\"97719874\";s:10:\"company_id\";s:2:\"13\";s:11:\"upload_path\";s:41:\"http://www.kadaicha.com.br/assets/upload/\";s:9:\"developer\";s:1:\"0\";s:7:\"modules\";a:5:{i:0;O:8:\"stdClass\":6:{s:11:\"mysql_table\";s:6:\"banner\";s:4:\"name\";s:7:\"Banners\";s:4:\"icon\";s:21:\"fa-print             \";s:10:\"snippet_id\";s:1:\"0\";s:7:\"menu_id\";N;s:6:\"active\";s:1:\"1\";}i:1;O:8:\"stdClass\":6:{s:11:\"mysql_table\";s:5:\"about\";s:4:\"name\";s:5:\"Sobre\";s:4:\"icon\";s:21:\"fa-heart             \";s:10:\"snippet_id\";s:1:\"0\";s:7:\"menu_id\";N;s:6:\"active\";s:1:\"1\";}i:2;O:8:\"stdClass\":6:{s:11:\"mysql_table\";s:8:\"services\";s:4:\"name\";s:9:\"Serviços\";s:4:\"icon\";s:21:\"fa-bolt              \";s:10:\"snippet_id\";s:1:\"0\";s:7:\"menu_id\";N;s:6:\"active\";s:1:\"1\";}i:3;O:8:\"stdClass\":10:{s:11:\"mysql_table\";s:4:\"menu\";s:4:\"name\";s:10:\"Configurar\";s:4:\"icon\";s:21:\"fa-list              \";s:10:\"snippet_id\";s:1:\"0\";s:7:\"menu_id\";s:2:\"22\";s:6:\"active\";s:1:\"1\";s:6:\"method\";s:12:\"listing/menu\";s:10:\"controller\";s:6:\"screen\";s:5:\"label\";s:4:\"Menu\";s:7:\"submenu\";a:3:{i:0;r:31;i:1;O:8:\"stdClass\":9:{s:11:\"mysql_table\";s:12:\"website_data\";s:4:\"name\";s:13:\"Dados do Site\";s:4:\"icon\";s:14:\"fa-bar-chart-o\";s:10:\"snippet_id\";s:1:\"0\";s:7:\"menu_id\";s:2:\"22\";s:6:\"active\";s:1:\"1\";s:6:\"method\";s:20:\"listing/website_data\";s:10:\"controller\";s:6:\"screen\";s:5:\"label\";s:13:\"Dados do Site\";}i:2;O:8:\"stdClass\":9:{s:11:\"mysql_table\";s:12:\"website_text\";s:4:\"name\";s:14:\"Textos do site\";s:4:\"icon\";s:14:\"fa-bar-chart-o\";s:10:\"snippet_id\";s:1:\"0\";s:7:\"menu_id\";s:2:\"22\";s:6:\"active\";s:1:\"1\";s:6:\"method\";s:20:\"listing/website_text\";s:10:\"controller\";s:6:\"screen\";s:5:\"label\";s:14:\"Textos do site\";}}}i:4;O:8:\"stdClass\":10:{s:11:\"mysql_table\";s:19:\"portfolio_categoria\";s:4:\"name\";s:10:\"Portfólio\";s:4:\"icon\";s:21:\"fa-star              \";s:10:\"snippet_id\";s:1:\"0\";s:7:\"menu_id\";s:2:\"23\";s:6:\"active\";s:1:\"1\";s:6:\"method\";s:27:\"listing/portfolio_categoria\";s:10:\"controller\";s:6:\"screen\";s:5:\"label\";s:10:\"Categorias\";s:7:\"submenu\";a:3:{i:0;r:63;i:1;O:8:\"stdClass\":9:{s:11:\"mysql_table\";s:9:\"portfolio\";s:4:\"name\";s:10:\"Portfólio\";s:4:\"icon\";s:14:\"fa-bar-chart-o\";s:10:\"snippet_id\";s:1:\"0\";s:7:\"menu_id\";s:2:\"23\";s:6:\"active\";s:1:\"1\";s:6:\"method\";s:17:\"listing/portfolio\";s:10:\"controller\";s:6:\"screen\";s:5:\"label\";s:10:\"Portfólio\";}i:2;O:8:\"stdClass\":9:{s:11:\"mysql_table\";s:15:\"portfolio_video\";s:4:\"name\";s:6:\"Videos\";s:4:\"icon\";s:21:\"fa-star              \";s:10:\"snippet_id\";s:1:\"0\";s:7:\"menu_id\";s:2:\"23\";s:6:\"active\";s:1:\"1\";s:6:\"method\";s:23:\"listing/portfolio_video\";s:10:\"controller\";s:6:\"screen\";s:5:\"label\";s:6:\"Videos\";}}}}}\";}'), ('73fce0d43b7fca62941b28dd6cca658f', '127.2.221.1', 'Mozilla/5.0 (Windows NT 6.1; WOW64) AppleWebKit/53', '1429804053', ''), ('748edd412f4006d6d9a2a05890dd58ce', '127.2.221.1', 'Mozilla/5.0 (Windows NT 6.1; WOW64) AppleWebKit/53', '1429792795', 'a:2:{s:9:\"user_data\";s:0:\"\";s:4:\"user\";s:2674:\"O:8:\"stdClass\":8:{s:7:\"user_id\";s:2:\"10\";s:4:\"name\";s:7:\"Luciano\";s:12:\"company_name\";s:8:\"Kadaicha\";s:10:\"profile_id\";s:8:\"97719874\";s:10:\"company_id\";s:2:\"13\";s:11:\"upload_path\";s:41:\"http://www.kadaicha.com.br/assets/upload/\";s:9:\"developer\";s:1:\"0\";s:7:\"modules\";a:5:{i:0;O:8:\"stdClass\":6:{s:11:\"mysql_table\";s:6:\"banner\";s:4:\"name\";s:7:\"Banners\";s:4:\"icon\";s:21:\"fa-print             \";s:10:\"snippet_id\";s:1:\"0\";s:7:\"menu_id\";N;s:6:\"active\";s:1:\"1\";}i:1;O:8:\"stdClass\":6:{s:11:\"mysql_table\";s:5:\"about\";s:4:\"name\";s:5:\"Sobre\";s:4:\"icon\";s:21:\"fa-heart             \";s:10:\"snippet_id\";s:1:\"0\";s:7:\"menu_id\";N;s:6:\"active\";s:1:\"1\";}i:2;O:8:\"stdClass\":6:{s:11:\"mysql_table\";s:8:\"services\";s:4:\"name\";s:9:\"Serviços\";s:4:\"icon\";s:21:\"fa-bolt              \";s:10:\"snippet_id\";s:1:\"0\";s:7:\"menu_id\";N;s:6:\"active\";s:1:\"1\";}i:3;O:8:\"stdClass\":10:{s:11:\"mysql_table\";s:4:\"menu\";s:4:\"name\";s:10:\"Configurar\";s:4:\"icon\";s:21:\"fa-list              \";s:10:\"snippet_id\";s:1:\"0\";s:7:\"menu_id\";s:2:\"22\";s:6:\"active\";s:1:\"1\";s:6:\"method\";s:12:\"listing/menu\";s:10:\"controller\";s:6:\"screen\";s:5:\"label\";s:4:\"Menu\";s:7:\"submenu\";a:3:{i:0;r:31;i:1;O:8:\"stdClass\":9:{s:11:\"mysql_table\";s:12:\"website_data\";s:4:\"name\";s:13:\"Dados do Site\";s:4:\"icon\";s:14:\"fa-bar-chart-o\";s:10:\"snippet_id\";s:1:\"0\";s:7:\"menu_id\";s:2:\"22\";s:6:\"active\";s:1:\"1\";s:6:\"method\";s:20:\"listing/website_data\";s:10:\"controller\";s:6:\"screen\";s:5:\"label\";s:13:\"Dados do Site\";}i:2;O:8:\"stdClass\":9:{s:11:\"mysql_table\";s:12:\"website_text\";s:4:\"name\";s:14:\"Textos do site\";s:4:\"icon\";s:14:\"fa-bar-chart-o\";s:10:\"snippet_id\";s:1:\"0\";s:7:\"menu_id\";s:2:\"22\";s:6:\"active\";s:1:\"1\";s:6:\"method\";s:20:\"listing/website_text\";s:10:\"controller\";s:6:\"screen\";s:5:\"label\";s:14:\"Textos do site\";}}}i:4;O:8:\"stdClass\":10:{s:11:\"mysql_table\";s:19:\"portfolio_categoria\";s:4:\"name\";s:10:\"Portfólio\";s:4:\"icon\";s:21:\"fa-star              \";s:10:\"snippet_id\";s:1:\"0\";s:7:\"menu_id\";s:2:\"23\";s:6:\"active\";s:1:\"1\";s:6:\"method\";s:27:\"listing/portfolio_categoria\";s:10:\"controller\";s:6:\"screen\";s:5:\"label\";s:10:\"Categorias\";s:7:\"submenu\";a:3:{i:0;r:63;i:1;O:8:\"stdClass\":9:{s:11:\"mysql_table\";s:9:\"portfolio\";s:4:\"name\";s:10:\"Portfólio\";s:4:\"icon\";s:14:\"fa-bar-chart-o\";s:10:\"snippet_id\";s:1:\"0\";s:7:\"menu_id\";s:2:\"23\";s:6:\"active\";s:1:\"1\";s:6:\"method\";s:17:\"listing/portfolio\";s:10:\"controller\";s:6:\"screen\";s:5:\"label\";s:10:\"Portfólio\";}i:2;O:8:\"stdClass\":9:{s:11:\"mysql_table\";s:15:\"portfolio_video\";s:4:\"name\";s:6:\"Videos\";s:4:\"icon\";s:21:\"fa-star              \";s:10:\"snippet_id\";s:1:\"0\";s:7:\"menu_id\";s:2:\"23\";s:6:\"active\";s:1:\"1\";s:6:\"method\";s:23:\"listing/portfolio_video\";s:10:\"controller\";s:6:\"screen\";s:5:\"label\";s:6:\"Videos\";}}}}}\";}'), ('779f91d8ef1db85dc67d31b73531bb04', '127.2.221.1', 'Mozilla/5.0 (Windows NT 6.1; WOW64) AppleWebKit/53', '1429790390', ''), ('77d7861efe4557e0b45f7d247489a971', '127.2.221.1', 'Mozilla/5.0 (Windows NT 6.1; WOW64) AppleWebKit/53', '1429794282', 'a:2:{s:9:\"user_data\";s:0:\"\";s:4:\"user\";s:2674:\"O:8:\"stdClass\":8:{s:7:\"user_id\";s:2:\"10\";s:4:\"name\";s:7:\"Luciano\";s:12:\"company_name\";s:8:\"Kadaicha\";s:10:\"profile_id\";s:8:\"97719874\";s:10:\"company_id\";s:2:\"13\";s:11:\"upload_path\";s:41:\"http://www.kadaicha.com.br/assets/upload/\";s:9:\"developer\";s:1:\"0\";s:7:\"modules\";a:5:{i:0;O:8:\"stdClass\":6:{s:11:\"mysql_table\";s:6:\"banner\";s:4:\"name\";s:7:\"Banners\";s:4:\"icon\";s:21:\"fa-print             \";s:10:\"snippet_id\";s:1:\"0\";s:7:\"menu_id\";N;s:6:\"active\";s:1:\"1\";}i:1;O:8:\"stdClass\":6:{s:11:\"mysql_table\";s:5:\"about\";s:4:\"name\";s:5:\"Sobre\";s:4:\"icon\";s:21:\"fa-heart             \";s:10:\"snippet_id\";s:1:\"0\";s:7:\"menu_id\";N;s:6:\"active\";s:1:\"1\";}i:2;O:8:\"stdClass\":6:{s:11:\"mysql_table\";s:8:\"services\";s:4:\"name\";s:9:\"Serviços\";s:4:\"icon\";s:21:\"fa-bolt              \";s:10:\"snippet_id\";s:1:\"0\";s:7:\"menu_id\";N;s:6:\"active\";s:1:\"1\";}i:3;O:8:\"stdClass\":10:{s:11:\"mysql_table\";s:4:\"menu\";s:4:\"name\";s:10:\"Configurar\";s:4:\"icon\";s:21:\"fa-list              \";s:10:\"snippet_id\";s:1:\"0\";s:7:\"menu_id\";s:2:\"22\";s:6:\"active\";s:1:\"1\";s:6:\"method\";s:12:\"listing/menu\";s:10:\"controller\";s:6:\"screen\";s:5:\"label\";s:4:\"Menu\";s:7:\"submenu\";a:3:{i:0;r:31;i:1;O:8:\"stdClass\":9:{s:11:\"mysql_table\";s:12:\"website_data\";s:4:\"name\";s:13:\"Dados do Site\";s:4:\"icon\";s:14:\"fa-bar-chart-o\";s:10:\"snippet_id\";s:1:\"0\";s:7:\"menu_id\";s:2:\"22\";s:6:\"active\";s:1:\"1\";s:6:\"method\";s:20:\"listing/website_data\";s:10:\"controller\";s:6:\"screen\";s:5:\"label\";s:13:\"Dados do Site\";}i:2;O:8:\"stdClass\":9:{s:11:\"mysql_table\";s:12:\"website_text\";s:4:\"name\";s:14:\"Textos do site\";s:4:\"icon\";s:14:\"fa-bar-chart-o\";s:10:\"snippet_id\";s:1:\"0\";s:7:\"menu_id\";s:2:\"22\";s:6:\"active\";s:1:\"1\";s:6:\"method\";s:20:\"listing/website_text\";s:10:\"controller\";s:6:\"screen\";s:5:\"label\";s:14:\"Textos do site\";}}}i:4;O:8:\"stdClass\":10:{s:11:\"mysql_table\";s:19:\"portfolio_categoria\";s:4:\"name\";s:10:\"Portfólio\";s:4:\"icon\";s:21:\"fa-star              \";s:10:\"snippet_id\";s:1:\"0\";s:7:\"menu_id\";s:2:\"23\";s:6:\"active\";s:1:\"1\";s:6:\"method\";s:27:\"listing/portfolio_categoria\";s:10:\"controller\";s:6:\"screen\";s:5:\"label\";s:10:\"Categorias\";s:7:\"submenu\";a:3:{i:0;r:63;i:1;O:8:\"stdClass\":9:{s:11:\"mysql_table\";s:9:\"portfolio\";s:4:\"name\";s:10:\"Portfólio\";s:4:\"icon\";s:14:\"fa-bar-chart-o\";s:10:\"snippet_id\";s:1:\"0\";s:7:\"menu_id\";s:2:\"23\";s:6:\"active\";s:1:\"1\";s:6:\"method\";s:17:\"listing/portfolio\";s:10:\"controller\";s:6:\"screen\";s:5:\"label\";s:10:\"Portfólio\";}i:2;O:8:\"stdClass\":9:{s:11:\"mysql_table\";s:15:\"portfolio_video\";s:4:\"name\";s:6:\"Videos\";s:4:\"icon\";s:21:\"fa-star              \";s:10:\"snippet_id\";s:1:\"0\";s:7:\"menu_id\";s:2:\"23\";s:6:\"active\";s:1:\"1\";s:6:\"method\";s:23:\"listing/portfolio_video\";s:10:\"controller\";s:6:\"screen\";s:5:\"label\";s:6:\"Videos\";}}}}}\";}'), ('791d10b061554591592a907d23363a3a', '127.2.221.1', 'Mozilla/5.0 (Windows NT 6.1; WOW64) AppleWebKit/53', '1429792858', 'a:2:{s:9:\"user_data\";s:0:\"\";s:17:\"flash:new:message\";a:2:{s:7:\"message\";s:19:\"Editado com sucesso\";s:4:\"type\";s:7:\"success\";}}'), ('79f46ac58b57aeae35eb28dd18832c23', '127.2.221.1', 'Mozilla/5.0 (Windows NT 6.1; WOW64) AppleWebKit/53', '1429793386', 'a:2:{s:9:\"user_data\";s:0:\"\";s:17:\"flash:new:message\";a:2:{s:7:\"message\";s:19:\"Editado com sucesso\";s:4:\"type\";s:7:\"success\";}}'), ('81c01a1aefe45643cd3cafea47f3a687', '127.2.221.1', 'Mozilla/5.0 (Windows NT 6.1; WOW64) AppleWebKit/53', '1429793378', 'a:2:{s:9:\"user_data\";s:0:\"\";s:4:\"user\";s:2674:\"O:8:\"stdClass\":8:{s:7:\"user_id\";s:2:\"10\";s:4:\"name\";s:7:\"Luciano\";s:12:\"company_name\";s:8:\"Kadaicha\";s:10:\"profile_id\";s:8:\"97719874\";s:10:\"company_id\";s:2:\"13\";s:11:\"upload_path\";s:41:\"http://www.kadaicha.com.br/assets/upload/\";s:9:\"developer\";s:1:\"0\";s:7:\"modules\";a:5:{i:0;O:8:\"stdClass\":6:{s:11:\"mysql_table\";s:6:\"banner\";s:4:\"name\";s:7:\"Banners\";s:4:\"icon\";s:21:\"fa-print             \";s:10:\"snippet_id\";s:1:\"0\";s:7:\"menu_id\";N;s:6:\"active\";s:1:\"1\";}i:1;O:8:\"stdClass\":6:{s:11:\"mysql_table\";s:5:\"about\";s:4:\"name\";s:5:\"Sobre\";s:4:\"icon\";s:21:\"fa-heart             \";s:10:\"snippet_id\";s:1:\"0\";s:7:\"menu_id\";N;s:6:\"active\";s:1:\"1\";}i:2;O:8:\"stdClass\":6:{s:11:\"mysql_table\";s:8:\"services\";s:4:\"name\";s:9:\"Serviços\";s:4:\"icon\";s:21:\"fa-bolt              \";s:10:\"snippet_id\";s:1:\"0\";s:7:\"menu_id\";N;s:6:\"active\";s:1:\"1\";}i:3;O:8:\"stdClass\":10:{s:11:\"mysql_table\";s:4:\"menu\";s:4:\"name\";s:10:\"Configurar\";s:4:\"icon\";s:21:\"fa-list              \";s:10:\"snippet_id\";s:1:\"0\";s:7:\"menu_id\";s:2:\"22\";s:6:\"active\";s:1:\"1\";s:6:\"method\";s:12:\"listing/menu\";s:10:\"controller\";s:6:\"screen\";s:5:\"label\";s:4:\"Menu\";s:7:\"submenu\";a:3:{i:0;r:31;i:1;O:8:\"stdClass\":9:{s:11:\"mysql_table\";s:12:\"website_data\";s:4:\"name\";s:13:\"Dados do Site\";s:4:\"icon\";s:14:\"fa-bar-chart-o\";s:10:\"snippet_id\";s:1:\"0\";s:7:\"menu_id\";s:2:\"22\";s:6:\"active\";s:1:\"1\";s:6:\"method\";s:20:\"listing/website_data\";s:10:\"controller\";s:6:\"screen\";s:5:\"label\";s:13:\"Dados do Site\";}i:2;O:8:\"stdClass\":9:{s:11:\"mysql_table\";s:12:\"website_text\";s:4:\"name\";s:14:\"Textos do site\";s:4:\"icon\";s:14:\"fa-bar-chart-o\";s:10:\"snippet_id\";s:1:\"0\";s:7:\"menu_id\";s:2:\"22\";s:6:\"active\";s:1:\"1\";s:6:\"method\";s:20:\"listing/website_text\";s:10:\"controller\";s:6:\"screen\";s:5:\"label\";s:14:\"Textos do site\";}}}i:4;O:8:\"stdClass\":10:{s:11:\"mysql_table\";s:19:\"portfolio_categoria\";s:4:\"name\";s:10:\"Portfólio\";s:4:\"icon\";s:21:\"fa-star              \";s:10:\"snippet_id\";s:1:\"0\";s:7:\"menu_id\";s:2:\"23\";s:6:\"active\";s:1:\"1\";s:6:\"method\";s:27:\"listing/portfolio_categoria\";s:10:\"controller\";s:6:\"screen\";s:5:\"label\";s:10:\"Categorias\";s:7:\"submenu\";a:3:{i:0;r:63;i:1;O:8:\"stdClass\":9:{s:11:\"mysql_table\";s:9:\"portfolio\";s:4:\"name\";s:10:\"Portfólio\";s:4:\"icon\";s:14:\"fa-bar-chart-o\";s:10:\"snippet_id\";s:1:\"0\";s:7:\"menu_id\";s:2:\"23\";s:6:\"active\";s:1:\"1\";s:6:\"method\";s:17:\"listing/portfolio\";s:10:\"controller\";s:6:\"screen\";s:5:\"label\";s:10:\"Portfólio\";}i:2;O:8:\"stdClass\":9:{s:11:\"mysql_table\";s:15:\"portfolio_video\";s:4:\"name\";s:6:\"Videos\";s:4:\"icon\";s:21:\"fa-star              \";s:10:\"snippet_id\";s:1:\"0\";s:7:\"menu_id\";s:2:\"23\";s:6:\"active\";s:1:\"1\";s:6:\"method\";s:23:\"listing/portfolio_video\";s:10:\"controller\";s:6:\"screen\";s:5:\"label\";s:6:\"Videos\";}}}}}\";}'), ('848c578a86d3ab9af5167a239d26dd5e', '127.2.221.1', 'Mozilla/5.0 (Windows NT 6.1; WOW64) AppleWebKit/53', '1429792928', 'a:2:{s:9:\"user_data\";s:0:\"\";s:4:\"user\";s:2674:\"O:8:\"stdClass\":8:{s:7:\"user_id\";s:2:\"10\";s:4:\"name\";s:7:\"Luciano\";s:12:\"company_name\";s:8:\"Kadaicha\";s:10:\"profile_id\";s:8:\"97719874\";s:10:\"company_id\";s:2:\"13\";s:11:\"upload_path\";s:41:\"http://www.kadaicha.com.br/assets/upload/\";s:9:\"developer\";s:1:\"0\";s:7:\"modules\";a:5:{i:0;O:8:\"stdClass\":6:{s:11:\"mysql_table\";s:6:\"banner\";s:4:\"name\";s:7:\"Banners\";s:4:\"icon\";s:21:\"fa-print             \";s:10:\"snippet_id\";s:1:\"0\";s:7:\"menu_id\";N;s:6:\"active\";s:1:\"1\";}i:1;O:8:\"stdClass\":6:{s:11:\"mysql_table\";s:5:\"about\";s:4:\"name\";s:5:\"Sobre\";s:4:\"icon\";s:21:\"fa-heart             \";s:10:\"snippet_id\";s:1:\"0\";s:7:\"menu_id\";N;s:6:\"active\";s:1:\"1\";}i:2;O:8:\"stdClass\":6:{s:11:\"mysql_table\";s:8:\"services\";s:4:\"name\";s:9:\"Serviços\";s:4:\"icon\";s:21:\"fa-bolt              \";s:10:\"snippet_id\";s:1:\"0\";s:7:\"menu_id\";N;s:6:\"active\";s:1:\"1\";}i:3;O:8:\"stdClass\":10:{s:11:\"mysql_table\";s:4:\"menu\";s:4:\"name\";s:10:\"Configurar\";s:4:\"icon\";s:21:\"fa-list              \";s:10:\"snippet_id\";s:1:\"0\";s:7:\"menu_id\";s:2:\"22\";s:6:\"active\";s:1:\"1\";s:6:\"method\";s:12:\"listing/menu\";s:10:\"controller\";s:6:\"screen\";s:5:\"label\";s:4:\"Menu\";s:7:\"submenu\";a:3:{i:0;r:31;i:1;O:8:\"stdClass\":9:{s:11:\"mysql_table\";s:12:\"website_data\";s:4:\"name\";s:13:\"Dados do Site\";s:4:\"icon\";s:14:\"fa-bar-chart-o\";s:10:\"snippet_id\";s:1:\"0\";s:7:\"menu_id\";s:2:\"22\";s:6:\"active\";s:1:\"1\";s:6:\"method\";s:20:\"listing/website_data\";s:10:\"controller\";s:6:\"screen\";s:5:\"label\";s:13:\"Dados do Site\";}i:2;O:8:\"stdClass\":9:{s:11:\"mysql_table\";s:12:\"website_text\";s:4:\"name\";s:14:\"Textos do site\";s:4:\"icon\";s:14:\"fa-bar-chart-o\";s:10:\"snippet_id\";s:1:\"0\";s:7:\"menu_id\";s:2:\"22\";s:6:\"active\";s:1:\"1\";s:6:\"method\";s:20:\"listing/website_text\";s:10:\"controller\";s:6:\"screen\";s:5:\"label\";s:14:\"Textos do site\";}}}i:4;O:8:\"stdClass\":10:{s:11:\"mysql_table\";s:19:\"portfolio_categoria\";s:4:\"name\";s:10:\"Portfólio\";s:4:\"icon\";s:21:\"fa-star              \";s:10:\"snippet_id\";s:1:\"0\";s:7:\"menu_id\";s:2:\"23\";s:6:\"active\";s:1:\"1\";s:6:\"method\";s:27:\"listing/portfolio_categoria\";s:10:\"controller\";s:6:\"screen\";s:5:\"label\";s:10:\"Categorias\";s:7:\"submenu\";a:3:{i:0;r:63;i:1;O:8:\"stdClass\":9:{s:11:\"mysql_table\";s:9:\"portfolio\";s:4:\"name\";s:10:\"Portfólio\";s:4:\"icon\";s:14:\"fa-bar-chart-o\";s:10:\"snippet_id\";s:1:\"0\";s:7:\"menu_id\";s:2:\"23\";s:6:\"active\";s:1:\"1\";s:6:\"method\";s:17:\"listing/portfolio\";s:10:\"controller\";s:6:\"screen\";s:5:\"label\";s:10:\"Portfólio\";}i:2;O:8:\"stdClass\":9:{s:11:\"mysql_table\";s:15:\"portfolio_video\";s:4:\"name\";s:6:\"Videos\";s:4:\"icon\";s:21:\"fa-star              \";s:10:\"snippet_id\";s:1:\"0\";s:7:\"menu_id\";s:2:\"23\";s:6:\"active\";s:1:\"1\";s:6:\"method\";s:23:\"listing/portfolio_video\";s:10:\"controller\";s:6:\"screen\";s:5:\"label\";s:6:\"Videos\";}}}}}\";}'), ('854c8e452c705775b74c93b0635f5043', '127.2.221.1', 'Mozilla/5.0 (Windows NT 6.1; WOW64) AppleWebKit/53', '1429792929', 'a:2:{s:9:\"user_data\";s:0:\"\";s:4:\"user\";s:2674:\"O:8:\"stdClass\":8:{s:7:\"user_id\";s:2:\"10\";s:4:\"name\";s:7:\"Luciano\";s:12:\"company_name\";s:8:\"Kadaicha\";s:10:\"profile_id\";s:8:\"97719874\";s:10:\"company_id\";s:2:\"13\";s:11:\"upload_path\";s:41:\"http://www.kadaicha.com.br/assets/upload/\";s:9:\"developer\";s:1:\"0\";s:7:\"modules\";a:5:{i:0;O:8:\"stdClass\":6:{s:11:\"mysql_table\";s:6:\"banner\";s:4:\"name\";s:7:\"Banners\";s:4:\"icon\";s:21:\"fa-print             \";s:10:\"snippet_id\";s:1:\"0\";s:7:\"menu_id\";N;s:6:\"active\";s:1:\"1\";}i:1;O:8:\"stdClass\":6:{s:11:\"mysql_table\";s:5:\"about\";s:4:\"name\";s:5:\"Sobre\";s:4:\"icon\";s:21:\"fa-heart             \";s:10:\"snippet_id\";s:1:\"0\";s:7:\"menu_id\";N;s:6:\"active\";s:1:\"1\";}i:2;O:8:\"stdClass\":6:{s:11:\"mysql_table\";s:8:\"services\";s:4:\"name\";s:9:\"Serviços\";s:4:\"icon\";s:21:\"fa-bolt              \";s:10:\"snippet_id\";s:1:\"0\";s:7:\"menu_id\";N;s:6:\"active\";s:1:\"1\";}i:3;O:8:\"stdClass\":10:{s:11:\"mysql_table\";s:4:\"menu\";s:4:\"name\";s:10:\"Configurar\";s:4:\"icon\";s:21:\"fa-list              \";s:10:\"snippet_id\";s:1:\"0\";s:7:\"menu_id\";s:2:\"22\";s:6:\"active\";s:1:\"1\";s:6:\"method\";s:12:\"listing/menu\";s:10:\"controller\";s:6:\"screen\";s:5:\"label\";s:4:\"Menu\";s:7:\"submenu\";a:3:{i:0;r:31;i:1;O:8:\"stdClass\":9:{s:11:\"mysql_table\";s:12:\"website_data\";s:4:\"name\";s:13:\"Dados do Site\";s:4:\"icon\";s:14:\"fa-bar-chart-o\";s:10:\"snippet_id\";s:1:\"0\";s:7:\"menu_id\";s:2:\"22\";s:6:\"active\";s:1:\"1\";s:6:\"method\";s:20:\"listing/website_data\";s:10:\"controller\";s:6:\"screen\";s:5:\"label\";s:13:\"Dados do Site\";}i:2;O:8:\"stdClass\":9:{s:11:\"mysql_table\";s:12:\"website_text\";s:4:\"name\";s:14:\"Textos do site\";s:4:\"icon\";s:14:\"fa-bar-chart-o\";s:10:\"snippet_id\";s:1:\"0\";s:7:\"menu_id\";s:2:\"22\";s:6:\"active\";s:1:\"1\";s:6:\"method\";s:20:\"listing/website_text\";s:10:\"controller\";s:6:\"screen\";s:5:\"label\";s:14:\"Textos do site\";}}}i:4;O:8:\"stdClass\":10:{s:11:\"mysql_table\";s:19:\"portfolio_categoria\";s:4:\"name\";s:10:\"Portfólio\";s:4:\"icon\";s:21:\"fa-star              \";s:10:\"snippet_id\";s:1:\"0\";s:7:\"menu_id\";s:2:\"23\";s:6:\"active\";s:1:\"1\";s:6:\"method\";s:27:\"listing/portfolio_categoria\";s:10:\"controller\";s:6:\"screen\";s:5:\"label\";s:10:\"Categorias\";s:7:\"submenu\";a:3:{i:0;r:63;i:1;O:8:\"stdClass\":9:{s:11:\"mysql_table\";s:9:\"portfolio\";s:4:\"name\";s:10:\"Portfólio\";s:4:\"icon\";s:14:\"fa-bar-chart-o\";s:10:\"snippet_id\";s:1:\"0\";s:7:\"menu_id\";s:2:\"23\";s:6:\"active\";s:1:\"1\";s:6:\"method\";s:17:\"listing/portfolio\";s:10:\"controller\";s:6:\"screen\";s:5:\"label\";s:10:\"Portfólio\";}i:2;O:8:\"stdClass\":9:{s:11:\"mysql_table\";s:15:\"portfolio_video\";s:4:\"name\";s:6:\"Videos\";s:4:\"icon\";s:21:\"fa-star              \";s:10:\"snippet_id\";s:1:\"0\";s:7:\"menu_id\";s:2:\"23\";s:6:\"active\";s:1:\"1\";s:6:\"method\";s:23:\"listing/portfolio_video\";s:10:\"controller\";s:6:\"screen\";s:5:\"label\";s:6:\"Videos\";}}}}}\";}'), ('86bb6945d74f1c5d5b69782c483826cc', '127.2.221.1', 'Mozilla/5.0 (Windows NT 6.1; WOW64) AppleWebKit/53', '1429794182', ''), ('875f10e741528a2f2e0661e309f28809', '127.2.221.1', 'Mozilla/5.0 (Windows NT 6.1; WOW64) AppleWebKit/53', '1429804096', 'a:2:{s:9:\"user_data\";s:0:\"\";s:4:\"user\";s:2674:\"O:8:\"stdClass\":8:{s:7:\"user_id\";s:2:\"10\";s:4:\"name\";s:7:\"Luciano\";s:12:\"company_name\";s:8:\"Kadaicha\";s:10:\"profile_id\";s:8:\"97719874\";s:10:\"company_id\";s:2:\"13\";s:11:\"upload_path\";s:41:\"http://www.kadaicha.com.br/assets/upload/\";s:9:\"developer\";s:1:\"0\";s:7:\"modules\";a:5:{i:0;O:8:\"stdClass\":6:{s:11:\"mysql_table\";s:6:\"banner\";s:4:\"name\";s:7:\"Banners\";s:4:\"icon\";s:21:\"fa-print             \";s:10:\"snippet_id\";s:1:\"0\";s:7:\"menu_id\";N;s:6:\"active\";s:1:\"1\";}i:1;O:8:\"stdClass\":6:{s:11:\"mysql_table\";s:5:\"about\";s:4:\"name\";s:5:\"Sobre\";s:4:\"icon\";s:21:\"fa-heart             \";s:10:\"snippet_id\";s:1:\"0\";s:7:\"menu_id\";N;s:6:\"active\";s:1:\"1\";}i:2;O:8:\"stdClass\":6:{s:11:\"mysql_table\";s:8:\"services\";s:4:\"name\";s:9:\"Serviços\";s:4:\"icon\";s:21:\"fa-bolt              \";s:10:\"snippet_id\";s:1:\"0\";s:7:\"menu_id\";N;s:6:\"active\";s:1:\"1\";}i:3;O:8:\"stdClass\":10:{s:11:\"mysql_table\";s:4:\"menu\";s:4:\"name\";s:10:\"Configurar\";s:4:\"icon\";s:21:\"fa-list              \";s:10:\"snippet_id\";s:1:\"0\";s:7:\"menu_id\";s:2:\"22\";s:6:\"active\";s:1:\"1\";s:6:\"method\";s:12:\"listing/menu\";s:10:\"controller\";s:6:\"screen\";s:5:\"label\";s:4:\"Menu\";s:7:\"submenu\";a:3:{i:0;r:31;i:1;O:8:\"stdClass\":9:{s:11:\"mysql_table\";s:12:\"website_data\";s:4:\"name\";s:13:\"Dados do Site\";s:4:\"icon\";s:14:\"fa-bar-chart-o\";s:10:\"snippet_id\";s:1:\"0\";s:7:\"menu_id\";s:2:\"22\";s:6:\"active\";s:1:\"1\";s:6:\"method\";s:20:\"listing/website_data\";s:10:\"controller\";s:6:\"screen\";s:5:\"label\";s:13:\"Dados do Site\";}i:2;O:8:\"stdClass\":9:{s:11:\"mysql_table\";s:12:\"website_text\";s:4:\"name\";s:14:\"Textos do site\";s:4:\"icon\";s:14:\"fa-bar-chart-o\";s:10:\"snippet_id\";s:1:\"0\";s:7:\"menu_id\";s:2:\"22\";s:6:\"active\";s:1:\"1\";s:6:\"method\";s:20:\"listing/website_text\";s:10:\"controller\";s:6:\"screen\";s:5:\"label\";s:14:\"Textos do site\";}}}i:4;O:8:\"stdClass\":10:{s:11:\"mysql_table\";s:19:\"portfolio_categoria\";s:4:\"name\";s:10:\"Portfólio\";s:4:\"icon\";s:21:\"fa-star              \";s:10:\"snippet_id\";s:1:\"0\";s:7:\"menu_id\";s:2:\"23\";s:6:\"active\";s:1:\"1\";s:6:\"method\";s:27:\"listing/portfolio_categoria\";s:10:\"controller\";s:6:\"screen\";s:5:\"label\";s:10:\"Categorias\";s:7:\"submenu\";a:3:{i:0;r:63;i:1;O:8:\"stdClass\":9:{s:11:\"mysql_table\";s:9:\"portfolio\";s:4:\"name\";s:10:\"Portfólio\";s:4:\"icon\";s:14:\"fa-bar-chart-o\";s:10:\"snippet_id\";s:1:\"0\";s:7:\"menu_id\";s:2:\"23\";s:6:\"active\";s:1:\"1\";s:6:\"method\";s:17:\"listing/portfolio\";s:10:\"controller\";s:6:\"screen\";s:5:\"label\";s:10:\"Portfólio\";}i:2;O:8:\"stdClass\":9:{s:11:\"mysql_table\";s:15:\"portfolio_video\";s:4:\"name\";s:6:\"Videos\";s:4:\"icon\";s:21:\"fa-star              \";s:10:\"snippet_id\";s:1:\"0\";s:7:\"menu_id\";s:2:\"23\";s:6:\"active\";s:1:\"1\";s:6:\"method\";s:23:\"listing/portfolio_video\";s:10:\"controller\";s:6:\"screen\";s:5:\"label\";s:6:\"Videos\";}}}}}\";}'), ('886f7104ef02461028cca8fe0d1f0296', '127.2.221.1', 'Mozilla/5.0 (Windows NT 6.1; WOW64) AppleWebKit/53', '1429793308', 'a:2:{s:9:\"user_data\";s:0:\"\";s:4:\"user\";s:2674:\"O:8:\"stdClass\":8:{s:7:\"user_id\";s:2:\"10\";s:4:\"name\";s:7:\"Luciano\";s:12:\"company_name\";s:8:\"Kadaicha\";s:10:\"profile_id\";s:8:\"97719874\";s:10:\"company_id\";s:2:\"13\";s:11:\"upload_path\";s:41:\"http://www.kadaicha.com.br/assets/upload/\";s:9:\"developer\";s:1:\"0\";s:7:\"modules\";a:5:{i:0;O:8:\"stdClass\":6:{s:11:\"mysql_table\";s:6:\"banner\";s:4:\"name\";s:7:\"Banners\";s:4:\"icon\";s:21:\"fa-print             \";s:10:\"snippet_id\";s:1:\"0\";s:7:\"menu_id\";N;s:6:\"active\";s:1:\"1\";}i:1;O:8:\"stdClass\":6:{s:11:\"mysql_table\";s:5:\"about\";s:4:\"name\";s:5:\"Sobre\";s:4:\"icon\";s:21:\"fa-heart             \";s:10:\"snippet_id\";s:1:\"0\";s:7:\"menu_id\";N;s:6:\"active\";s:1:\"1\";}i:2;O:8:\"stdClass\":6:{s:11:\"mysql_table\";s:8:\"services\";s:4:\"name\";s:9:\"Serviços\";s:4:\"icon\";s:21:\"fa-bolt              \";s:10:\"snippet_id\";s:1:\"0\";s:7:\"menu_id\";N;s:6:\"active\";s:1:\"1\";}i:3;O:8:\"stdClass\":10:{s:11:\"mysql_table\";s:4:\"menu\";s:4:\"name\";s:10:\"Configurar\";s:4:\"icon\";s:21:\"fa-list              \";s:10:\"snippet_id\";s:1:\"0\";s:7:\"menu_id\";s:2:\"22\";s:6:\"active\";s:1:\"1\";s:6:\"method\";s:12:\"listing/menu\";s:10:\"controller\";s:6:\"screen\";s:5:\"label\";s:4:\"Menu\";s:7:\"submenu\";a:3:{i:0;r:31;i:1;O:8:\"stdClass\":9:{s:11:\"mysql_table\";s:12:\"website_data\";s:4:\"name\";s:13:\"Dados do Site\";s:4:\"icon\";s:14:\"fa-bar-chart-o\";s:10:\"snippet_id\";s:1:\"0\";s:7:\"menu_id\";s:2:\"22\";s:6:\"active\";s:1:\"1\";s:6:\"method\";s:20:\"listing/website_data\";s:10:\"controller\";s:6:\"screen\";s:5:\"label\";s:13:\"Dados do Site\";}i:2;O:8:\"stdClass\":9:{s:11:\"mysql_table\";s:12:\"website_text\";s:4:\"name\";s:14:\"Textos do site\";s:4:\"icon\";s:14:\"fa-bar-chart-o\";s:10:\"snippet_id\";s:1:\"0\";s:7:\"menu_id\";s:2:\"22\";s:6:\"active\";s:1:\"1\";s:6:\"method\";s:20:\"listing/website_text\";s:10:\"controller\";s:6:\"screen\";s:5:\"label\";s:14:\"Textos do site\";}}}i:4;O:8:\"stdClass\":10:{s:11:\"mysql_table\";s:19:\"portfolio_categoria\";s:4:\"name\";s:10:\"Portfólio\";s:4:\"icon\";s:21:\"fa-star              \";s:10:\"snippet_id\";s:1:\"0\";s:7:\"menu_id\";s:2:\"23\";s:6:\"active\";s:1:\"1\";s:6:\"method\";s:27:\"listing/portfolio_categoria\";s:10:\"controller\";s:6:\"screen\";s:5:\"label\";s:10:\"Categorias\";s:7:\"submenu\";a:3:{i:0;r:63;i:1;O:8:\"stdClass\":9:{s:11:\"mysql_table\";s:9:\"portfolio\";s:4:\"name\";s:10:\"Portfólio\";s:4:\"icon\";s:14:\"fa-bar-chart-o\";s:10:\"snippet_id\";s:1:\"0\";s:7:\"menu_id\";s:2:\"23\";s:6:\"active\";s:1:\"1\";s:6:\"method\";s:17:\"listing/portfolio\";s:10:\"controller\";s:6:\"screen\";s:5:\"label\";s:10:\"Portfólio\";}i:2;O:8:\"stdClass\":9:{s:11:\"mysql_table\";s:15:\"portfolio_video\";s:4:\"name\";s:6:\"Videos\";s:4:\"icon\";s:21:\"fa-star              \";s:10:\"snippet_id\";s:1:\"0\";s:7:\"menu_id\";s:2:\"23\";s:6:\"active\";s:1:\"1\";s:6:\"method\";s:23:\"listing/portfolio_video\";s:10:\"controller\";s:6:\"screen\";s:5:\"label\";s:6:\"Videos\";}}}}}\";}'), ('8993ad6e040b0e494be7cea0ffaf1050', '127.2.221.1', 'Mozilla/5.0 (Windows NT 6.1; WOW64) AppleWebKit/53', '1429793378', ''), ('8f523c23db3e23cb91c4618700417160', '127.2.221.1', 'Mozilla/5.0 (Windows NT 6.1; WOW64) AppleWebKit/53', '1429792986', 'a:2:{s:9:\"user_data\";s:0:\"\";s:4:\"user\";s:2674:\"O:8:\"stdClass\":8:{s:7:\"user_id\";s:2:\"10\";s:4:\"name\";s:7:\"Luciano\";s:12:\"company_name\";s:8:\"Kadaicha\";s:10:\"profile_id\";s:8:\"97719874\";s:10:\"company_id\";s:2:\"13\";s:11:\"upload_path\";s:41:\"http://www.kadaicha.com.br/assets/upload/\";s:9:\"developer\";s:1:\"0\";s:7:\"modules\";a:5:{i:0;O:8:\"stdClass\":6:{s:11:\"mysql_table\";s:6:\"banner\";s:4:\"name\";s:7:\"Banners\";s:4:\"icon\";s:21:\"fa-print             \";s:10:\"snippet_id\";s:1:\"0\";s:7:\"menu_id\";N;s:6:\"active\";s:1:\"1\";}i:1;O:8:\"stdClass\":6:{s:11:\"mysql_table\";s:5:\"about\";s:4:\"name\";s:5:\"Sobre\";s:4:\"icon\";s:21:\"fa-heart             \";s:10:\"snippet_id\";s:1:\"0\";s:7:\"menu_id\";N;s:6:\"active\";s:1:\"1\";}i:2;O:8:\"stdClass\":6:{s:11:\"mysql_table\";s:8:\"services\";s:4:\"name\";s:9:\"Serviços\";s:4:\"icon\";s:21:\"fa-bolt              \";s:10:\"snippet_id\";s:1:\"0\";s:7:\"menu_id\";N;s:6:\"active\";s:1:\"1\";}i:3;O:8:\"stdClass\":10:{s:11:\"mysql_table\";s:4:\"menu\";s:4:\"name\";s:10:\"Configurar\";s:4:\"icon\";s:21:\"fa-list              \";s:10:\"snippet_id\";s:1:\"0\";s:7:\"menu_id\";s:2:\"22\";s:6:\"active\";s:1:\"1\";s:6:\"method\";s:12:\"listing/menu\";s:10:\"controller\";s:6:\"screen\";s:5:\"label\";s:4:\"Menu\";s:7:\"submenu\";a:3:{i:0;r:31;i:1;O:8:\"stdClass\":9:{s:11:\"mysql_table\";s:12:\"website_data\";s:4:\"name\";s:13:\"Dados do Site\";s:4:\"icon\";s:14:\"fa-bar-chart-o\";s:10:\"snippet_id\";s:1:\"0\";s:7:\"menu_id\";s:2:\"22\";s:6:\"active\";s:1:\"1\";s:6:\"method\";s:20:\"listing/website_data\";s:10:\"controller\";s:6:\"screen\";s:5:\"label\";s:13:\"Dados do Site\";}i:2;O:8:\"stdClass\":9:{s:11:\"mysql_table\";s:12:\"website_text\";s:4:\"name\";s:14:\"Textos do site\";s:4:\"icon\";s:14:\"fa-bar-chart-o\";s:10:\"snippet_id\";s:1:\"0\";s:7:\"menu_id\";s:2:\"22\";s:6:\"active\";s:1:\"1\";s:6:\"method\";s:20:\"listing/website_text\";s:10:\"controller\";s:6:\"screen\";s:5:\"label\";s:14:\"Textos do site\";}}}i:4;O:8:\"stdClass\":10:{s:11:\"mysql_table\";s:19:\"portfolio_categoria\";s:4:\"name\";s:10:\"Portfólio\";s:4:\"icon\";s:21:\"fa-star              \";s:10:\"snippet_id\";s:1:\"0\";s:7:\"menu_id\";s:2:\"23\";s:6:\"active\";s:1:\"1\";s:6:\"method\";s:27:\"listing/portfolio_categoria\";s:10:\"controller\";s:6:\"screen\";s:5:\"label\";s:10:\"Categorias\";s:7:\"submenu\";a:3:{i:0;r:63;i:1;O:8:\"stdClass\":9:{s:11:\"mysql_table\";s:9:\"portfolio\";s:4:\"name\";s:10:\"Portfólio\";s:4:\"icon\";s:14:\"fa-bar-chart-o\";s:10:\"snippet_id\";s:1:\"0\";s:7:\"menu_id\";s:2:\"23\";s:6:\"active\";s:1:\"1\";s:6:\"method\";s:17:\"listing/portfolio\";s:10:\"controller\";s:6:\"screen\";s:5:\"label\";s:10:\"Portfólio\";}i:2;O:8:\"stdClass\":9:{s:11:\"mysql_table\";s:15:\"portfolio_video\";s:4:\"name\";s:6:\"Videos\";s:4:\"icon\";s:21:\"fa-star              \";s:10:\"snippet_id\";s:1:\"0\";s:7:\"menu_id\";s:2:\"23\";s:6:\"active\";s:1:\"1\";s:6:\"method\";s:23:\"listing/portfolio_video\";s:10:\"controller\";s:6:\"screen\";s:5:\"label\";s:6:\"Videos\";}}}}}\";}'), ('8fc95c0973633115b1866bfc45ba2e23', '127.2.221.1', 'Mozilla/5.0 (Windows NT 6.1; WOW64) AppleWebKit/53', '1429794239', 'a:2:{s:9:\"user_data\";s:0:\"\";s:17:\"flash:new:message\";a:2:{s:7:\"message\";s:19:\"Editado com sucesso\";s:4:\"type\";s:7:\"success\";}}'), ('90ed27ea1d3c65b05fe775fcdab6c81d', '127.2.221.1', 'Mozilla/5.0 (Windows NT 6.1; WOW64) AppleWebKit/53', '1429790389', ''), ('91f53587613913d7d3ae949670870e4f', '127.2.221.1', 'Mozilla/5.0 (Windows NT 6.1; WOW64) AppleWebKit/53', '1429792905', 'a:2:{s:9:\"user_data\";s:0:\"\";s:4:\"user\";s:2674:\"O:8:\"stdClass\":8:{s:7:\"user_id\";s:2:\"10\";s:4:\"name\";s:7:\"Luciano\";s:12:\"company_name\";s:8:\"Kadaicha\";s:10:\"profile_id\";s:8:\"97719874\";s:10:\"company_id\";s:2:\"13\";s:11:\"upload_path\";s:41:\"http://www.kadaicha.com.br/assets/upload/\";s:9:\"developer\";s:1:\"0\";s:7:\"modules\";a:5:{i:0;O:8:\"stdClass\":6:{s:11:\"mysql_table\";s:6:\"banner\";s:4:\"name\";s:7:\"Banners\";s:4:\"icon\";s:21:\"fa-print             \";s:10:\"snippet_id\";s:1:\"0\";s:7:\"menu_id\";N;s:6:\"active\";s:1:\"1\";}i:1;O:8:\"stdClass\":6:{s:11:\"mysql_table\";s:5:\"about\";s:4:\"name\";s:5:\"Sobre\";s:4:\"icon\";s:21:\"fa-heart             \";s:10:\"snippet_id\";s:1:\"0\";s:7:\"menu_id\";N;s:6:\"active\";s:1:\"1\";}i:2;O:8:\"stdClass\":6:{s:11:\"mysql_table\";s:8:\"services\";s:4:\"name\";s:9:\"Serviços\";s:4:\"icon\";s:21:\"fa-bolt              \";s:10:\"snippet_id\";s:1:\"0\";s:7:\"menu_id\";N;s:6:\"active\";s:1:\"1\";}i:3;O:8:\"stdClass\":10:{s:11:\"mysql_table\";s:4:\"menu\";s:4:\"name\";s:10:\"Configurar\";s:4:\"icon\";s:21:\"fa-list              \";s:10:\"snippet_id\";s:1:\"0\";s:7:\"menu_id\";s:2:\"22\";s:6:\"active\";s:1:\"1\";s:6:\"method\";s:12:\"listing/menu\";s:10:\"controller\";s:6:\"screen\";s:5:\"label\";s:4:\"Menu\";s:7:\"submenu\";a:3:{i:0;r:31;i:1;O:8:\"stdClass\":9:{s:11:\"mysql_table\";s:12:\"website_data\";s:4:\"name\";s:13:\"Dados do Site\";s:4:\"icon\";s:14:\"fa-bar-chart-o\";s:10:\"snippet_id\";s:1:\"0\";s:7:\"menu_id\";s:2:\"22\";s:6:\"active\";s:1:\"1\";s:6:\"method\";s:20:\"listing/website_data\";s:10:\"controller\";s:6:\"screen\";s:5:\"label\";s:13:\"Dados do Site\";}i:2;O:8:\"stdClass\":9:{s:11:\"mysql_table\";s:12:\"website_text\";s:4:\"name\";s:14:\"Textos do site\";s:4:\"icon\";s:14:\"fa-bar-chart-o\";s:10:\"snippet_id\";s:1:\"0\";s:7:\"menu_id\";s:2:\"22\";s:6:\"active\";s:1:\"1\";s:6:\"method\";s:20:\"listing/website_text\";s:10:\"controller\";s:6:\"screen\";s:5:\"label\";s:14:\"Textos do site\";}}}i:4;O:8:\"stdClass\":10:{s:11:\"mysql_table\";s:19:\"portfolio_categoria\";s:4:\"name\";s:10:\"Portfólio\";s:4:\"icon\";s:21:\"fa-star              \";s:10:\"snippet_id\";s:1:\"0\";s:7:\"menu_id\";s:2:\"23\";s:6:\"active\";s:1:\"1\";s:6:\"method\";s:27:\"listing/portfolio_categoria\";s:10:\"controller\";s:6:\"screen\";s:5:\"label\";s:10:\"Categorias\";s:7:\"submenu\";a:3:{i:0;r:63;i:1;O:8:\"stdClass\":9:{s:11:\"mysql_table\";s:9:\"portfolio\";s:4:\"name\";s:10:\"Portfólio\";s:4:\"icon\";s:14:\"fa-bar-chart-o\";s:10:\"snippet_id\";s:1:\"0\";s:7:\"menu_id\";s:2:\"23\";s:6:\"active\";s:1:\"1\";s:6:\"method\";s:17:\"listing/portfolio\";s:10:\"controller\";s:6:\"screen\";s:5:\"label\";s:10:\"Portfólio\";}i:2;O:8:\"stdClass\":9:{s:11:\"mysql_table\";s:15:\"portfolio_video\";s:4:\"name\";s:6:\"Videos\";s:4:\"icon\";s:21:\"fa-star              \";s:10:\"snippet_id\";s:1:\"0\";s:7:\"menu_id\";s:2:\"23\";s:6:\"active\";s:1:\"1\";s:6:\"method\";s:23:\"listing/portfolio_video\";s:10:\"controller\";s:6:\"screen\";s:5:\"label\";s:6:\"Videos\";}}}}}\";}'), ('94a765efcea828ae478b9c2b710ef85d', '127.2.221.1', 'Mozilla/5.0 (Windows NT 6.1; WOW64) AppleWebKit/53', '1429792964', 'a:2:{s:9:\"user_data\";s:0:\"\";s:4:\"user\";s:2674:\"O:8:\"stdClass\":8:{s:7:\"user_id\";s:2:\"10\";s:4:\"name\";s:7:\"Luciano\";s:12:\"company_name\";s:8:\"Kadaicha\";s:10:\"profile_id\";s:8:\"97719874\";s:10:\"company_id\";s:2:\"13\";s:11:\"upload_path\";s:41:\"http://www.kadaicha.com.br/assets/upload/\";s:9:\"developer\";s:1:\"0\";s:7:\"modules\";a:5:{i:0;O:8:\"stdClass\":6:{s:11:\"mysql_table\";s:6:\"banner\";s:4:\"name\";s:7:\"Banners\";s:4:\"icon\";s:21:\"fa-print             \";s:10:\"snippet_id\";s:1:\"0\";s:7:\"menu_id\";N;s:6:\"active\";s:1:\"1\";}i:1;O:8:\"stdClass\":6:{s:11:\"mysql_table\";s:5:\"about\";s:4:\"name\";s:5:\"Sobre\";s:4:\"icon\";s:21:\"fa-heart             \";s:10:\"snippet_id\";s:1:\"0\";s:7:\"menu_id\";N;s:6:\"active\";s:1:\"1\";}i:2;O:8:\"stdClass\":6:{s:11:\"mysql_table\";s:8:\"services\";s:4:\"name\";s:9:\"Serviços\";s:4:\"icon\";s:21:\"fa-bolt              \";s:10:\"snippet_id\";s:1:\"0\";s:7:\"menu_id\";N;s:6:\"active\";s:1:\"1\";}i:3;O:8:\"stdClass\":10:{s:11:\"mysql_table\";s:4:\"menu\";s:4:\"name\";s:10:\"Configurar\";s:4:\"icon\";s:21:\"fa-list              \";s:10:\"snippet_id\";s:1:\"0\";s:7:\"menu_id\";s:2:\"22\";s:6:\"active\";s:1:\"1\";s:6:\"method\";s:12:\"listing/menu\";s:10:\"controller\";s:6:\"screen\";s:5:\"label\";s:4:\"Menu\";s:7:\"submenu\";a:3:{i:0;r:31;i:1;O:8:\"stdClass\":9:{s:11:\"mysql_table\";s:12:\"website_data\";s:4:\"name\";s:13:\"Dados do Site\";s:4:\"icon\";s:14:\"fa-bar-chart-o\";s:10:\"snippet_id\";s:1:\"0\";s:7:\"menu_id\";s:2:\"22\";s:6:\"active\";s:1:\"1\";s:6:\"method\";s:20:\"listing/website_data\";s:10:\"controller\";s:6:\"screen\";s:5:\"label\";s:13:\"Dados do Site\";}i:2;O:8:\"stdClass\":9:{s:11:\"mysql_table\";s:12:\"website_text\";s:4:\"name\";s:14:\"Textos do site\";s:4:\"icon\";s:14:\"fa-bar-chart-o\";s:10:\"snippet_id\";s:1:\"0\";s:7:\"menu_id\";s:2:\"22\";s:6:\"active\";s:1:\"1\";s:6:\"method\";s:20:\"listing/website_text\";s:10:\"controller\";s:6:\"screen\";s:5:\"label\";s:14:\"Textos do site\";}}}i:4;O:8:\"stdClass\":10:{s:11:\"mysql_table\";s:19:\"portfolio_categoria\";s:4:\"name\";s:10:\"Portfólio\";s:4:\"icon\";s:21:\"fa-star              \";s:10:\"snippet_id\";s:1:\"0\";s:7:\"menu_id\";s:2:\"23\";s:6:\"active\";s:1:\"1\";s:6:\"method\";s:27:\"listing/portfolio_categoria\";s:10:\"controller\";s:6:\"screen\";s:5:\"label\";s:10:\"Categorias\";s:7:\"submenu\";a:3:{i:0;r:63;i:1;O:8:\"stdClass\":9:{s:11:\"mysql_table\";s:9:\"portfolio\";s:4:\"name\";s:10:\"Portfólio\";s:4:\"icon\";s:14:\"fa-bar-chart-o\";s:10:\"snippet_id\";s:1:\"0\";s:7:\"menu_id\";s:2:\"23\";s:6:\"active\";s:1:\"1\";s:6:\"method\";s:17:\"listing/portfolio\";s:10:\"controller\";s:6:\"screen\";s:5:\"label\";s:10:\"Portfólio\";}i:2;O:8:\"stdClass\":9:{s:11:\"mysql_table\";s:15:\"portfolio_video\";s:4:\"name\";s:6:\"Videos\";s:4:\"icon\";s:21:\"fa-star              \";s:10:\"snippet_id\";s:1:\"0\";s:7:\"menu_id\";s:2:\"23\";s:6:\"active\";s:1:\"1\";s:6:\"method\";s:23:\"listing/portfolio_video\";s:10:\"controller\";s:6:\"screen\";s:5:\"label\";s:6:\"Videos\";}}}}}\";}'), ('9644756c3b68678173d4091f8b64f02c', '127.2.221.1', 'Mozilla/5.0 (Windows NT 6.1; WOW64) AppleWebKit/53', '1429804210', ''), ('9817df078c8a0f7e81e65287ef72d8a8', '127.2.221.1', 'Mozilla/5.0 (Windows NT 6.1; WOW64) AppleWebKit/53', '1429794184', 'a:2:{s:9:\"user_data\";s:0:\"\";s:4:\"user\";s:2674:\"O:8:\"stdClass\":8:{s:7:\"user_id\";s:2:\"10\";s:4:\"name\";s:7:\"Luciano\";s:12:\"company_name\";s:8:\"Kadaicha\";s:10:\"profile_id\";s:8:\"97719874\";s:10:\"company_id\";s:2:\"13\";s:11:\"upload_path\";s:41:\"http://www.kadaicha.com.br/assets/upload/\";s:9:\"developer\";s:1:\"0\";s:7:\"modules\";a:5:{i:0;O:8:\"stdClass\":6:{s:11:\"mysql_table\";s:6:\"banner\";s:4:\"name\";s:7:\"Banners\";s:4:\"icon\";s:21:\"fa-print             \";s:10:\"snippet_id\";s:1:\"0\";s:7:\"menu_id\";N;s:6:\"active\";s:1:\"1\";}i:1;O:8:\"stdClass\":6:{s:11:\"mysql_table\";s:5:\"about\";s:4:\"name\";s:5:\"Sobre\";s:4:\"icon\";s:21:\"fa-heart             \";s:10:\"snippet_id\";s:1:\"0\";s:7:\"menu_id\";N;s:6:\"active\";s:1:\"1\";}i:2;O:8:\"stdClass\":6:{s:11:\"mysql_table\";s:8:\"services\";s:4:\"name\";s:9:\"Serviços\";s:4:\"icon\";s:21:\"fa-bolt              \";s:10:\"snippet_id\";s:1:\"0\";s:7:\"menu_id\";N;s:6:\"active\";s:1:\"1\";}i:3;O:8:\"stdClass\":10:{s:11:\"mysql_table\";s:4:\"menu\";s:4:\"name\";s:10:\"Configurar\";s:4:\"icon\";s:21:\"fa-list              \";s:10:\"snippet_id\";s:1:\"0\";s:7:\"menu_id\";s:2:\"22\";s:6:\"active\";s:1:\"1\";s:6:\"method\";s:12:\"listing/menu\";s:10:\"controller\";s:6:\"screen\";s:5:\"label\";s:4:\"Menu\";s:7:\"submenu\";a:3:{i:0;r:31;i:1;O:8:\"stdClass\":9:{s:11:\"mysql_table\";s:12:\"website_data\";s:4:\"name\";s:13:\"Dados do Site\";s:4:\"icon\";s:14:\"fa-bar-chart-o\";s:10:\"snippet_id\";s:1:\"0\";s:7:\"menu_id\";s:2:\"22\";s:6:\"active\";s:1:\"1\";s:6:\"method\";s:20:\"listing/website_data\";s:10:\"controller\";s:6:\"screen\";s:5:\"label\";s:13:\"Dados do Site\";}i:2;O:8:\"stdClass\":9:{s:11:\"mysql_table\";s:12:\"website_text\";s:4:\"name\";s:14:\"Textos do site\";s:4:\"icon\";s:14:\"fa-bar-chart-o\";s:10:\"snippet_id\";s:1:\"0\";s:7:\"menu_id\";s:2:\"22\";s:6:\"active\";s:1:\"1\";s:6:\"method\";s:20:\"listing/website_text\";s:10:\"controller\";s:6:\"screen\";s:5:\"label\";s:14:\"Textos do site\";}}}i:4;O:8:\"stdClass\":10:{s:11:\"mysql_table\";s:19:\"portfolio_categoria\";s:4:\"name\";s:10:\"Portfólio\";s:4:\"icon\";s:21:\"fa-star              \";s:10:\"snippet_id\";s:1:\"0\";s:7:\"menu_id\";s:2:\"23\";s:6:\"active\";s:1:\"1\";s:6:\"method\";s:27:\"listing/portfolio_categoria\";s:10:\"controller\";s:6:\"screen\";s:5:\"label\";s:10:\"Categorias\";s:7:\"submenu\";a:3:{i:0;r:63;i:1;O:8:\"stdClass\":9:{s:11:\"mysql_table\";s:9:\"portfolio\";s:4:\"name\";s:10:\"Portfólio\";s:4:\"icon\";s:14:\"fa-bar-chart-o\";s:10:\"snippet_id\";s:1:\"0\";s:7:\"menu_id\";s:2:\"23\";s:6:\"active\";s:1:\"1\";s:6:\"method\";s:17:\"listing/portfolio\";s:10:\"controller\";s:6:\"screen\";s:5:\"label\";s:10:\"Portfólio\";}i:2;O:8:\"stdClass\":9:{s:11:\"mysql_table\";s:15:\"portfolio_video\";s:4:\"name\";s:6:\"Videos\";s:4:\"icon\";s:21:\"fa-star              \";s:10:\"snippet_id\";s:1:\"0\";s:7:\"menu_id\";s:2:\"23\";s:6:\"active\";s:1:\"1\";s:6:\"method\";s:23:\"listing/portfolio_video\";s:10:\"controller\";s:6:\"screen\";s:5:\"label\";s:6:\"Videos\";}}}}}\";}');
INSERT INTO `ci_sessions` VALUES ('9918c259b348d592b21849ab581baf3c', '127.2.221.1', 'Mozilla/5.0 (Windows NT 6.1; WOW64) AppleWebKit/53', '1429792931', 'a:2:{s:9:\"user_data\";s:0:\"\";s:4:\"user\";s:2674:\"O:8:\"stdClass\":8:{s:7:\"user_id\";s:2:\"10\";s:4:\"name\";s:7:\"Luciano\";s:12:\"company_name\";s:8:\"Kadaicha\";s:10:\"profile_id\";s:8:\"97719874\";s:10:\"company_id\";s:2:\"13\";s:11:\"upload_path\";s:41:\"http://www.kadaicha.com.br/assets/upload/\";s:9:\"developer\";s:1:\"0\";s:7:\"modules\";a:5:{i:0;O:8:\"stdClass\":6:{s:11:\"mysql_table\";s:6:\"banner\";s:4:\"name\";s:7:\"Banners\";s:4:\"icon\";s:21:\"fa-print             \";s:10:\"snippet_id\";s:1:\"0\";s:7:\"menu_id\";N;s:6:\"active\";s:1:\"1\";}i:1;O:8:\"stdClass\":6:{s:11:\"mysql_table\";s:5:\"about\";s:4:\"name\";s:5:\"Sobre\";s:4:\"icon\";s:21:\"fa-heart             \";s:10:\"snippet_id\";s:1:\"0\";s:7:\"menu_id\";N;s:6:\"active\";s:1:\"1\";}i:2;O:8:\"stdClass\":6:{s:11:\"mysql_table\";s:8:\"services\";s:4:\"name\";s:9:\"Serviços\";s:4:\"icon\";s:21:\"fa-bolt              \";s:10:\"snippet_id\";s:1:\"0\";s:7:\"menu_id\";N;s:6:\"active\";s:1:\"1\";}i:3;O:8:\"stdClass\":10:{s:11:\"mysql_table\";s:4:\"menu\";s:4:\"name\";s:10:\"Configurar\";s:4:\"icon\";s:21:\"fa-list              \";s:10:\"snippet_id\";s:1:\"0\";s:7:\"menu_id\";s:2:\"22\";s:6:\"active\";s:1:\"1\";s:6:\"method\";s:12:\"listing/menu\";s:10:\"controller\";s:6:\"screen\";s:5:\"label\";s:4:\"Menu\";s:7:\"submenu\";a:3:{i:0;r:31;i:1;O:8:\"stdClass\":9:{s:11:\"mysql_table\";s:12:\"website_data\";s:4:\"name\";s:13:\"Dados do Site\";s:4:\"icon\";s:14:\"fa-bar-chart-o\";s:10:\"snippet_id\";s:1:\"0\";s:7:\"menu_id\";s:2:\"22\";s:6:\"active\";s:1:\"1\";s:6:\"method\";s:20:\"listing/website_data\";s:10:\"controller\";s:6:\"screen\";s:5:\"label\";s:13:\"Dados do Site\";}i:2;O:8:\"stdClass\":9:{s:11:\"mysql_table\";s:12:\"website_text\";s:4:\"name\";s:14:\"Textos do site\";s:4:\"icon\";s:14:\"fa-bar-chart-o\";s:10:\"snippet_id\";s:1:\"0\";s:7:\"menu_id\";s:2:\"22\";s:6:\"active\";s:1:\"1\";s:6:\"method\";s:20:\"listing/website_text\";s:10:\"controller\";s:6:\"screen\";s:5:\"label\";s:14:\"Textos do site\";}}}i:4;O:8:\"stdClass\":10:{s:11:\"mysql_table\";s:19:\"portfolio_categoria\";s:4:\"name\";s:10:\"Portfólio\";s:4:\"icon\";s:21:\"fa-star              \";s:10:\"snippet_id\";s:1:\"0\";s:7:\"menu_id\";s:2:\"23\";s:6:\"active\";s:1:\"1\";s:6:\"method\";s:27:\"listing/portfolio_categoria\";s:10:\"controller\";s:6:\"screen\";s:5:\"label\";s:10:\"Categorias\";s:7:\"submenu\";a:3:{i:0;r:63;i:1;O:8:\"stdClass\":9:{s:11:\"mysql_table\";s:9:\"portfolio\";s:4:\"name\";s:10:\"Portfólio\";s:4:\"icon\";s:14:\"fa-bar-chart-o\";s:10:\"snippet_id\";s:1:\"0\";s:7:\"menu_id\";s:2:\"23\";s:6:\"active\";s:1:\"1\";s:6:\"method\";s:17:\"listing/portfolio\";s:10:\"controller\";s:6:\"screen\";s:5:\"label\";s:10:\"Portfólio\";}i:2;O:8:\"stdClass\":9:{s:11:\"mysql_table\";s:15:\"portfolio_video\";s:4:\"name\";s:6:\"Videos\";s:4:\"icon\";s:21:\"fa-star              \";s:10:\"snippet_id\";s:1:\"0\";s:7:\"menu_id\";s:2:\"23\";s:6:\"active\";s:1:\"1\";s:6:\"method\";s:23:\"listing/portfolio_video\";s:10:\"controller\";s:6:\"screen\";s:5:\"label\";s:6:\"Videos\";}}}}}\";}'), ('9c8b488101dc78f1b2f69b60965013df', '127.2.221.1', 'Mozilla/5.0 (Windows NT 6.1; WOW64) AppleWebKit/53', '1429794183', 'a:2:{s:9:\"user_data\";s:0:\"\";s:4:\"user\";s:2674:\"O:8:\"stdClass\":8:{s:7:\"user_id\";s:2:\"10\";s:4:\"name\";s:7:\"Luciano\";s:12:\"company_name\";s:8:\"Kadaicha\";s:10:\"profile_id\";s:8:\"97719874\";s:10:\"company_id\";s:2:\"13\";s:11:\"upload_path\";s:41:\"http://www.kadaicha.com.br/assets/upload/\";s:9:\"developer\";s:1:\"0\";s:7:\"modules\";a:5:{i:0;O:8:\"stdClass\":6:{s:11:\"mysql_table\";s:6:\"banner\";s:4:\"name\";s:7:\"Banners\";s:4:\"icon\";s:21:\"fa-print             \";s:10:\"snippet_id\";s:1:\"0\";s:7:\"menu_id\";N;s:6:\"active\";s:1:\"1\";}i:1;O:8:\"stdClass\":6:{s:11:\"mysql_table\";s:5:\"about\";s:4:\"name\";s:5:\"Sobre\";s:4:\"icon\";s:21:\"fa-heart             \";s:10:\"snippet_id\";s:1:\"0\";s:7:\"menu_id\";N;s:6:\"active\";s:1:\"1\";}i:2;O:8:\"stdClass\":6:{s:11:\"mysql_table\";s:8:\"services\";s:4:\"name\";s:9:\"Serviços\";s:4:\"icon\";s:21:\"fa-bolt              \";s:10:\"snippet_id\";s:1:\"0\";s:7:\"menu_id\";N;s:6:\"active\";s:1:\"1\";}i:3;O:8:\"stdClass\":10:{s:11:\"mysql_table\";s:4:\"menu\";s:4:\"name\";s:10:\"Configurar\";s:4:\"icon\";s:21:\"fa-list              \";s:10:\"snippet_id\";s:1:\"0\";s:7:\"menu_id\";s:2:\"22\";s:6:\"active\";s:1:\"1\";s:6:\"method\";s:12:\"listing/menu\";s:10:\"controller\";s:6:\"screen\";s:5:\"label\";s:4:\"Menu\";s:7:\"submenu\";a:3:{i:0;r:31;i:1;O:8:\"stdClass\":9:{s:11:\"mysql_table\";s:12:\"website_data\";s:4:\"name\";s:13:\"Dados do Site\";s:4:\"icon\";s:14:\"fa-bar-chart-o\";s:10:\"snippet_id\";s:1:\"0\";s:7:\"menu_id\";s:2:\"22\";s:6:\"active\";s:1:\"1\";s:6:\"method\";s:20:\"listing/website_data\";s:10:\"controller\";s:6:\"screen\";s:5:\"label\";s:13:\"Dados do Site\";}i:2;O:8:\"stdClass\":9:{s:11:\"mysql_table\";s:12:\"website_text\";s:4:\"name\";s:14:\"Textos do site\";s:4:\"icon\";s:14:\"fa-bar-chart-o\";s:10:\"snippet_id\";s:1:\"0\";s:7:\"menu_id\";s:2:\"22\";s:6:\"active\";s:1:\"1\";s:6:\"method\";s:20:\"listing/website_text\";s:10:\"controller\";s:6:\"screen\";s:5:\"label\";s:14:\"Textos do site\";}}}i:4;O:8:\"stdClass\":10:{s:11:\"mysql_table\";s:19:\"portfolio_categoria\";s:4:\"name\";s:10:\"Portfólio\";s:4:\"icon\";s:21:\"fa-star              \";s:10:\"snippet_id\";s:1:\"0\";s:7:\"menu_id\";s:2:\"23\";s:6:\"active\";s:1:\"1\";s:6:\"method\";s:27:\"listing/portfolio_categoria\";s:10:\"controller\";s:6:\"screen\";s:5:\"label\";s:10:\"Categorias\";s:7:\"submenu\";a:3:{i:0;r:63;i:1;O:8:\"stdClass\":9:{s:11:\"mysql_table\";s:9:\"portfolio\";s:4:\"name\";s:10:\"Portfólio\";s:4:\"icon\";s:14:\"fa-bar-chart-o\";s:10:\"snippet_id\";s:1:\"0\";s:7:\"menu_id\";s:2:\"23\";s:6:\"active\";s:1:\"1\";s:6:\"method\";s:17:\"listing/portfolio\";s:10:\"controller\";s:6:\"screen\";s:5:\"label\";s:10:\"Portfólio\";}i:2;O:8:\"stdClass\":9:{s:11:\"mysql_table\";s:15:\"portfolio_video\";s:4:\"name\";s:6:\"Videos\";s:4:\"icon\";s:21:\"fa-star              \";s:10:\"snippet_id\";s:1:\"0\";s:7:\"menu_id\";s:2:\"23\";s:6:\"active\";s:1:\"1\";s:6:\"method\";s:23:\"listing/portfolio_video\";s:10:\"controller\";s:6:\"screen\";s:5:\"label\";s:6:\"Videos\";}}}}}\";}'), ('9d4ff4b6b4b0b4d7ce5265bfbeac4650', '127.2.221.1', 'Mozilla/5.0 (Windows NT 6.1; WOW64) AppleWebKit/53', '1429792986', 'a:2:{s:9:\"user_data\";s:0:\"\";s:4:\"user\";s:2674:\"O:8:\"stdClass\":8:{s:7:\"user_id\";s:2:\"10\";s:4:\"name\";s:7:\"Luciano\";s:12:\"company_name\";s:8:\"Kadaicha\";s:10:\"profile_id\";s:8:\"97719874\";s:10:\"company_id\";s:2:\"13\";s:11:\"upload_path\";s:41:\"http://www.kadaicha.com.br/assets/upload/\";s:9:\"developer\";s:1:\"0\";s:7:\"modules\";a:5:{i:0;O:8:\"stdClass\":6:{s:11:\"mysql_table\";s:6:\"banner\";s:4:\"name\";s:7:\"Banners\";s:4:\"icon\";s:21:\"fa-print             \";s:10:\"snippet_id\";s:1:\"0\";s:7:\"menu_id\";N;s:6:\"active\";s:1:\"1\";}i:1;O:8:\"stdClass\":6:{s:11:\"mysql_table\";s:5:\"about\";s:4:\"name\";s:5:\"Sobre\";s:4:\"icon\";s:21:\"fa-heart             \";s:10:\"snippet_id\";s:1:\"0\";s:7:\"menu_id\";N;s:6:\"active\";s:1:\"1\";}i:2;O:8:\"stdClass\":6:{s:11:\"mysql_table\";s:8:\"services\";s:4:\"name\";s:9:\"Serviços\";s:4:\"icon\";s:21:\"fa-bolt              \";s:10:\"snippet_id\";s:1:\"0\";s:7:\"menu_id\";N;s:6:\"active\";s:1:\"1\";}i:3;O:8:\"stdClass\":10:{s:11:\"mysql_table\";s:4:\"menu\";s:4:\"name\";s:10:\"Configurar\";s:4:\"icon\";s:21:\"fa-list              \";s:10:\"snippet_id\";s:1:\"0\";s:7:\"menu_id\";s:2:\"22\";s:6:\"active\";s:1:\"1\";s:6:\"method\";s:12:\"listing/menu\";s:10:\"controller\";s:6:\"screen\";s:5:\"label\";s:4:\"Menu\";s:7:\"submenu\";a:3:{i:0;r:31;i:1;O:8:\"stdClass\":9:{s:11:\"mysql_table\";s:12:\"website_data\";s:4:\"name\";s:13:\"Dados do Site\";s:4:\"icon\";s:14:\"fa-bar-chart-o\";s:10:\"snippet_id\";s:1:\"0\";s:7:\"menu_id\";s:2:\"22\";s:6:\"active\";s:1:\"1\";s:6:\"method\";s:20:\"listing/website_data\";s:10:\"controller\";s:6:\"screen\";s:5:\"label\";s:13:\"Dados do Site\";}i:2;O:8:\"stdClass\":9:{s:11:\"mysql_table\";s:12:\"website_text\";s:4:\"name\";s:14:\"Textos do site\";s:4:\"icon\";s:14:\"fa-bar-chart-o\";s:10:\"snippet_id\";s:1:\"0\";s:7:\"menu_id\";s:2:\"22\";s:6:\"active\";s:1:\"1\";s:6:\"method\";s:20:\"listing/website_text\";s:10:\"controller\";s:6:\"screen\";s:5:\"label\";s:14:\"Textos do site\";}}}i:4;O:8:\"stdClass\":10:{s:11:\"mysql_table\";s:19:\"portfolio_categoria\";s:4:\"name\";s:10:\"Portfólio\";s:4:\"icon\";s:21:\"fa-star              \";s:10:\"snippet_id\";s:1:\"0\";s:7:\"menu_id\";s:2:\"23\";s:6:\"active\";s:1:\"1\";s:6:\"method\";s:27:\"listing/portfolio_categoria\";s:10:\"controller\";s:6:\"screen\";s:5:\"label\";s:10:\"Categorias\";s:7:\"submenu\";a:3:{i:0;r:63;i:1;O:8:\"stdClass\":9:{s:11:\"mysql_table\";s:9:\"portfolio\";s:4:\"name\";s:10:\"Portfólio\";s:4:\"icon\";s:14:\"fa-bar-chart-o\";s:10:\"snippet_id\";s:1:\"0\";s:7:\"menu_id\";s:2:\"23\";s:6:\"active\";s:1:\"1\";s:6:\"method\";s:17:\"listing/portfolio\";s:10:\"controller\";s:6:\"screen\";s:5:\"label\";s:10:\"Portfólio\";}i:2;O:8:\"stdClass\":9:{s:11:\"mysql_table\";s:15:\"portfolio_video\";s:4:\"name\";s:6:\"Videos\";s:4:\"icon\";s:21:\"fa-star              \";s:10:\"snippet_id\";s:1:\"0\";s:7:\"menu_id\";s:2:\"23\";s:6:\"active\";s:1:\"1\";s:6:\"method\";s:23:\"listing/portfolio_video\";s:10:\"controller\";s:6:\"screen\";s:5:\"label\";s:6:\"Videos\";}}}}}\";}'), ('9dd78aad72706edb3418e1382bce48e2', '127.2.221.1', 'Mozilla/5.0 (Windows NT 6.1; WOW64) AppleWebKit/53', '1429793021', 'a:2:{s:9:\"user_data\";s:0:\"\";s:4:\"user\";s:2674:\"O:8:\"stdClass\":8:{s:7:\"user_id\";s:2:\"10\";s:4:\"name\";s:7:\"Luciano\";s:12:\"company_name\";s:8:\"Kadaicha\";s:10:\"profile_id\";s:8:\"97719874\";s:10:\"company_id\";s:2:\"13\";s:11:\"upload_path\";s:41:\"http://www.kadaicha.com.br/assets/upload/\";s:9:\"developer\";s:1:\"0\";s:7:\"modules\";a:5:{i:0;O:8:\"stdClass\":6:{s:11:\"mysql_table\";s:6:\"banner\";s:4:\"name\";s:7:\"Banners\";s:4:\"icon\";s:21:\"fa-print             \";s:10:\"snippet_id\";s:1:\"0\";s:7:\"menu_id\";N;s:6:\"active\";s:1:\"1\";}i:1;O:8:\"stdClass\":6:{s:11:\"mysql_table\";s:5:\"about\";s:4:\"name\";s:5:\"Sobre\";s:4:\"icon\";s:21:\"fa-heart             \";s:10:\"snippet_id\";s:1:\"0\";s:7:\"menu_id\";N;s:6:\"active\";s:1:\"1\";}i:2;O:8:\"stdClass\":6:{s:11:\"mysql_table\";s:8:\"services\";s:4:\"name\";s:9:\"Serviços\";s:4:\"icon\";s:21:\"fa-bolt              \";s:10:\"snippet_id\";s:1:\"0\";s:7:\"menu_id\";N;s:6:\"active\";s:1:\"1\";}i:3;O:8:\"stdClass\":10:{s:11:\"mysql_table\";s:4:\"menu\";s:4:\"name\";s:10:\"Configurar\";s:4:\"icon\";s:21:\"fa-list              \";s:10:\"snippet_id\";s:1:\"0\";s:7:\"menu_id\";s:2:\"22\";s:6:\"active\";s:1:\"1\";s:6:\"method\";s:12:\"listing/menu\";s:10:\"controller\";s:6:\"screen\";s:5:\"label\";s:4:\"Menu\";s:7:\"submenu\";a:3:{i:0;r:31;i:1;O:8:\"stdClass\":9:{s:11:\"mysql_table\";s:12:\"website_data\";s:4:\"name\";s:13:\"Dados do Site\";s:4:\"icon\";s:14:\"fa-bar-chart-o\";s:10:\"snippet_id\";s:1:\"0\";s:7:\"menu_id\";s:2:\"22\";s:6:\"active\";s:1:\"1\";s:6:\"method\";s:20:\"listing/website_data\";s:10:\"controller\";s:6:\"screen\";s:5:\"label\";s:13:\"Dados do Site\";}i:2;O:8:\"stdClass\":9:{s:11:\"mysql_table\";s:12:\"website_text\";s:4:\"name\";s:14:\"Textos do site\";s:4:\"icon\";s:14:\"fa-bar-chart-o\";s:10:\"snippet_id\";s:1:\"0\";s:7:\"menu_id\";s:2:\"22\";s:6:\"active\";s:1:\"1\";s:6:\"method\";s:20:\"listing/website_text\";s:10:\"controller\";s:6:\"screen\";s:5:\"label\";s:14:\"Textos do site\";}}}i:4;O:8:\"stdClass\":10:{s:11:\"mysql_table\";s:19:\"portfolio_categoria\";s:4:\"name\";s:10:\"Portfólio\";s:4:\"icon\";s:21:\"fa-star              \";s:10:\"snippet_id\";s:1:\"0\";s:7:\"menu_id\";s:2:\"23\";s:6:\"active\";s:1:\"1\";s:6:\"method\";s:27:\"listing/portfolio_categoria\";s:10:\"controller\";s:6:\"screen\";s:5:\"label\";s:10:\"Categorias\";s:7:\"submenu\";a:3:{i:0;r:63;i:1;O:8:\"stdClass\":9:{s:11:\"mysql_table\";s:9:\"portfolio\";s:4:\"name\";s:10:\"Portfólio\";s:4:\"icon\";s:14:\"fa-bar-chart-o\";s:10:\"snippet_id\";s:1:\"0\";s:7:\"menu_id\";s:2:\"23\";s:6:\"active\";s:1:\"1\";s:6:\"method\";s:17:\"listing/portfolio\";s:10:\"controller\";s:6:\"screen\";s:5:\"label\";s:10:\"Portfólio\";}i:2;O:8:\"stdClass\":9:{s:11:\"mysql_table\";s:15:\"portfolio_video\";s:4:\"name\";s:6:\"Videos\";s:4:\"icon\";s:21:\"fa-star              \";s:10:\"snippet_id\";s:1:\"0\";s:7:\"menu_id\";s:2:\"23\";s:6:\"active\";s:1:\"1\";s:6:\"method\";s:23:\"listing/portfolio_video\";s:10:\"controller\";s:6:\"screen\";s:5:\"label\";s:6:\"Videos\";}}}}}\";}'), ('9ee4008610a629704c06779c35f89918', '127.2.221.1', 'Mozilla/5.0 (Windows NT 6.1; WOW64) AppleWebKit/53', '1429790403', 'a:3:{s:9:\"user_data\";s:0:\"\";s:7:\"ga_auth\";s:352:\"DQAAAPMAAADAIAKBbeRDcjGJbnmqa7iEc8fBDanOi7g9iRyQgmwOSacb5YWzNvpGVbtNMe6d42rJ0kI8imr2O6-oMZB3DlTQ276Yqd6CiAPHDrly5wN7ueF_ZjGg4gvDuRijCMxs-66nbhv_Bf6fnG1ZhCQkyO-mp6gyvYngK9ik46Az7IiFMkUQtz5i2sFWQB52MVT5xG80rCeUIwG3d-tRk75vtg3uawPiyY3ddkkroUtPuSOOhDG4Rnrf8vY-6k-Ep9G9cHWFrSYdXI6qc-mhbSM_vrgo0S-xLW0dQoDIHeTTSROIwDIS1nn51mP0ZzNrdDBop43gAPgHL9AqV5oCkYFOaaRK\";s:4:\"user\";s:2674:\"O:8:\"stdClass\":8:{s:7:\"user_id\";s:2:\"10\";s:4:\"name\";s:7:\"Luciano\";s:12:\"company_name\";s:8:\"Kadaicha\";s:10:\"profile_id\";s:8:\"97719874\";s:10:\"company_id\";s:2:\"13\";s:11:\"upload_path\";s:41:\"http://www.kadaicha.com.br/assets/upload/\";s:9:\"developer\";s:1:\"0\";s:7:\"modules\";a:5:{i:0;O:8:\"stdClass\":6:{s:11:\"mysql_table\";s:6:\"banner\";s:4:\"name\";s:7:\"Banners\";s:4:\"icon\";s:21:\"fa-print             \";s:10:\"snippet_id\";s:1:\"0\";s:7:\"menu_id\";N;s:6:\"active\";s:1:\"1\";}i:1;O:8:\"stdClass\":6:{s:11:\"mysql_table\";s:5:\"about\";s:4:\"name\";s:5:\"Sobre\";s:4:\"icon\";s:21:\"fa-heart             \";s:10:\"snippet_id\";s:1:\"0\";s:7:\"menu_id\";N;s:6:\"active\";s:1:\"1\";}i:2;O:8:\"stdClass\":6:{s:11:\"mysql_table\";s:8:\"services\";s:4:\"name\";s:9:\"Serviços\";s:4:\"icon\";s:21:\"fa-bolt              \";s:10:\"snippet_id\";s:1:\"0\";s:7:\"menu_id\";N;s:6:\"active\";s:1:\"1\";}i:3;O:8:\"stdClass\":10:{s:11:\"mysql_table\";s:4:\"menu\";s:4:\"name\";s:10:\"Configurar\";s:4:\"icon\";s:21:\"fa-list              \";s:10:\"snippet_id\";s:1:\"0\";s:7:\"menu_id\";s:2:\"22\";s:6:\"active\";s:1:\"1\";s:6:\"method\";s:12:\"listing/menu\";s:10:\"controller\";s:6:\"screen\";s:5:\"label\";s:4:\"Menu\";s:7:\"submenu\";a:3:{i:0;r:31;i:1;O:8:\"stdClass\":9:{s:11:\"mysql_table\";s:12:\"website_data\";s:4:\"name\";s:13:\"Dados do Site\";s:4:\"icon\";s:14:\"fa-bar-chart-o\";s:10:\"snippet_id\";s:1:\"0\";s:7:\"menu_id\";s:2:\"22\";s:6:\"active\";s:1:\"1\";s:6:\"method\";s:20:\"listing/website_data\";s:10:\"controller\";s:6:\"screen\";s:5:\"label\";s:13:\"Dados do Site\";}i:2;O:8:\"stdClass\":9:{s:11:\"mysql_table\";s:12:\"website_text\";s:4:\"name\";s:14:\"Textos do site\";s:4:\"icon\";s:14:\"fa-bar-chart-o\";s:10:\"snippet_id\";s:1:\"0\";s:7:\"menu_id\";s:2:\"22\";s:6:\"active\";s:1:\"1\";s:6:\"method\";s:20:\"listing/website_text\";s:10:\"controller\";s:6:\"screen\";s:5:\"label\";s:14:\"Textos do site\";}}}i:4;O:8:\"stdClass\":10:{s:11:\"mysql_table\";s:19:\"portfolio_categoria\";s:4:\"name\";s:10:\"Portfólio\";s:4:\"icon\";s:21:\"fa-star              \";s:10:\"snippet_id\";s:1:\"0\";s:7:\"menu_id\";s:2:\"23\";s:6:\"active\";s:1:\"1\";s:6:\"method\";s:27:\"listing/portfolio_categoria\";s:10:\"controller\";s:6:\"screen\";s:5:\"label\";s:10:\"Categorias\";s:7:\"submenu\";a:3:{i:0;r:63;i:1;O:8:\"stdClass\":9:{s:11:\"mysql_table\";s:9:\"portfolio\";s:4:\"name\";s:10:\"Portfólio\";s:4:\"icon\";s:14:\"fa-bar-chart-o\";s:10:\"snippet_id\";s:1:\"0\";s:7:\"menu_id\";s:2:\"23\";s:6:\"active\";s:1:\"1\";s:6:\"method\";s:17:\"listing/portfolio\";s:10:\"controller\";s:6:\"screen\";s:5:\"label\";s:10:\"Portfólio\";}i:2;O:8:\"stdClass\":9:{s:11:\"mysql_table\";s:15:\"portfolio_video\";s:4:\"name\";s:6:\"Videos\";s:4:\"icon\";s:21:\"fa-star              \";s:10:\"snippet_id\";s:1:\"0\";s:7:\"menu_id\";s:2:\"23\";s:6:\"active\";s:1:\"1\";s:6:\"method\";s:23:\"listing/portfolio_video\";s:10:\"controller\";s:6:\"screen\";s:5:\"label\";s:6:\"Videos\";}}}}}\";}'), ('a01fbfb57b53465f033872e558025f15', '127.2.221.1', 'Mozilla/5.0 (Windows NT 6.1; WOW64) AppleWebKit/53', '1429792904', 'a:2:{s:9:\"user_data\";s:0:\"\";s:4:\"user\";s:2674:\"O:8:\"stdClass\":8:{s:7:\"user_id\";s:2:\"10\";s:4:\"name\";s:7:\"Luciano\";s:12:\"company_name\";s:8:\"Kadaicha\";s:10:\"profile_id\";s:8:\"97719874\";s:10:\"company_id\";s:2:\"13\";s:11:\"upload_path\";s:41:\"http://www.kadaicha.com.br/assets/upload/\";s:9:\"developer\";s:1:\"0\";s:7:\"modules\";a:5:{i:0;O:8:\"stdClass\":6:{s:11:\"mysql_table\";s:6:\"banner\";s:4:\"name\";s:7:\"Banners\";s:4:\"icon\";s:21:\"fa-print             \";s:10:\"snippet_id\";s:1:\"0\";s:7:\"menu_id\";N;s:6:\"active\";s:1:\"1\";}i:1;O:8:\"stdClass\":6:{s:11:\"mysql_table\";s:5:\"about\";s:4:\"name\";s:5:\"Sobre\";s:4:\"icon\";s:21:\"fa-heart             \";s:10:\"snippet_id\";s:1:\"0\";s:7:\"menu_id\";N;s:6:\"active\";s:1:\"1\";}i:2;O:8:\"stdClass\":6:{s:11:\"mysql_table\";s:8:\"services\";s:4:\"name\";s:9:\"Serviços\";s:4:\"icon\";s:21:\"fa-bolt              \";s:10:\"snippet_id\";s:1:\"0\";s:7:\"menu_id\";N;s:6:\"active\";s:1:\"1\";}i:3;O:8:\"stdClass\":10:{s:11:\"mysql_table\";s:4:\"menu\";s:4:\"name\";s:10:\"Configurar\";s:4:\"icon\";s:21:\"fa-list              \";s:10:\"snippet_id\";s:1:\"0\";s:7:\"menu_id\";s:2:\"22\";s:6:\"active\";s:1:\"1\";s:6:\"method\";s:12:\"listing/menu\";s:10:\"controller\";s:6:\"screen\";s:5:\"label\";s:4:\"Menu\";s:7:\"submenu\";a:3:{i:0;r:31;i:1;O:8:\"stdClass\":9:{s:11:\"mysql_table\";s:12:\"website_data\";s:4:\"name\";s:13:\"Dados do Site\";s:4:\"icon\";s:14:\"fa-bar-chart-o\";s:10:\"snippet_id\";s:1:\"0\";s:7:\"menu_id\";s:2:\"22\";s:6:\"active\";s:1:\"1\";s:6:\"method\";s:20:\"listing/website_data\";s:10:\"controller\";s:6:\"screen\";s:5:\"label\";s:13:\"Dados do Site\";}i:2;O:8:\"stdClass\":9:{s:11:\"mysql_table\";s:12:\"website_text\";s:4:\"name\";s:14:\"Textos do site\";s:4:\"icon\";s:14:\"fa-bar-chart-o\";s:10:\"snippet_id\";s:1:\"0\";s:7:\"menu_id\";s:2:\"22\";s:6:\"active\";s:1:\"1\";s:6:\"method\";s:20:\"listing/website_text\";s:10:\"controller\";s:6:\"screen\";s:5:\"label\";s:14:\"Textos do site\";}}}i:4;O:8:\"stdClass\":10:{s:11:\"mysql_table\";s:19:\"portfolio_categoria\";s:4:\"name\";s:10:\"Portfólio\";s:4:\"icon\";s:21:\"fa-star              \";s:10:\"snippet_id\";s:1:\"0\";s:7:\"menu_id\";s:2:\"23\";s:6:\"active\";s:1:\"1\";s:6:\"method\";s:27:\"listing/portfolio_categoria\";s:10:\"controller\";s:6:\"screen\";s:5:\"label\";s:10:\"Categorias\";s:7:\"submenu\";a:3:{i:0;r:63;i:1;O:8:\"stdClass\":9:{s:11:\"mysql_table\";s:9:\"portfolio\";s:4:\"name\";s:10:\"Portfólio\";s:4:\"icon\";s:14:\"fa-bar-chart-o\";s:10:\"snippet_id\";s:1:\"0\";s:7:\"menu_id\";s:2:\"23\";s:6:\"active\";s:1:\"1\";s:6:\"method\";s:17:\"listing/portfolio\";s:10:\"controller\";s:6:\"screen\";s:5:\"label\";s:10:\"Portfólio\";}i:2;O:8:\"stdClass\":9:{s:11:\"mysql_table\";s:15:\"portfolio_video\";s:4:\"name\";s:6:\"Videos\";s:4:\"icon\";s:21:\"fa-star              \";s:10:\"snippet_id\";s:1:\"0\";s:7:\"menu_id\";s:2:\"23\";s:6:\"active\";s:1:\"1\";s:6:\"method\";s:23:\"listing/portfolio_video\";s:10:\"controller\";s:6:\"screen\";s:5:\"label\";s:6:\"Videos\";}}}}}\";}'), ('a08272f2e2610b67ed2c61561190d6f0', '127.2.221.1', 'Mozilla/5.0 (Windows NT 6.1; WOW64) AppleWebKit/53', '1429793387', 'a:2:{s:9:\"user_data\";s:0:\"\";s:4:\"user\";s:2674:\"O:8:\"stdClass\":8:{s:7:\"user_id\";s:2:\"10\";s:4:\"name\";s:7:\"Luciano\";s:12:\"company_name\";s:8:\"Kadaicha\";s:10:\"profile_id\";s:8:\"97719874\";s:10:\"company_id\";s:2:\"13\";s:11:\"upload_path\";s:41:\"http://www.kadaicha.com.br/assets/upload/\";s:9:\"developer\";s:1:\"0\";s:7:\"modules\";a:5:{i:0;O:8:\"stdClass\":6:{s:11:\"mysql_table\";s:6:\"banner\";s:4:\"name\";s:7:\"Banners\";s:4:\"icon\";s:21:\"fa-print             \";s:10:\"snippet_id\";s:1:\"0\";s:7:\"menu_id\";N;s:6:\"active\";s:1:\"1\";}i:1;O:8:\"stdClass\":6:{s:11:\"mysql_table\";s:5:\"about\";s:4:\"name\";s:5:\"Sobre\";s:4:\"icon\";s:21:\"fa-heart             \";s:10:\"snippet_id\";s:1:\"0\";s:7:\"menu_id\";N;s:6:\"active\";s:1:\"1\";}i:2;O:8:\"stdClass\":6:{s:11:\"mysql_table\";s:8:\"services\";s:4:\"name\";s:9:\"Serviços\";s:4:\"icon\";s:21:\"fa-bolt              \";s:10:\"snippet_id\";s:1:\"0\";s:7:\"menu_id\";N;s:6:\"active\";s:1:\"1\";}i:3;O:8:\"stdClass\":10:{s:11:\"mysql_table\";s:4:\"menu\";s:4:\"name\";s:10:\"Configurar\";s:4:\"icon\";s:21:\"fa-list              \";s:10:\"snippet_id\";s:1:\"0\";s:7:\"menu_id\";s:2:\"22\";s:6:\"active\";s:1:\"1\";s:6:\"method\";s:12:\"listing/menu\";s:10:\"controller\";s:6:\"screen\";s:5:\"label\";s:4:\"Menu\";s:7:\"submenu\";a:3:{i:0;r:31;i:1;O:8:\"stdClass\":9:{s:11:\"mysql_table\";s:12:\"website_data\";s:4:\"name\";s:13:\"Dados do Site\";s:4:\"icon\";s:14:\"fa-bar-chart-o\";s:10:\"snippet_id\";s:1:\"0\";s:7:\"menu_id\";s:2:\"22\";s:6:\"active\";s:1:\"1\";s:6:\"method\";s:20:\"listing/website_data\";s:10:\"controller\";s:6:\"screen\";s:5:\"label\";s:13:\"Dados do Site\";}i:2;O:8:\"stdClass\":9:{s:11:\"mysql_table\";s:12:\"website_text\";s:4:\"name\";s:14:\"Textos do site\";s:4:\"icon\";s:14:\"fa-bar-chart-o\";s:10:\"snippet_id\";s:1:\"0\";s:7:\"menu_id\";s:2:\"22\";s:6:\"active\";s:1:\"1\";s:6:\"method\";s:20:\"listing/website_text\";s:10:\"controller\";s:6:\"screen\";s:5:\"label\";s:14:\"Textos do site\";}}}i:4;O:8:\"stdClass\":10:{s:11:\"mysql_table\";s:19:\"portfolio_categoria\";s:4:\"name\";s:10:\"Portfólio\";s:4:\"icon\";s:21:\"fa-star              \";s:10:\"snippet_id\";s:1:\"0\";s:7:\"menu_id\";s:2:\"23\";s:6:\"active\";s:1:\"1\";s:6:\"method\";s:27:\"listing/portfolio_categoria\";s:10:\"controller\";s:6:\"screen\";s:5:\"label\";s:10:\"Categorias\";s:7:\"submenu\";a:3:{i:0;r:63;i:1;O:8:\"stdClass\":9:{s:11:\"mysql_table\";s:9:\"portfolio\";s:4:\"name\";s:10:\"Portfólio\";s:4:\"icon\";s:14:\"fa-bar-chart-o\";s:10:\"snippet_id\";s:1:\"0\";s:7:\"menu_id\";s:2:\"23\";s:6:\"active\";s:1:\"1\";s:6:\"method\";s:17:\"listing/portfolio\";s:10:\"controller\";s:6:\"screen\";s:5:\"label\";s:10:\"Portfólio\";}i:2;O:8:\"stdClass\":9:{s:11:\"mysql_table\";s:15:\"portfolio_video\";s:4:\"name\";s:6:\"Videos\";s:4:\"icon\";s:21:\"fa-star              \";s:10:\"snippet_id\";s:1:\"0\";s:7:\"menu_id\";s:2:\"23\";s:6:\"active\";s:1:\"1\";s:6:\"method\";s:23:\"listing/portfolio_video\";s:10:\"controller\";s:6:\"screen\";s:5:\"label\";s:6:\"Videos\";}}}}}\";}'), ('a7fdfb40f47887ce700c8bb31363db87', '127.2.221.1', 'Mozilla/5.0 (Windows NT 6.1; WOW64) AppleWebKit/53', '1429793312', 'a:2:{s:9:\"user_data\";s:0:\"\";s:4:\"user\";s:2674:\"O:8:\"stdClass\":8:{s:7:\"user_id\";s:2:\"10\";s:4:\"name\";s:7:\"Luciano\";s:12:\"company_name\";s:8:\"Kadaicha\";s:10:\"profile_id\";s:8:\"97719874\";s:10:\"company_id\";s:2:\"13\";s:11:\"upload_path\";s:41:\"http://www.kadaicha.com.br/assets/upload/\";s:9:\"developer\";s:1:\"0\";s:7:\"modules\";a:5:{i:0;O:8:\"stdClass\":6:{s:11:\"mysql_table\";s:6:\"banner\";s:4:\"name\";s:7:\"Banners\";s:4:\"icon\";s:21:\"fa-print             \";s:10:\"snippet_id\";s:1:\"0\";s:7:\"menu_id\";N;s:6:\"active\";s:1:\"1\";}i:1;O:8:\"stdClass\":6:{s:11:\"mysql_table\";s:5:\"about\";s:4:\"name\";s:5:\"Sobre\";s:4:\"icon\";s:21:\"fa-heart             \";s:10:\"snippet_id\";s:1:\"0\";s:7:\"menu_id\";N;s:6:\"active\";s:1:\"1\";}i:2;O:8:\"stdClass\":6:{s:11:\"mysql_table\";s:8:\"services\";s:4:\"name\";s:9:\"Serviços\";s:4:\"icon\";s:21:\"fa-bolt              \";s:10:\"snippet_id\";s:1:\"0\";s:7:\"menu_id\";N;s:6:\"active\";s:1:\"1\";}i:3;O:8:\"stdClass\":10:{s:11:\"mysql_table\";s:4:\"menu\";s:4:\"name\";s:10:\"Configurar\";s:4:\"icon\";s:21:\"fa-list              \";s:10:\"snippet_id\";s:1:\"0\";s:7:\"menu_id\";s:2:\"22\";s:6:\"active\";s:1:\"1\";s:6:\"method\";s:12:\"listing/menu\";s:10:\"controller\";s:6:\"screen\";s:5:\"label\";s:4:\"Menu\";s:7:\"submenu\";a:3:{i:0;r:31;i:1;O:8:\"stdClass\":9:{s:11:\"mysql_table\";s:12:\"website_data\";s:4:\"name\";s:13:\"Dados do Site\";s:4:\"icon\";s:14:\"fa-bar-chart-o\";s:10:\"snippet_id\";s:1:\"0\";s:7:\"menu_id\";s:2:\"22\";s:6:\"active\";s:1:\"1\";s:6:\"method\";s:20:\"listing/website_data\";s:10:\"controller\";s:6:\"screen\";s:5:\"label\";s:13:\"Dados do Site\";}i:2;O:8:\"stdClass\":9:{s:11:\"mysql_table\";s:12:\"website_text\";s:4:\"name\";s:14:\"Textos do site\";s:4:\"icon\";s:14:\"fa-bar-chart-o\";s:10:\"snippet_id\";s:1:\"0\";s:7:\"menu_id\";s:2:\"22\";s:6:\"active\";s:1:\"1\";s:6:\"method\";s:20:\"listing/website_text\";s:10:\"controller\";s:6:\"screen\";s:5:\"label\";s:14:\"Textos do site\";}}}i:4;O:8:\"stdClass\":10:{s:11:\"mysql_table\";s:19:\"portfolio_categoria\";s:4:\"name\";s:10:\"Portfólio\";s:4:\"icon\";s:21:\"fa-star              \";s:10:\"snippet_id\";s:1:\"0\";s:7:\"menu_id\";s:2:\"23\";s:6:\"active\";s:1:\"1\";s:6:\"method\";s:27:\"listing/portfolio_categoria\";s:10:\"controller\";s:6:\"screen\";s:5:\"label\";s:10:\"Categorias\";s:7:\"submenu\";a:3:{i:0;r:63;i:1;O:8:\"stdClass\":9:{s:11:\"mysql_table\";s:9:\"portfolio\";s:4:\"name\";s:10:\"Portfólio\";s:4:\"icon\";s:14:\"fa-bar-chart-o\";s:10:\"snippet_id\";s:1:\"0\";s:7:\"menu_id\";s:2:\"23\";s:6:\"active\";s:1:\"1\";s:6:\"method\";s:17:\"listing/portfolio\";s:10:\"controller\";s:6:\"screen\";s:5:\"label\";s:10:\"Portfólio\";}i:2;O:8:\"stdClass\":9:{s:11:\"mysql_table\";s:15:\"portfolio_video\";s:4:\"name\";s:6:\"Videos\";s:4:\"icon\";s:21:\"fa-star              \";s:10:\"snippet_id\";s:1:\"0\";s:7:\"menu_id\";s:2:\"23\";s:6:\"active\";s:1:\"1\";s:6:\"method\";s:23:\"listing/portfolio_video\";s:10:\"controller\";s:6:\"screen\";s:5:\"label\";s:6:\"Videos\";}}}}}\";}'), ('ab746c0b2416b0083bf68572634424d4', '127.2.221.1', 'Mozilla/5.0 (Windows NT 6.1; WOW64) AppleWebKit/53', '1429792858', 'a:2:{s:9:\"user_data\";s:0:\"\";s:4:\"user\";s:2674:\"O:8:\"stdClass\":8:{s:7:\"user_id\";s:2:\"10\";s:4:\"name\";s:7:\"Luciano\";s:12:\"company_name\";s:8:\"Kadaicha\";s:10:\"profile_id\";s:8:\"97719874\";s:10:\"company_id\";s:2:\"13\";s:11:\"upload_path\";s:41:\"http://www.kadaicha.com.br/assets/upload/\";s:9:\"developer\";s:1:\"0\";s:7:\"modules\";a:5:{i:0;O:8:\"stdClass\":6:{s:11:\"mysql_table\";s:6:\"banner\";s:4:\"name\";s:7:\"Banners\";s:4:\"icon\";s:21:\"fa-print             \";s:10:\"snippet_id\";s:1:\"0\";s:7:\"menu_id\";N;s:6:\"active\";s:1:\"1\";}i:1;O:8:\"stdClass\":6:{s:11:\"mysql_table\";s:5:\"about\";s:4:\"name\";s:5:\"Sobre\";s:4:\"icon\";s:21:\"fa-heart             \";s:10:\"snippet_id\";s:1:\"0\";s:7:\"menu_id\";N;s:6:\"active\";s:1:\"1\";}i:2;O:8:\"stdClass\":6:{s:11:\"mysql_table\";s:8:\"services\";s:4:\"name\";s:9:\"Serviços\";s:4:\"icon\";s:21:\"fa-bolt              \";s:10:\"snippet_id\";s:1:\"0\";s:7:\"menu_id\";N;s:6:\"active\";s:1:\"1\";}i:3;O:8:\"stdClass\":10:{s:11:\"mysql_table\";s:4:\"menu\";s:4:\"name\";s:10:\"Configurar\";s:4:\"icon\";s:21:\"fa-list              \";s:10:\"snippet_id\";s:1:\"0\";s:7:\"menu_id\";s:2:\"22\";s:6:\"active\";s:1:\"1\";s:6:\"method\";s:12:\"listing/menu\";s:10:\"controller\";s:6:\"screen\";s:5:\"label\";s:4:\"Menu\";s:7:\"submenu\";a:3:{i:0;r:31;i:1;O:8:\"stdClass\":9:{s:11:\"mysql_table\";s:12:\"website_data\";s:4:\"name\";s:13:\"Dados do Site\";s:4:\"icon\";s:14:\"fa-bar-chart-o\";s:10:\"snippet_id\";s:1:\"0\";s:7:\"menu_id\";s:2:\"22\";s:6:\"active\";s:1:\"1\";s:6:\"method\";s:20:\"listing/website_data\";s:10:\"controller\";s:6:\"screen\";s:5:\"label\";s:13:\"Dados do Site\";}i:2;O:8:\"stdClass\":9:{s:11:\"mysql_table\";s:12:\"website_text\";s:4:\"name\";s:14:\"Textos do site\";s:4:\"icon\";s:14:\"fa-bar-chart-o\";s:10:\"snippet_id\";s:1:\"0\";s:7:\"menu_id\";s:2:\"22\";s:6:\"active\";s:1:\"1\";s:6:\"method\";s:20:\"listing/website_text\";s:10:\"controller\";s:6:\"screen\";s:5:\"label\";s:14:\"Textos do site\";}}}i:4;O:8:\"stdClass\":10:{s:11:\"mysql_table\";s:19:\"portfolio_categoria\";s:4:\"name\";s:10:\"Portfólio\";s:4:\"icon\";s:21:\"fa-star              \";s:10:\"snippet_id\";s:1:\"0\";s:7:\"menu_id\";s:2:\"23\";s:6:\"active\";s:1:\"1\";s:6:\"method\";s:27:\"listing/portfolio_categoria\";s:10:\"controller\";s:6:\"screen\";s:5:\"label\";s:10:\"Categorias\";s:7:\"submenu\";a:3:{i:0;r:63;i:1;O:8:\"stdClass\":9:{s:11:\"mysql_table\";s:9:\"portfolio\";s:4:\"name\";s:10:\"Portfólio\";s:4:\"icon\";s:14:\"fa-bar-chart-o\";s:10:\"snippet_id\";s:1:\"0\";s:7:\"menu_id\";s:2:\"23\";s:6:\"active\";s:1:\"1\";s:6:\"method\";s:17:\"listing/portfolio\";s:10:\"controller\";s:6:\"screen\";s:5:\"label\";s:10:\"Portfólio\";}i:2;O:8:\"stdClass\":9:{s:11:\"mysql_table\";s:15:\"portfolio_video\";s:4:\"name\";s:6:\"Videos\";s:4:\"icon\";s:21:\"fa-star              \";s:10:\"snippet_id\";s:1:\"0\";s:7:\"menu_id\";s:2:\"23\";s:6:\"active\";s:1:\"1\";s:6:\"method\";s:23:\"listing/portfolio_video\";s:10:\"controller\";s:6:\"screen\";s:5:\"label\";s:6:\"Videos\";}}}}}\";}'), ('ac3f033c938096ae9727b5e5298658c4', '127.2.221.1', 'Mozilla/5.0 (Windows NT 6.1; WOW64) AppleWebKit/53', '1429793319', 'a:2:{s:9:\"user_data\";s:0:\"\";s:4:\"user\";s:2674:\"O:8:\"stdClass\":8:{s:7:\"user_id\";s:2:\"10\";s:4:\"name\";s:7:\"Luciano\";s:12:\"company_name\";s:8:\"Kadaicha\";s:10:\"profile_id\";s:8:\"97719874\";s:10:\"company_id\";s:2:\"13\";s:11:\"upload_path\";s:41:\"http://www.kadaicha.com.br/assets/upload/\";s:9:\"developer\";s:1:\"0\";s:7:\"modules\";a:5:{i:0;O:8:\"stdClass\":6:{s:11:\"mysql_table\";s:6:\"banner\";s:4:\"name\";s:7:\"Banners\";s:4:\"icon\";s:21:\"fa-print             \";s:10:\"snippet_id\";s:1:\"0\";s:7:\"menu_id\";N;s:6:\"active\";s:1:\"1\";}i:1;O:8:\"stdClass\":6:{s:11:\"mysql_table\";s:5:\"about\";s:4:\"name\";s:5:\"Sobre\";s:4:\"icon\";s:21:\"fa-heart             \";s:10:\"snippet_id\";s:1:\"0\";s:7:\"menu_id\";N;s:6:\"active\";s:1:\"1\";}i:2;O:8:\"stdClass\":6:{s:11:\"mysql_table\";s:8:\"services\";s:4:\"name\";s:9:\"Serviços\";s:4:\"icon\";s:21:\"fa-bolt              \";s:10:\"snippet_id\";s:1:\"0\";s:7:\"menu_id\";N;s:6:\"active\";s:1:\"1\";}i:3;O:8:\"stdClass\":10:{s:11:\"mysql_table\";s:4:\"menu\";s:4:\"name\";s:10:\"Configurar\";s:4:\"icon\";s:21:\"fa-list              \";s:10:\"snippet_id\";s:1:\"0\";s:7:\"menu_id\";s:2:\"22\";s:6:\"active\";s:1:\"1\";s:6:\"method\";s:12:\"listing/menu\";s:10:\"controller\";s:6:\"screen\";s:5:\"label\";s:4:\"Menu\";s:7:\"submenu\";a:3:{i:0;r:31;i:1;O:8:\"stdClass\":9:{s:11:\"mysql_table\";s:12:\"website_data\";s:4:\"name\";s:13:\"Dados do Site\";s:4:\"icon\";s:14:\"fa-bar-chart-o\";s:10:\"snippet_id\";s:1:\"0\";s:7:\"menu_id\";s:2:\"22\";s:6:\"active\";s:1:\"1\";s:6:\"method\";s:20:\"listing/website_data\";s:10:\"controller\";s:6:\"screen\";s:5:\"label\";s:13:\"Dados do Site\";}i:2;O:8:\"stdClass\":9:{s:11:\"mysql_table\";s:12:\"website_text\";s:4:\"name\";s:14:\"Textos do site\";s:4:\"icon\";s:14:\"fa-bar-chart-o\";s:10:\"snippet_id\";s:1:\"0\";s:7:\"menu_id\";s:2:\"22\";s:6:\"active\";s:1:\"1\";s:6:\"method\";s:20:\"listing/website_text\";s:10:\"controller\";s:6:\"screen\";s:5:\"label\";s:14:\"Textos do site\";}}}i:4;O:8:\"stdClass\":10:{s:11:\"mysql_table\";s:19:\"portfolio_categoria\";s:4:\"name\";s:10:\"Portfólio\";s:4:\"icon\";s:21:\"fa-star              \";s:10:\"snippet_id\";s:1:\"0\";s:7:\"menu_id\";s:2:\"23\";s:6:\"active\";s:1:\"1\";s:6:\"method\";s:27:\"listing/portfolio_categoria\";s:10:\"controller\";s:6:\"screen\";s:5:\"label\";s:10:\"Categorias\";s:7:\"submenu\";a:3:{i:0;r:63;i:1;O:8:\"stdClass\":9:{s:11:\"mysql_table\";s:9:\"portfolio\";s:4:\"name\";s:10:\"Portfólio\";s:4:\"icon\";s:14:\"fa-bar-chart-o\";s:10:\"snippet_id\";s:1:\"0\";s:7:\"menu_id\";s:2:\"23\";s:6:\"active\";s:1:\"1\";s:6:\"method\";s:17:\"listing/portfolio\";s:10:\"controller\";s:6:\"screen\";s:5:\"label\";s:10:\"Portfólio\";}i:2;O:8:\"stdClass\":9:{s:11:\"mysql_table\";s:15:\"portfolio_video\";s:4:\"name\";s:6:\"Videos\";s:4:\"icon\";s:21:\"fa-star              \";s:10:\"snippet_id\";s:1:\"0\";s:7:\"menu_id\";s:2:\"23\";s:6:\"active\";s:1:\"1\";s:6:\"method\";s:23:\"listing/portfolio_video\";s:10:\"controller\";s:6:\"screen\";s:5:\"label\";s:6:\"Videos\";}}}}}\";}'), ('acbcaca031328fdba29d4772068a8e41', '127.2.221.1', 'Mozilla/5.0 (Windows NT 6.1; WOW64) AppleWebKit/53', '1429792801', 'a:2:{s:9:\"user_data\";s:0:\"\";s:4:\"user\";s:2674:\"O:8:\"stdClass\":8:{s:7:\"user_id\";s:2:\"10\";s:4:\"name\";s:7:\"Luciano\";s:12:\"company_name\";s:8:\"Kadaicha\";s:10:\"profile_id\";s:8:\"97719874\";s:10:\"company_id\";s:2:\"13\";s:11:\"upload_path\";s:41:\"http://www.kadaicha.com.br/assets/upload/\";s:9:\"developer\";s:1:\"0\";s:7:\"modules\";a:5:{i:0;O:8:\"stdClass\":6:{s:11:\"mysql_table\";s:6:\"banner\";s:4:\"name\";s:7:\"Banners\";s:4:\"icon\";s:21:\"fa-print             \";s:10:\"snippet_id\";s:1:\"0\";s:7:\"menu_id\";N;s:6:\"active\";s:1:\"1\";}i:1;O:8:\"stdClass\":6:{s:11:\"mysql_table\";s:5:\"about\";s:4:\"name\";s:5:\"Sobre\";s:4:\"icon\";s:21:\"fa-heart             \";s:10:\"snippet_id\";s:1:\"0\";s:7:\"menu_id\";N;s:6:\"active\";s:1:\"1\";}i:2;O:8:\"stdClass\":6:{s:11:\"mysql_table\";s:8:\"services\";s:4:\"name\";s:9:\"Serviços\";s:4:\"icon\";s:21:\"fa-bolt              \";s:10:\"snippet_id\";s:1:\"0\";s:7:\"menu_id\";N;s:6:\"active\";s:1:\"1\";}i:3;O:8:\"stdClass\":10:{s:11:\"mysql_table\";s:4:\"menu\";s:4:\"name\";s:10:\"Configurar\";s:4:\"icon\";s:21:\"fa-list              \";s:10:\"snippet_id\";s:1:\"0\";s:7:\"menu_id\";s:2:\"22\";s:6:\"active\";s:1:\"1\";s:6:\"method\";s:12:\"listing/menu\";s:10:\"controller\";s:6:\"screen\";s:5:\"label\";s:4:\"Menu\";s:7:\"submenu\";a:3:{i:0;r:31;i:1;O:8:\"stdClass\":9:{s:11:\"mysql_table\";s:12:\"website_data\";s:4:\"name\";s:13:\"Dados do Site\";s:4:\"icon\";s:14:\"fa-bar-chart-o\";s:10:\"snippet_id\";s:1:\"0\";s:7:\"menu_id\";s:2:\"22\";s:6:\"active\";s:1:\"1\";s:6:\"method\";s:20:\"listing/website_data\";s:10:\"controller\";s:6:\"screen\";s:5:\"label\";s:13:\"Dados do Site\";}i:2;O:8:\"stdClass\":9:{s:11:\"mysql_table\";s:12:\"website_text\";s:4:\"name\";s:14:\"Textos do site\";s:4:\"icon\";s:14:\"fa-bar-chart-o\";s:10:\"snippet_id\";s:1:\"0\";s:7:\"menu_id\";s:2:\"22\";s:6:\"active\";s:1:\"1\";s:6:\"method\";s:20:\"listing/website_text\";s:10:\"controller\";s:6:\"screen\";s:5:\"label\";s:14:\"Textos do site\";}}}i:4;O:8:\"stdClass\":10:{s:11:\"mysql_table\";s:19:\"portfolio_categoria\";s:4:\"name\";s:10:\"Portfólio\";s:4:\"icon\";s:21:\"fa-star              \";s:10:\"snippet_id\";s:1:\"0\";s:7:\"menu_id\";s:2:\"23\";s:6:\"active\";s:1:\"1\";s:6:\"method\";s:27:\"listing/portfolio_categoria\";s:10:\"controller\";s:6:\"screen\";s:5:\"label\";s:10:\"Categorias\";s:7:\"submenu\";a:3:{i:0;r:63;i:1;O:8:\"stdClass\":9:{s:11:\"mysql_table\";s:9:\"portfolio\";s:4:\"name\";s:10:\"Portfólio\";s:4:\"icon\";s:14:\"fa-bar-chart-o\";s:10:\"snippet_id\";s:1:\"0\";s:7:\"menu_id\";s:2:\"23\";s:6:\"active\";s:1:\"1\";s:6:\"method\";s:17:\"listing/portfolio\";s:10:\"controller\";s:6:\"screen\";s:5:\"label\";s:10:\"Portfólio\";}i:2;O:8:\"stdClass\":9:{s:11:\"mysql_table\";s:15:\"portfolio_video\";s:4:\"name\";s:6:\"Videos\";s:4:\"icon\";s:21:\"fa-star              \";s:10:\"snippet_id\";s:1:\"0\";s:7:\"menu_id\";s:2:\"23\";s:6:\"active\";s:1:\"1\";s:6:\"method\";s:23:\"listing/portfolio_video\";s:10:\"controller\";s:6:\"screen\";s:5:\"label\";s:6:\"Videos\";}}}}}\";}'), ('ad657f931786c0acb8af5ea591184bbf', '127.2.221.1', 'Mozilla/5.0 (Windows NT 6.1; WOW64) AppleWebKit/53', '1429792746', 'a:2:{s:9:\"user_data\";s:0:\"\";s:4:\"user\";s:2674:\"O:8:\"stdClass\":8:{s:7:\"user_id\";s:2:\"10\";s:4:\"name\";s:7:\"Luciano\";s:12:\"company_name\";s:8:\"Kadaicha\";s:10:\"profile_id\";s:8:\"97719874\";s:10:\"company_id\";s:2:\"13\";s:11:\"upload_path\";s:41:\"http://www.kadaicha.com.br/assets/upload/\";s:9:\"developer\";s:1:\"0\";s:7:\"modules\";a:5:{i:0;O:8:\"stdClass\":6:{s:11:\"mysql_table\";s:6:\"banner\";s:4:\"name\";s:7:\"Banners\";s:4:\"icon\";s:21:\"fa-print             \";s:10:\"snippet_id\";s:1:\"0\";s:7:\"menu_id\";N;s:6:\"active\";s:1:\"1\";}i:1;O:8:\"stdClass\":6:{s:11:\"mysql_table\";s:5:\"about\";s:4:\"name\";s:5:\"Sobre\";s:4:\"icon\";s:21:\"fa-heart             \";s:10:\"snippet_id\";s:1:\"0\";s:7:\"menu_id\";N;s:6:\"active\";s:1:\"1\";}i:2;O:8:\"stdClass\":6:{s:11:\"mysql_table\";s:8:\"services\";s:4:\"name\";s:9:\"Serviços\";s:4:\"icon\";s:21:\"fa-bolt              \";s:10:\"snippet_id\";s:1:\"0\";s:7:\"menu_id\";N;s:6:\"active\";s:1:\"1\";}i:3;O:8:\"stdClass\":10:{s:11:\"mysql_table\";s:4:\"menu\";s:4:\"name\";s:10:\"Configurar\";s:4:\"icon\";s:21:\"fa-list              \";s:10:\"snippet_id\";s:1:\"0\";s:7:\"menu_id\";s:2:\"22\";s:6:\"active\";s:1:\"1\";s:6:\"method\";s:12:\"listing/menu\";s:10:\"controller\";s:6:\"screen\";s:5:\"label\";s:4:\"Menu\";s:7:\"submenu\";a:3:{i:0;r:31;i:1;O:8:\"stdClass\":9:{s:11:\"mysql_table\";s:12:\"website_data\";s:4:\"name\";s:13:\"Dados do Site\";s:4:\"icon\";s:14:\"fa-bar-chart-o\";s:10:\"snippet_id\";s:1:\"0\";s:7:\"menu_id\";s:2:\"22\";s:6:\"active\";s:1:\"1\";s:6:\"method\";s:20:\"listing/website_data\";s:10:\"controller\";s:6:\"screen\";s:5:\"label\";s:13:\"Dados do Site\";}i:2;O:8:\"stdClass\":9:{s:11:\"mysql_table\";s:12:\"website_text\";s:4:\"name\";s:14:\"Textos do site\";s:4:\"icon\";s:14:\"fa-bar-chart-o\";s:10:\"snippet_id\";s:1:\"0\";s:7:\"menu_id\";s:2:\"22\";s:6:\"active\";s:1:\"1\";s:6:\"method\";s:20:\"listing/website_text\";s:10:\"controller\";s:6:\"screen\";s:5:\"label\";s:14:\"Textos do site\";}}}i:4;O:8:\"stdClass\":10:{s:11:\"mysql_table\";s:19:\"portfolio_categoria\";s:4:\"name\";s:10:\"Portfólio\";s:4:\"icon\";s:21:\"fa-star              \";s:10:\"snippet_id\";s:1:\"0\";s:7:\"menu_id\";s:2:\"23\";s:6:\"active\";s:1:\"1\";s:6:\"method\";s:27:\"listing/portfolio_categoria\";s:10:\"controller\";s:6:\"screen\";s:5:\"label\";s:10:\"Categorias\";s:7:\"submenu\";a:3:{i:0;r:63;i:1;O:8:\"stdClass\":9:{s:11:\"mysql_table\";s:9:\"portfolio\";s:4:\"name\";s:10:\"Portfólio\";s:4:\"icon\";s:14:\"fa-bar-chart-o\";s:10:\"snippet_id\";s:1:\"0\";s:7:\"menu_id\";s:2:\"23\";s:6:\"active\";s:1:\"1\";s:6:\"method\";s:17:\"listing/portfolio\";s:10:\"controller\";s:6:\"screen\";s:5:\"label\";s:10:\"Portfólio\";}i:2;O:8:\"stdClass\":9:{s:11:\"mysql_table\";s:15:\"portfolio_video\";s:4:\"name\";s:6:\"Videos\";s:4:\"icon\";s:21:\"fa-star              \";s:10:\"snippet_id\";s:1:\"0\";s:7:\"menu_id\";s:2:\"23\";s:6:\"active\";s:1:\"1\";s:6:\"method\";s:23:\"listing/portfolio_video\";s:10:\"controller\";s:6:\"screen\";s:5:\"label\";s:6:\"Videos\";}}}}}\";}'), ('b99feab651bc6401f1647ebbfe8f1e1c', '127.2.221.1', 'Mozilla/5.0 (Windows NT 6.1; WOW64) AppleWebKit/53', '1429790398', 'a:2:{s:9:\"user_data\";s:0:\"\";s:4:\"user\";s:254:\"O:8:\"stdClass\":7:{s:7:\"user_id\";s:2:\"10\";s:4:\"name\";s:7:\"Luciano\";s:12:\"company_name\";s:8:\"Kadaicha\";s:10:\"profile_id\";s:8:\"97719874\";s:10:\"company_id\";s:2:\"13\";s:11:\"upload_path\";s:41:\"http://www.kadaicha.com.br/assets/upload/\";s:9:\"developer\";s:1:\"0\";}\";}'), ('bcd7db1c296e3b347dc036b32eb0c905', '127.2.221.1', 'Mozilla/5.0 (Windows NT 6.1; WOW64) AppleWebKit/53', '1429804211', 'a:2:{s:9:\"user_data\";s:0:\"\";s:4:\"user\";s:2674:\"O:8:\"stdClass\":8:{s:7:\"user_id\";s:2:\"10\";s:4:\"name\";s:7:\"Luciano\";s:12:\"company_name\";s:8:\"Kadaicha\";s:10:\"profile_id\";s:8:\"97719874\";s:10:\"company_id\";s:2:\"13\";s:11:\"upload_path\";s:41:\"http://www.kadaicha.com.br/assets/upload/\";s:9:\"developer\";s:1:\"0\";s:7:\"modules\";a:5:{i:0;O:8:\"stdClass\":6:{s:11:\"mysql_table\";s:6:\"banner\";s:4:\"name\";s:7:\"Banners\";s:4:\"icon\";s:21:\"fa-print             \";s:10:\"snippet_id\";s:1:\"0\";s:7:\"menu_id\";N;s:6:\"active\";s:1:\"1\";}i:1;O:8:\"stdClass\":6:{s:11:\"mysql_table\";s:5:\"about\";s:4:\"name\";s:5:\"Sobre\";s:4:\"icon\";s:21:\"fa-heart             \";s:10:\"snippet_id\";s:1:\"0\";s:7:\"menu_id\";N;s:6:\"active\";s:1:\"1\";}i:2;O:8:\"stdClass\":6:{s:11:\"mysql_table\";s:8:\"services\";s:4:\"name\";s:9:\"Serviços\";s:4:\"icon\";s:21:\"fa-bolt              \";s:10:\"snippet_id\";s:1:\"0\";s:7:\"menu_id\";N;s:6:\"active\";s:1:\"1\";}i:3;O:8:\"stdClass\":10:{s:11:\"mysql_table\";s:4:\"menu\";s:4:\"name\";s:10:\"Configurar\";s:4:\"icon\";s:21:\"fa-list              \";s:10:\"snippet_id\";s:1:\"0\";s:7:\"menu_id\";s:2:\"22\";s:6:\"active\";s:1:\"1\";s:6:\"method\";s:12:\"listing/menu\";s:10:\"controller\";s:6:\"screen\";s:5:\"label\";s:4:\"Menu\";s:7:\"submenu\";a:3:{i:0;r:31;i:1;O:8:\"stdClass\":9:{s:11:\"mysql_table\";s:12:\"website_data\";s:4:\"name\";s:13:\"Dados do Site\";s:4:\"icon\";s:14:\"fa-bar-chart-o\";s:10:\"snippet_id\";s:1:\"0\";s:7:\"menu_id\";s:2:\"22\";s:6:\"active\";s:1:\"1\";s:6:\"method\";s:20:\"listing/website_data\";s:10:\"controller\";s:6:\"screen\";s:5:\"label\";s:13:\"Dados do Site\";}i:2;O:8:\"stdClass\":9:{s:11:\"mysql_table\";s:12:\"website_text\";s:4:\"name\";s:14:\"Textos do site\";s:4:\"icon\";s:14:\"fa-bar-chart-o\";s:10:\"snippet_id\";s:1:\"0\";s:7:\"menu_id\";s:2:\"22\";s:6:\"active\";s:1:\"1\";s:6:\"method\";s:20:\"listing/website_text\";s:10:\"controller\";s:6:\"screen\";s:5:\"label\";s:14:\"Textos do site\";}}}i:4;O:8:\"stdClass\":10:{s:11:\"mysql_table\";s:19:\"portfolio_categoria\";s:4:\"name\";s:10:\"Portfólio\";s:4:\"icon\";s:21:\"fa-star              \";s:10:\"snippet_id\";s:1:\"0\";s:7:\"menu_id\";s:2:\"23\";s:6:\"active\";s:1:\"1\";s:6:\"method\";s:27:\"listing/portfolio_categoria\";s:10:\"controller\";s:6:\"screen\";s:5:\"label\";s:10:\"Categorias\";s:7:\"submenu\";a:3:{i:0;r:63;i:1;O:8:\"stdClass\":9:{s:11:\"mysql_table\";s:9:\"portfolio\";s:4:\"name\";s:10:\"Portfólio\";s:4:\"icon\";s:14:\"fa-bar-chart-o\";s:10:\"snippet_id\";s:1:\"0\";s:7:\"menu_id\";s:2:\"23\";s:6:\"active\";s:1:\"1\";s:6:\"method\";s:17:\"listing/portfolio\";s:10:\"controller\";s:6:\"screen\";s:5:\"label\";s:10:\"Portfólio\";}i:2;O:8:\"stdClass\":9:{s:11:\"mysql_table\";s:15:\"portfolio_video\";s:4:\"name\";s:6:\"Videos\";s:4:\"icon\";s:21:\"fa-star              \";s:10:\"snippet_id\";s:1:\"0\";s:7:\"menu_id\";s:2:\"23\";s:6:\"active\";s:1:\"1\";s:6:\"method\";s:23:\"listing/portfolio_video\";s:10:\"controller\";s:6:\"screen\";s:5:\"label\";s:6:\"Videos\";}}}}}\";}'), ('bdf92cc31a4e69749426afbc36131a63', '127.2.221.1', 'Mozilla/5.0 (Windows NT 6.1; WOW64) AppleWebKit/53', '1429804210', 'a:2:{s:9:\"user_data\";s:0:\"\";s:17:\"flash:new:message\";a:2:{s:7:\"message\";s:19:\"Editado com sucesso\";s:4:\"type\";s:7:\"success\";}}'), ('c37d6a9f194af8696b9d34dbf917c475', '127.2.221.1', 'Mozilla/5.0 (Windows NT 6.1; WOW64) AppleWebKit/53', '1429792745', 'a:2:{s:9:\"user_data\";s:0:\"\";s:4:\"user\";s:2674:\"O:8:\"stdClass\":8:{s:7:\"user_id\";s:2:\"10\";s:4:\"name\";s:7:\"Luciano\";s:12:\"company_name\";s:8:\"Kadaicha\";s:10:\"profile_id\";s:8:\"97719874\";s:10:\"company_id\";s:2:\"13\";s:11:\"upload_path\";s:41:\"http://www.kadaicha.com.br/assets/upload/\";s:9:\"developer\";s:1:\"0\";s:7:\"modules\";a:5:{i:0;O:8:\"stdClass\":6:{s:11:\"mysql_table\";s:6:\"banner\";s:4:\"name\";s:7:\"Banners\";s:4:\"icon\";s:21:\"fa-print             \";s:10:\"snippet_id\";s:1:\"0\";s:7:\"menu_id\";N;s:6:\"active\";s:1:\"1\";}i:1;O:8:\"stdClass\":6:{s:11:\"mysql_table\";s:5:\"about\";s:4:\"name\";s:5:\"Sobre\";s:4:\"icon\";s:21:\"fa-heart             \";s:10:\"snippet_id\";s:1:\"0\";s:7:\"menu_id\";N;s:6:\"active\";s:1:\"1\";}i:2;O:8:\"stdClass\":6:{s:11:\"mysql_table\";s:8:\"services\";s:4:\"name\";s:9:\"Serviços\";s:4:\"icon\";s:21:\"fa-bolt              \";s:10:\"snippet_id\";s:1:\"0\";s:7:\"menu_id\";N;s:6:\"active\";s:1:\"1\";}i:3;O:8:\"stdClass\":10:{s:11:\"mysql_table\";s:4:\"menu\";s:4:\"name\";s:10:\"Configurar\";s:4:\"icon\";s:21:\"fa-list              \";s:10:\"snippet_id\";s:1:\"0\";s:7:\"menu_id\";s:2:\"22\";s:6:\"active\";s:1:\"1\";s:6:\"method\";s:12:\"listing/menu\";s:10:\"controller\";s:6:\"screen\";s:5:\"label\";s:4:\"Menu\";s:7:\"submenu\";a:3:{i:0;r:31;i:1;O:8:\"stdClass\":9:{s:11:\"mysql_table\";s:12:\"website_data\";s:4:\"name\";s:13:\"Dados do Site\";s:4:\"icon\";s:14:\"fa-bar-chart-o\";s:10:\"snippet_id\";s:1:\"0\";s:7:\"menu_id\";s:2:\"22\";s:6:\"active\";s:1:\"1\";s:6:\"method\";s:20:\"listing/website_data\";s:10:\"controller\";s:6:\"screen\";s:5:\"label\";s:13:\"Dados do Site\";}i:2;O:8:\"stdClass\":9:{s:11:\"mysql_table\";s:12:\"website_text\";s:4:\"name\";s:14:\"Textos do site\";s:4:\"icon\";s:14:\"fa-bar-chart-o\";s:10:\"snippet_id\";s:1:\"0\";s:7:\"menu_id\";s:2:\"22\";s:6:\"active\";s:1:\"1\";s:6:\"method\";s:20:\"listing/website_text\";s:10:\"controller\";s:6:\"screen\";s:5:\"label\";s:14:\"Textos do site\";}}}i:4;O:8:\"stdClass\":10:{s:11:\"mysql_table\";s:19:\"portfolio_categoria\";s:4:\"name\";s:10:\"Portfólio\";s:4:\"icon\";s:21:\"fa-star              \";s:10:\"snippet_id\";s:1:\"0\";s:7:\"menu_id\";s:2:\"23\";s:6:\"active\";s:1:\"1\";s:6:\"method\";s:27:\"listing/portfolio_categoria\";s:10:\"controller\";s:6:\"screen\";s:5:\"label\";s:10:\"Categorias\";s:7:\"submenu\";a:3:{i:0;r:63;i:1;O:8:\"stdClass\":9:{s:11:\"mysql_table\";s:9:\"portfolio\";s:4:\"name\";s:10:\"Portfólio\";s:4:\"icon\";s:14:\"fa-bar-chart-o\";s:10:\"snippet_id\";s:1:\"0\";s:7:\"menu_id\";s:2:\"23\";s:6:\"active\";s:1:\"1\";s:6:\"method\";s:17:\"listing/portfolio\";s:10:\"controller\";s:6:\"screen\";s:5:\"label\";s:10:\"Portfólio\";}i:2;O:8:\"stdClass\":9:{s:11:\"mysql_table\";s:15:\"portfolio_video\";s:4:\"name\";s:6:\"Videos\";s:4:\"icon\";s:21:\"fa-star              \";s:10:\"snippet_id\";s:1:\"0\";s:7:\"menu_id\";s:2:\"23\";s:6:\"active\";s:1:\"1\";s:6:\"method\";s:23:\"listing/portfolio_video\";s:10:\"controller\";s:6:\"screen\";s:5:\"label\";s:6:\"Videos\";}}}}}\";}'), ('ca14043e398fbe68ae7e8df1205b9b0d', '127.2.221.1', 'Mozilla/5.0 (Windows NT 6.1; WOW64) AppleWebKit/53', '1429793379', 'a:2:{s:9:\"user_data\";s:0:\"\";s:4:\"user\";s:2674:\"O:8:\"stdClass\":8:{s:7:\"user_id\";s:2:\"10\";s:4:\"name\";s:7:\"Luciano\";s:12:\"company_name\";s:8:\"Kadaicha\";s:10:\"profile_id\";s:8:\"97719874\";s:10:\"company_id\";s:2:\"13\";s:11:\"upload_path\";s:41:\"http://www.kadaicha.com.br/assets/upload/\";s:9:\"developer\";s:1:\"0\";s:7:\"modules\";a:5:{i:0;O:8:\"stdClass\":6:{s:11:\"mysql_table\";s:6:\"banner\";s:4:\"name\";s:7:\"Banners\";s:4:\"icon\";s:21:\"fa-print             \";s:10:\"snippet_id\";s:1:\"0\";s:7:\"menu_id\";N;s:6:\"active\";s:1:\"1\";}i:1;O:8:\"stdClass\":6:{s:11:\"mysql_table\";s:5:\"about\";s:4:\"name\";s:5:\"Sobre\";s:4:\"icon\";s:21:\"fa-heart             \";s:10:\"snippet_id\";s:1:\"0\";s:7:\"menu_id\";N;s:6:\"active\";s:1:\"1\";}i:2;O:8:\"stdClass\":6:{s:11:\"mysql_table\";s:8:\"services\";s:4:\"name\";s:9:\"Serviços\";s:4:\"icon\";s:21:\"fa-bolt              \";s:10:\"snippet_id\";s:1:\"0\";s:7:\"menu_id\";N;s:6:\"active\";s:1:\"1\";}i:3;O:8:\"stdClass\":10:{s:11:\"mysql_table\";s:4:\"menu\";s:4:\"name\";s:10:\"Configurar\";s:4:\"icon\";s:21:\"fa-list              \";s:10:\"snippet_id\";s:1:\"0\";s:7:\"menu_id\";s:2:\"22\";s:6:\"active\";s:1:\"1\";s:6:\"method\";s:12:\"listing/menu\";s:10:\"controller\";s:6:\"screen\";s:5:\"label\";s:4:\"Menu\";s:7:\"submenu\";a:3:{i:0;r:31;i:1;O:8:\"stdClass\":9:{s:11:\"mysql_table\";s:12:\"website_data\";s:4:\"name\";s:13:\"Dados do Site\";s:4:\"icon\";s:14:\"fa-bar-chart-o\";s:10:\"snippet_id\";s:1:\"0\";s:7:\"menu_id\";s:2:\"22\";s:6:\"active\";s:1:\"1\";s:6:\"method\";s:20:\"listing/website_data\";s:10:\"controller\";s:6:\"screen\";s:5:\"label\";s:13:\"Dados do Site\";}i:2;O:8:\"stdClass\":9:{s:11:\"mysql_table\";s:12:\"website_text\";s:4:\"name\";s:14:\"Textos do site\";s:4:\"icon\";s:14:\"fa-bar-chart-o\";s:10:\"snippet_id\";s:1:\"0\";s:7:\"menu_id\";s:2:\"22\";s:6:\"active\";s:1:\"1\";s:6:\"method\";s:20:\"listing/website_text\";s:10:\"controller\";s:6:\"screen\";s:5:\"label\";s:14:\"Textos do site\";}}}i:4;O:8:\"stdClass\":10:{s:11:\"mysql_table\";s:19:\"portfolio_categoria\";s:4:\"name\";s:10:\"Portfólio\";s:4:\"icon\";s:21:\"fa-star              \";s:10:\"snippet_id\";s:1:\"0\";s:7:\"menu_id\";s:2:\"23\";s:6:\"active\";s:1:\"1\";s:6:\"method\";s:27:\"listing/portfolio_categoria\";s:10:\"controller\";s:6:\"screen\";s:5:\"label\";s:10:\"Categorias\";s:7:\"submenu\";a:3:{i:0;r:63;i:1;O:8:\"stdClass\":9:{s:11:\"mysql_table\";s:9:\"portfolio\";s:4:\"name\";s:10:\"Portfólio\";s:4:\"icon\";s:14:\"fa-bar-chart-o\";s:10:\"snippet_id\";s:1:\"0\";s:7:\"menu_id\";s:2:\"23\";s:6:\"active\";s:1:\"1\";s:6:\"method\";s:17:\"listing/portfolio\";s:10:\"controller\";s:6:\"screen\";s:5:\"label\";s:10:\"Portfólio\";}i:2;O:8:\"stdClass\":9:{s:11:\"mysql_table\";s:15:\"portfolio_video\";s:4:\"name\";s:6:\"Videos\";s:4:\"icon\";s:21:\"fa-star              \";s:10:\"snippet_id\";s:1:\"0\";s:7:\"menu_id\";s:2:\"23\";s:6:\"active\";s:1:\"1\";s:6:\"method\";s:23:\"listing/portfolio_video\";s:10:\"controller\";s:6:\"screen\";s:5:\"label\";s:6:\"Videos\";}}}}}\";}'), ('cc6400a8733b8b869549b6ca4653c25f', '127.2.221.1', 'Mozilla/5.0 (Windows NT 6.1; WOW64) AppleWebKit/53', '1429792745', 'a:2:{s:9:\"user_data\";s:0:\"\";s:4:\"user\";s:2674:\"O:8:\"stdClass\":8:{s:7:\"user_id\";s:2:\"10\";s:4:\"name\";s:7:\"Luciano\";s:12:\"company_name\";s:8:\"Kadaicha\";s:10:\"profile_id\";s:8:\"97719874\";s:10:\"company_id\";s:2:\"13\";s:11:\"upload_path\";s:41:\"http://www.kadaicha.com.br/assets/upload/\";s:9:\"developer\";s:1:\"0\";s:7:\"modules\";a:5:{i:0;O:8:\"stdClass\":6:{s:11:\"mysql_table\";s:6:\"banner\";s:4:\"name\";s:7:\"Banners\";s:4:\"icon\";s:21:\"fa-print             \";s:10:\"snippet_id\";s:1:\"0\";s:7:\"menu_id\";N;s:6:\"active\";s:1:\"1\";}i:1;O:8:\"stdClass\":6:{s:11:\"mysql_table\";s:5:\"about\";s:4:\"name\";s:5:\"Sobre\";s:4:\"icon\";s:21:\"fa-heart             \";s:10:\"snippet_id\";s:1:\"0\";s:7:\"menu_id\";N;s:6:\"active\";s:1:\"1\";}i:2;O:8:\"stdClass\":6:{s:11:\"mysql_table\";s:8:\"services\";s:4:\"name\";s:9:\"Serviços\";s:4:\"icon\";s:21:\"fa-bolt              \";s:10:\"snippet_id\";s:1:\"0\";s:7:\"menu_id\";N;s:6:\"active\";s:1:\"1\";}i:3;O:8:\"stdClass\":10:{s:11:\"mysql_table\";s:4:\"menu\";s:4:\"name\";s:10:\"Configurar\";s:4:\"icon\";s:21:\"fa-list              \";s:10:\"snippet_id\";s:1:\"0\";s:7:\"menu_id\";s:2:\"22\";s:6:\"active\";s:1:\"1\";s:6:\"method\";s:12:\"listing/menu\";s:10:\"controller\";s:6:\"screen\";s:5:\"label\";s:4:\"Menu\";s:7:\"submenu\";a:3:{i:0;r:31;i:1;O:8:\"stdClass\":9:{s:11:\"mysql_table\";s:12:\"website_data\";s:4:\"name\";s:13:\"Dados do Site\";s:4:\"icon\";s:14:\"fa-bar-chart-o\";s:10:\"snippet_id\";s:1:\"0\";s:7:\"menu_id\";s:2:\"22\";s:6:\"active\";s:1:\"1\";s:6:\"method\";s:20:\"listing/website_data\";s:10:\"controller\";s:6:\"screen\";s:5:\"label\";s:13:\"Dados do Site\";}i:2;O:8:\"stdClass\":9:{s:11:\"mysql_table\";s:12:\"website_text\";s:4:\"name\";s:14:\"Textos do site\";s:4:\"icon\";s:14:\"fa-bar-chart-o\";s:10:\"snippet_id\";s:1:\"0\";s:7:\"menu_id\";s:2:\"22\";s:6:\"active\";s:1:\"1\";s:6:\"method\";s:20:\"listing/website_text\";s:10:\"controller\";s:6:\"screen\";s:5:\"label\";s:14:\"Textos do site\";}}}i:4;O:8:\"stdClass\":10:{s:11:\"mysql_table\";s:19:\"portfolio_categoria\";s:4:\"name\";s:10:\"Portfólio\";s:4:\"icon\";s:21:\"fa-star              \";s:10:\"snippet_id\";s:1:\"0\";s:7:\"menu_id\";s:2:\"23\";s:6:\"active\";s:1:\"1\";s:6:\"method\";s:27:\"listing/portfolio_categoria\";s:10:\"controller\";s:6:\"screen\";s:5:\"label\";s:10:\"Categorias\";s:7:\"submenu\";a:3:{i:0;r:63;i:1;O:8:\"stdClass\":9:{s:11:\"mysql_table\";s:9:\"portfolio\";s:4:\"name\";s:10:\"Portfólio\";s:4:\"icon\";s:14:\"fa-bar-chart-o\";s:10:\"snippet_id\";s:1:\"0\";s:7:\"menu_id\";s:2:\"23\";s:6:\"active\";s:1:\"1\";s:6:\"method\";s:17:\"listing/portfolio\";s:10:\"controller\";s:6:\"screen\";s:5:\"label\";s:10:\"Portfólio\";}i:2;O:8:\"stdClass\":9:{s:11:\"mysql_table\";s:15:\"portfolio_video\";s:4:\"name\";s:6:\"Videos\";s:4:\"icon\";s:21:\"fa-star              \";s:10:\"snippet_id\";s:1:\"0\";s:7:\"menu_id\";s:2:\"23\";s:6:\"active\";s:1:\"1\";s:6:\"method\";s:23:\"listing/portfolio_video\";s:10:\"controller\";s:6:\"screen\";s:5:\"label\";s:6:\"Videos\";}}}}}\";}'), ('ccd5543cb2c95fd53a0a1af43bb8634c', '127.2.221.1', 'Mozilla/5.0 (Windows NT 6.1; WOW64) AppleWebKit/53', '1429792723', 'a:2:{s:9:\"user_data\";s:0:\"\";s:4:\"user\";s:2674:\"O:8:\"stdClass\":8:{s:7:\"user_id\";s:2:\"10\";s:4:\"name\";s:7:\"Luciano\";s:12:\"company_name\";s:8:\"Kadaicha\";s:10:\"profile_id\";s:8:\"97719874\";s:10:\"company_id\";s:2:\"13\";s:11:\"upload_path\";s:41:\"http://www.kadaicha.com.br/assets/upload/\";s:9:\"developer\";s:1:\"0\";s:7:\"modules\";a:5:{i:0;O:8:\"stdClass\":6:{s:11:\"mysql_table\";s:6:\"banner\";s:4:\"name\";s:7:\"Banners\";s:4:\"icon\";s:21:\"fa-print             \";s:10:\"snippet_id\";s:1:\"0\";s:7:\"menu_id\";N;s:6:\"active\";s:1:\"1\";}i:1;O:8:\"stdClass\":6:{s:11:\"mysql_table\";s:5:\"about\";s:4:\"name\";s:5:\"Sobre\";s:4:\"icon\";s:21:\"fa-heart             \";s:10:\"snippet_id\";s:1:\"0\";s:7:\"menu_id\";N;s:6:\"active\";s:1:\"1\";}i:2;O:8:\"stdClass\":6:{s:11:\"mysql_table\";s:8:\"services\";s:4:\"name\";s:9:\"Serviços\";s:4:\"icon\";s:21:\"fa-bolt              \";s:10:\"snippet_id\";s:1:\"0\";s:7:\"menu_id\";N;s:6:\"active\";s:1:\"1\";}i:3;O:8:\"stdClass\":10:{s:11:\"mysql_table\";s:4:\"menu\";s:4:\"name\";s:10:\"Configurar\";s:4:\"icon\";s:21:\"fa-list              \";s:10:\"snippet_id\";s:1:\"0\";s:7:\"menu_id\";s:2:\"22\";s:6:\"active\";s:1:\"1\";s:6:\"method\";s:12:\"listing/menu\";s:10:\"controller\";s:6:\"screen\";s:5:\"label\";s:4:\"Menu\";s:7:\"submenu\";a:3:{i:0;r:31;i:1;O:8:\"stdClass\":9:{s:11:\"mysql_table\";s:12:\"website_data\";s:4:\"name\";s:13:\"Dados do Site\";s:4:\"icon\";s:14:\"fa-bar-chart-o\";s:10:\"snippet_id\";s:1:\"0\";s:7:\"menu_id\";s:2:\"22\";s:6:\"active\";s:1:\"1\";s:6:\"method\";s:20:\"listing/website_data\";s:10:\"controller\";s:6:\"screen\";s:5:\"label\";s:13:\"Dados do Site\";}i:2;O:8:\"stdClass\":9:{s:11:\"mysql_table\";s:12:\"website_text\";s:4:\"name\";s:14:\"Textos do site\";s:4:\"icon\";s:14:\"fa-bar-chart-o\";s:10:\"snippet_id\";s:1:\"0\";s:7:\"menu_id\";s:2:\"22\";s:6:\"active\";s:1:\"1\";s:6:\"method\";s:20:\"listing/website_text\";s:10:\"controller\";s:6:\"screen\";s:5:\"label\";s:14:\"Textos do site\";}}}i:4;O:8:\"stdClass\":10:{s:11:\"mysql_table\";s:19:\"portfolio_categoria\";s:4:\"name\";s:10:\"Portfólio\";s:4:\"icon\";s:21:\"fa-star              \";s:10:\"snippet_id\";s:1:\"0\";s:7:\"menu_id\";s:2:\"23\";s:6:\"active\";s:1:\"1\";s:6:\"method\";s:27:\"listing/portfolio_categoria\";s:10:\"controller\";s:6:\"screen\";s:5:\"label\";s:10:\"Categorias\";s:7:\"submenu\";a:3:{i:0;r:63;i:1;O:8:\"stdClass\":9:{s:11:\"mysql_table\";s:9:\"portfolio\";s:4:\"name\";s:10:\"Portfólio\";s:4:\"icon\";s:14:\"fa-bar-chart-o\";s:10:\"snippet_id\";s:1:\"0\";s:7:\"menu_id\";s:2:\"23\";s:6:\"active\";s:1:\"1\";s:6:\"method\";s:17:\"listing/portfolio\";s:10:\"controller\";s:6:\"screen\";s:5:\"label\";s:10:\"Portfólio\";}i:2;O:8:\"stdClass\":9:{s:11:\"mysql_table\";s:15:\"portfolio_video\";s:4:\"name\";s:6:\"Videos\";s:4:\"icon\";s:21:\"fa-star              \";s:10:\"snippet_id\";s:1:\"0\";s:7:\"menu_id\";s:2:\"23\";s:6:\"active\";s:1:\"1\";s:6:\"method\";s:23:\"listing/portfolio_video\";s:10:\"controller\";s:6:\"screen\";s:5:\"label\";s:6:\"Videos\";}}}}}\";}'), ('ce2ab3019d73cfb605f2b12dd74473a2', '127.2.221.1', 'Mozilla/5.0 (Windows NT 6.1; WOW64) AppleWebKit/53', '1429792796', 'a:2:{s:9:\"user_data\";s:0:\"\";s:4:\"user\";s:2674:\"O:8:\"stdClass\":8:{s:7:\"user_id\";s:2:\"10\";s:4:\"name\";s:7:\"Luciano\";s:12:\"company_name\";s:8:\"Kadaicha\";s:10:\"profile_id\";s:8:\"97719874\";s:10:\"company_id\";s:2:\"13\";s:11:\"upload_path\";s:41:\"http://www.kadaicha.com.br/assets/upload/\";s:9:\"developer\";s:1:\"0\";s:7:\"modules\";a:5:{i:0;O:8:\"stdClass\":6:{s:11:\"mysql_table\";s:6:\"banner\";s:4:\"name\";s:7:\"Banners\";s:4:\"icon\";s:21:\"fa-print             \";s:10:\"snippet_id\";s:1:\"0\";s:7:\"menu_id\";N;s:6:\"active\";s:1:\"1\";}i:1;O:8:\"stdClass\":6:{s:11:\"mysql_table\";s:5:\"about\";s:4:\"name\";s:5:\"Sobre\";s:4:\"icon\";s:21:\"fa-heart             \";s:10:\"snippet_id\";s:1:\"0\";s:7:\"menu_id\";N;s:6:\"active\";s:1:\"1\";}i:2;O:8:\"stdClass\":6:{s:11:\"mysql_table\";s:8:\"services\";s:4:\"name\";s:9:\"Serviços\";s:4:\"icon\";s:21:\"fa-bolt              \";s:10:\"snippet_id\";s:1:\"0\";s:7:\"menu_id\";N;s:6:\"active\";s:1:\"1\";}i:3;O:8:\"stdClass\":10:{s:11:\"mysql_table\";s:4:\"menu\";s:4:\"name\";s:10:\"Configurar\";s:4:\"icon\";s:21:\"fa-list              \";s:10:\"snippet_id\";s:1:\"0\";s:7:\"menu_id\";s:2:\"22\";s:6:\"active\";s:1:\"1\";s:6:\"method\";s:12:\"listing/menu\";s:10:\"controller\";s:6:\"screen\";s:5:\"label\";s:4:\"Menu\";s:7:\"submenu\";a:3:{i:0;r:31;i:1;O:8:\"stdClass\":9:{s:11:\"mysql_table\";s:12:\"website_data\";s:4:\"name\";s:13:\"Dados do Site\";s:4:\"icon\";s:14:\"fa-bar-chart-o\";s:10:\"snippet_id\";s:1:\"0\";s:7:\"menu_id\";s:2:\"22\";s:6:\"active\";s:1:\"1\";s:6:\"method\";s:20:\"listing/website_data\";s:10:\"controller\";s:6:\"screen\";s:5:\"label\";s:13:\"Dados do Site\";}i:2;O:8:\"stdClass\":9:{s:11:\"mysql_table\";s:12:\"website_text\";s:4:\"name\";s:14:\"Textos do site\";s:4:\"icon\";s:14:\"fa-bar-chart-o\";s:10:\"snippet_id\";s:1:\"0\";s:7:\"menu_id\";s:2:\"22\";s:6:\"active\";s:1:\"1\";s:6:\"method\";s:20:\"listing/website_text\";s:10:\"controller\";s:6:\"screen\";s:5:\"label\";s:14:\"Textos do site\";}}}i:4;O:8:\"stdClass\":10:{s:11:\"mysql_table\";s:19:\"portfolio_categoria\";s:4:\"name\";s:10:\"Portfólio\";s:4:\"icon\";s:21:\"fa-star              \";s:10:\"snippet_id\";s:1:\"0\";s:7:\"menu_id\";s:2:\"23\";s:6:\"active\";s:1:\"1\";s:6:\"method\";s:27:\"listing/portfolio_categoria\";s:10:\"controller\";s:6:\"screen\";s:5:\"label\";s:10:\"Categorias\";s:7:\"submenu\";a:3:{i:0;r:63;i:1;O:8:\"stdClass\":9:{s:11:\"mysql_table\";s:9:\"portfolio\";s:4:\"name\";s:10:\"Portfólio\";s:4:\"icon\";s:14:\"fa-bar-chart-o\";s:10:\"snippet_id\";s:1:\"0\";s:7:\"menu_id\";s:2:\"23\";s:6:\"active\";s:1:\"1\";s:6:\"method\";s:17:\"listing/portfolio\";s:10:\"controller\";s:6:\"screen\";s:5:\"label\";s:10:\"Portfólio\";}i:2;O:8:\"stdClass\":9:{s:11:\"mysql_table\";s:15:\"portfolio_video\";s:4:\"name\";s:6:\"Videos\";s:4:\"icon\";s:21:\"fa-star              \";s:10:\"snippet_id\";s:1:\"0\";s:7:\"menu_id\";s:2:\"23\";s:6:\"active\";s:1:\"1\";s:6:\"method\";s:23:\"listing/portfolio_video\";s:10:\"controller\";s:6:\"screen\";s:5:\"label\";s:6:\"Videos\";}}}}}\";}'), ('d05d4aa6a2468fb03b2b694f0a6304d1', '127.2.221.1', 'Mozilla/5.0 (Windows NT 6.1; WOW64) AppleWebKit/53', '1429794176', 'a:2:{s:9:\"user_data\";s:0:\"\";s:4:\"user\";s:2674:\"O:8:\"stdClass\":8:{s:7:\"user_id\";s:2:\"10\";s:4:\"name\";s:7:\"Luciano\";s:12:\"company_name\";s:8:\"Kadaicha\";s:10:\"profile_id\";s:8:\"97719874\";s:10:\"company_id\";s:2:\"13\";s:11:\"upload_path\";s:41:\"http://www.kadaicha.com.br/assets/upload/\";s:9:\"developer\";s:1:\"0\";s:7:\"modules\";a:5:{i:0;O:8:\"stdClass\":6:{s:11:\"mysql_table\";s:6:\"banner\";s:4:\"name\";s:7:\"Banners\";s:4:\"icon\";s:21:\"fa-print             \";s:10:\"snippet_id\";s:1:\"0\";s:7:\"menu_id\";N;s:6:\"active\";s:1:\"1\";}i:1;O:8:\"stdClass\":6:{s:11:\"mysql_table\";s:5:\"about\";s:4:\"name\";s:5:\"Sobre\";s:4:\"icon\";s:21:\"fa-heart             \";s:10:\"snippet_id\";s:1:\"0\";s:7:\"menu_id\";N;s:6:\"active\";s:1:\"1\";}i:2;O:8:\"stdClass\":6:{s:11:\"mysql_table\";s:8:\"services\";s:4:\"name\";s:9:\"Serviços\";s:4:\"icon\";s:21:\"fa-bolt              \";s:10:\"snippet_id\";s:1:\"0\";s:7:\"menu_id\";N;s:6:\"active\";s:1:\"1\";}i:3;O:8:\"stdClass\":10:{s:11:\"mysql_table\";s:4:\"menu\";s:4:\"name\";s:10:\"Configurar\";s:4:\"icon\";s:21:\"fa-list              \";s:10:\"snippet_id\";s:1:\"0\";s:7:\"menu_id\";s:2:\"22\";s:6:\"active\";s:1:\"1\";s:6:\"method\";s:12:\"listing/menu\";s:10:\"controller\";s:6:\"screen\";s:5:\"label\";s:4:\"Menu\";s:7:\"submenu\";a:3:{i:0;r:31;i:1;O:8:\"stdClass\":9:{s:11:\"mysql_table\";s:12:\"website_data\";s:4:\"name\";s:13:\"Dados do Site\";s:4:\"icon\";s:14:\"fa-bar-chart-o\";s:10:\"snippet_id\";s:1:\"0\";s:7:\"menu_id\";s:2:\"22\";s:6:\"active\";s:1:\"1\";s:6:\"method\";s:20:\"listing/website_data\";s:10:\"controller\";s:6:\"screen\";s:5:\"label\";s:13:\"Dados do Site\";}i:2;O:8:\"stdClass\":9:{s:11:\"mysql_table\";s:12:\"website_text\";s:4:\"name\";s:14:\"Textos do site\";s:4:\"icon\";s:14:\"fa-bar-chart-o\";s:10:\"snippet_id\";s:1:\"0\";s:7:\"menu_id\";s:2:\"22\";s:6:\"active\";s:1:\"1\";s:6:\"method\";s:20:\"listing/website_text\";s:10:\"controller\";s:6:\"screen\";s:5:\"label\";s:14:\"Textos do site\";}}}i:4;O:8:\"stdClass\":10:{s:11:\"mysql_table\";s:19:\"portfolio_categoria\";s:4:\"name\";s:10:\"Portfólio\";s:4:\"icon\";s:21:\"fa-star              \";s:10:\"snippet_id\";s:1:\"0\";s:7:\"menu_id\";s:2:\"23\";s:6:\"active\";s:1:\"1\";s:6:\"method\";s:27:\"listing/portfolio_categoria\";s:10:\"controller\";s:6:\"screen\";s:5:\"label\";s:10:\"Categorias\";s:7:\"submenu\";a:3:{i:0;r:63;i:1;O:8:\"stdClass\":9:{s:11:\"mysql_table\";s:9:\"portfolio\";s:4:\"name\";s:10:\"Portfólio\";s:4:\"icon\";s:14:\"fa-bar-chart-o\";s:10:\"snippet_id\";s:1:\"0\";s:7:\"menu_id\";s:2:\"23\";s:6:\"active\";s:1:\"1\";s:6:\"method\";s:17:\"listing/portfolio\";s:10:\"controller\";s:6:\"screen\";s:5:\"label\";s:10:\"Portfólio\";}i:2;O:8:\"stdClass\":9:{s:11:\"mysql_table\";s:15:\"portfolio_video\";s:4:\"name\";s:6:\"Videos\";s:4:\"icon\";s:21:\"fa-star              \";s:10:\"snippet_id\";s:1:\"0\";s:7:\"menu_id\";s:2:\"23\";s:6:\"active\";s:1:\"1\";s:6:\"method\";s:23:\"listing/portfolio_video\";s:10:\"controller\";s:6:\"screen\";s:5:\"label\";s:6:\"Videos\";}}}}}\";}'), ('d517dd211066d52f8fecee5362d2cc6e', '127.2.221.1', 'Mozilla/5.0 (Windows NT 6.1; WOW64) AppleWebKit/53', '1429792687', 'a:2:{s:9:\"user_data\";s:0:\"\";s:4:\"user\";s:2674:\"O:8:\"stdClass\":8:{s:7:\"user_id\";s:2:\"10\";s:4:\"name\";s:7:\"Luciano\";s:12:\"company_name\";s:8:\"Kadaicha\";s:10:\"profile_id\";s:8:\"97719874\";s:10:\"company_id\";s:2:\"13\";s:11:\"upload_path\";s:41:\"http://www.kadaicha.com.br/assets/upload/\";s:9:\"developer\";s:1:\"0\";s:7:\"modules\";a:5:{i:0;O:8:\"stdClass\":6:{s:11:\"mysql_table\";s:6:\"banner\";s:4:\"name\";s:7:\"Banners\";s:4:\"icon\";s:21:\"fa-print             \";s:10:\"snippet_id\";s:1:\"0\";s:7:\"menu_id\";N;s:6:\"active\";s:1:\"1\";}i:1;O:8:\"stdClass\":6:{s:11:\"mysql_table\";s:5:\"about\";s:4:\"name\";s:5:\"Sobre\";s:4:\"icon\";s:21:\"fa-heart             \";s:10:\"snippet_id\";s:1:\"0\";s:7:\"menu_id\";N;s:6:\"active\";s:1:\"1\";}i:2;O:8:\"stdClass\":6:{s:11:\"mysql_table\";s:8:\"services\";s:4:\"name\";s:9:\"Serviços\";s:4:\"icon\";s:21:\"fa-bolt              \";s:10:\"snippet_id\";s:1:\"0\";s:7:\"menu_id\";N;s:6:\"active\";s:1:\"1\";}i:3;O:8:\"stdClass\":10:{s:11:\"mysql_table\";s:4:\"menu\";s:4:\"name\";s:10:\"Configurar\";s:4:\"icon\";s:21:\"fa-list              \";s:10:\"snippet_id\";s:1:\"0\";s:7:\"menu_id\";s:2:\"22\";s:6:\"active\";s:1:\"1\";s:6:\"method\";s:12:\"listing/menu\";s:10:\"controller\";s:6:\"screen\";s:5:\"label\";s:4:\"Menu\";s:7:\"submenu\";a:3:{i:0;r:31;i:1;O:8:\"stdClass\":9:{s:11:\"mysql_table\";s:12:\"website_data\";s:4:\"name\";s:13:\"Dados do Site\";s:4:\"icon\";s:14:\"fa-bar-chart-o\";s:10:\"snippet_id\";s:1:\"0\";s:7:\"menu_id\";s:2:\"22\";s:6:\"active\";s:1:\"1\";s:6:\"method\";s:20:\"listing/website_data\";s:10:\"controller\";s:6:\"screen\";s:5:\"label\";s:13:\"Dados do Site\";}i:2;O:8:\"stdClass\":9:{s:11:\"mysql_table\";s:12:\"website_text\";s:4:\"name\";s:14:\"Textos do site\";s:4:\"icon\";s:14:\"fa-bar-chart-o\";s:10:\"snippet_id\";s:1:\"0\";s:7:\"menu_id\";s:2:\"22\";s:6:\"active\";s:1:\"1\";s:6:\"method\";s:20:\"listing/website_text\";s:10:\"controller\";s:6:\"screen\";s:5:\"label\";s:14:\"Textos do site\";}}}i:4;O:8:\"stdClass\":10:{s:11:\"mysql_table\";s:19:\"portfolio_categoria\";s:4:\"name\";s:10:\"Portfólio\";s:4:\"icon\";s:21:\"fa-star              \";s:10:\"snippet_id\";s:1:\"0\";s:7:\"menu_id\";s:2:\"23\";s:6:\"active\";s:1:\"1\";s:6:\"method\";s:27:\"listing/portfolio_categoria\";s:10:\"controller\";s:6:\"screen\";s:5:\"label\";s:10:\"Categorias\";s:7:\"submenu\";a:3:{i:0;r:63;i:1;O:8:\"stdClass\":9:{s:11:\"mysql_table\";s:9:\"portfolio\";s:4:\"name\";s:10:\"Portfólio\";s:4:\"icon\";s:14:\"fa-bar-chart-o\";s:10:\"snippet_id\";s:1:\"0\";s:7:\"menu_id\";s:2:\"23\";s:6:\"active\";s:1:\"1\";s:6:\"method\";s:17:\"listing/portfolio\";s:10:\"controller\";s:6:\"screen\";s:5:\"label\";s:10:\"Portfólio\";}i:2;O:8:\"stdClass\":9:{s:11:\"mysql_table\";s:15:\"portfolio_video\";s:4:\"name\";s:6:\"Videos\";s:4:\"icon\";s:21:\"fa-star              \";s:10:\"snippet_id\";s:1:\"0\";s:7:\"menu_id\";s:2:\"23\";s:6:\"active\";s:1:\"1\";s:6:\"method\";s:23:\"listing/portfolio_video\";s:10:\"controller\";s:6:\"screen\";s:5:\"label\";s:6:\"Videos\";}}}}}\";}'), ('d5cb76f3d89c099607d148eb856e4856', '127.2.221.1', 'Mozilla/5.0 (Windows NT 6.1; WOW64) AppleWebKit/53', '1429792931', 'a:2:{s:9:\"user_data\";s:0:\"\";s:4:\"user\";s:2674:\"O:8:\"stdClass\":8:{s:7:\"user_id\";s:2:\"10\";s:4:\"name\";s:7:\"Luciano\";s:12:\"company_name\";s:8:\"Kadaicha\";s:10:\"profile_id\";s:8:\"97719874\";s:10:\"company_id\";s:2:\"13\";s:11:\"upload_path\";s:41:\"http://www.kadaicha.com.br/assets/upload/\";s:9:\"developer\";s:1:\"0\";s:7:\"modules\";a:5:{i:0;O:8:\"stdClass\":6:{s:11:\"mysql_table\";s:6:\"banner\";s:4:\"name\";s:7:\"Banners\";s:4:\"icon\";s:21:\"fa-print             \";s:10:\"snippet_id\";s:1:\"0\";s:7:\"menu_id\";N;s:6:\"active\";s:1:\"1\";}i:1;O:8:\"stdClass\":6:{s:11:\"mysql_table\";s:5:\"about\";s:4:\"name\";s:5:\"Sobre\";s:4:\"icon\";s:21:\"fa-heart             \";s:10:\"snippet_id\";s:1:\"0\";s:7:\"menu_id\";N;s:6:\"active\";s:1:\"1\";}i:2;O:8:\"stdClass\":6:{s:11:\"mysql_table\";s:8:\"services\";s:4:\"name\";s:9:\"Serviços\";s:4:\"icon\";s:21:\"fa-bolt              \";s:10:\"snippet_id\";s:1:\"0\";s:7:\"menu_id\";N;s:6:\"active\";s:1:\"1\";}i:3;O:8:\"stdClass\":10:{s:11:\"mysql_table\";s:4:\"menu\";s:4:\"name\";s:10:\"Configurar\";s:4:\"icon\";s:21:\"fa-list              \";s:10:\"snippet_id\";s:1:\"0\";s:7:\"menu_id\";s:2:\"22\";s:6:\"active\";s:1:\"1\";s:6:\"method\";s:12:\"listing/menu\";s:10:\"controller\";s:6:\"screen\";s:5:\"label\";s:4:\"Menu\";s:7:\"submenu\";a:3:{i:0;r:31;i:1;O:8:\"stdClass\":9:{s:11:\"mysql_table\";s:12:\"website_data\";s:4:\"name\";s:13:\"Dados do Site\";s:4:\"icon\";s:14:\"fa-bar-chart-o\";s:10:\"snippet_id\";s:1:\"0\";s:7:\"menu_id\";s:2:\"22\";s:6:\"active\";s:1:\"1\";s:6:\"method\";s:20:\"listing/website_data\";s:10:\"controller\";s:6:\"screen\";s:5:\"label\";s:13:\"Dados do Site\";}i:2;O:8:\"stdClass\":9:{s:11:\"mysql_table\";s:12:\"website_text\";s:4:\"name\";s:14:\"Textos do site\";s:4:\"icon\";s:14:\"fa-bar-chart-o\";s:10:\"snippet_id\";s:1:\"0\";s:7:\"menu_id\";s:2:\"22\";s:6:\"active\";s:1:\"1\";s:6:\"method\";s:20:\"listing/website_text\";s:10:\"controller\";s:6:\"screen\";s:5:\"label\";s:14:\"Textos do site\";}}}i:4;O:8:\"stdClass\":10:{s:11:\"mysql_table\";s:19:\"portfolio_categoria\";s:4:\"name\";s:10:\"Portfólio\";s:4:\"icon\";s:21:\"fa-star              \";s:10:\"snippet_id\";s:1:\"0\";s:7:\"menu_id\";s:2:\"23\";s:6:\"active\";s:1:\"1\";s:6:\"method\";s:27:\"listing/portfolio_categoria\";s:10:\"controller\";s:6:\"screen\";s:5:\"label\";s:10:\"Categorias\";s:7:\"submenu\";a:3:{i:0;r:63;i:1;O:8:\"stdClass\":9:{s:11:\"mysql_table\";s:9:\"portfolio\";s:4:\"name\";s:10:\"Portfólio\";s:4:\"icon\";s:14:\"fa-bar-chart-o\";s:10:\"snippet_id\";s:1:\"0\";s:7:\"menu_id\";s:2:\"23\";s:6:\"active\";s:1:\"1\";s:6:\"method\";s:17:\"listing/portfolio\";s:10:\"controller\";s:6:\"screen\";s:5:\"label\";s:10:\"Portfólio\";}i:2;O:8:\"stdClass\":9:{s:11:\"mysql_table\";s:15:\"portfolio_video\";s:4:\"name\";s:6:\"Videos\";s:4:\"icon\";s:21:\"fa-star              \";s:10:\"snippet_id\";s:1:\"0\";s:7:\"menu_id\";s:2:\"23\";s:6:\"active\";s:1:\"1\";s:6:\"method\";s:23:\"listing/portfolio_video\";s:10:\"controller\";s:6:\"screen\";s:5:\"label\";s:6:\"Videos\";}}}}}\";}');
INSERT INTO `ci_sessions` VALUES ('d6e383d971ba0ea04e1ccb3a474629c4', '127.2.221.1', 'Mozilla/5.0 (Windows NT 6.1; WOW64) AppleWebKit/53', '1429793373', 'a:2:{s:9:\"user_data\";s:0:\"\";s:4:\"user\";s:2674:\"O:8:\"stdClass\":8:{s:7:\"user_id\";s:2:\"10\";s:4:\"name\";s:7:\"Luciano\";s:12:\"company_name\";s:8:\"Kadaicha\";s:10:\"profile_id\";s:8:\"97719874\";s:10:\"company_id\";s:2:\"13\";s:11:\"upload_path\";s:41:\"http://www.kadaicha.com.br/assets/upload/\";s:9:\"developer\";s:1:\"0\";s:7:\"modules\";a:5:{i:0;O:8:\"stdClass\":6:{s:11:\"mysql_table\";s:6:\"banner\";s:4:\"name\";s:7:\"Banners\";s:4:\"icon\";s:21:\"fa-print             \";s:10:\"snippet_id\";s:1:\"0\";s:7:\"menu_id\";N;s:6:\"active\";s:1:\"1\";}i:1;O:8:\"stdClass\":6:{s:11:\"mysql_table\";s:5:\"about\";s:4:\"name\";s:5:\"Sobre\";s:4:\"icon\";s:21:\"fa-heart             \";s:10:\"snippet_id\";s:1:\"0\";s:7:\"menu_id\";N;s:6:\"active\";s:1:\"1\";}i:2;O:8:\"stdClass\":6:{s:11:\"mysql_table\";s:8:\"services\";s:4:\"name\";s:9:\"Serviços\";s:4:\"icon\";s:21:\"fa-bolt              \";s:10:\"snippet_id\";s:1:\"0\";s:7:\"menu_id\";N;s:6:\"active\";s:1:\"1\";}i:3;O:8:\"stdClass\":10:{s:11:\"mysql_table\";s:4:\"menu\";s:4:\"name\";s:10:\"Configurar\";s:4:\"icon\";s:21:\"fa-list              \";s:10:\"snippet_id\";s:1:\"0\";s:7:\"menu_id\";s:2:\"22\";s:6:\"active\";s:1:\"1\";s:6:\"method\";s:12:\"listing/menu\";s:10:\"controller\";s:6:\"screen\";s:5:\"label\";s:4:\"Menu\";s:7:\"submenu\";a:3:{i:0;r:31;i:1;O:8:\"stdClass\":9:{s:11:\"mysql_table\";s:12:\"website_data\";s:4:\"name\";s:13:\"Dados do Site\";s:4:\"icon\";s:14:\"fa-bar-chart-o\";s:10:\"snippet_id\";s:1:\"0\";s:7:\"menu_id\";s:2:\"22\";s:6:\"active\";s:1:\"1\";s:6:\"method\";s:20:\"listing/website_data\";s:10:\"controller\";s:6:\"screen\";s:5:\"label\";s:13:\"Dados do Site\";}i:2;O:8:\"stdClass\":9:{s:11:\"mysql_table\";s:12:\"website_text\";s:4:\"name\";s:14:\"Textos do site\";s:4:\"icon\";s:14:\"fa-bar-chart-o\";s:10:\"snippet_id\";s:1:\"0\";s:7:\"menu_id\";s:2:\"22\";s:6:\"active\";s:1:\"1\";s:6:\"method\";s:20:\"listing/website_text\";s:10:\"controller\";s:6:\"screen\";s:5:\"label\";s:14:\"Textos do site\";}}}i:4;O:8:\"stdClass\":10:{s:11:\"mysql_table\";s:19:\"portfolio_categoria\";s:4:\"name\";s:10:\"Portfólio\";s:4:\"icon\";s:21:\"fa-star              \";s:10:\"snippet_id\";s:1:\"0\";s:7:\"menu_id\";s:2:\"23\";s:6:\"active\";s:1:\"1\";s:6:\"method\";s:27:\"listing/portfolio_categoria\";s:10:\"controller\";s:6:\"screen\";s:5:\"label\";s:10:\"Categorias\";s:7:\"submenu\";a:3:{i:0;r:63;i:1;O:8:\"stdClass\":9:{s:11:\"mysql_table\";s:9:\"portfolio\";s:4:\"name\";s:10:\"Portfólio\";s:4:\"icon\";s:14:\"fa-bar-chart-o\";s:10:\"snippet_id\";s:1:\"0\";s:7:\"menu_id\";s:2:\"23\";s:6:\"active\";s:1:\"1\";s:6:\"method\";s:17:\"listing/portfolio\";s:10:\"controller\";s:6:\"screen\";s:5:\"label\";s:10:\"Portfólio\";}i:2;O:8:\"stdClass\":9:{s:11:\"mysql_table\";s:15:\"portfolio_video\";s:4:\"name\";s:6:\"Videos\";s:4:\"icon\";s:21:\"fa-star              \";s:10:\"snippet_id\";s:1:\"0\";s:7:\"menu_id\";s:2:\"23\";s:6:\"active\";s:1:\"1\";s:6:\"method\";s:23:\"listing/portfolio_video\";s:10:\"controller\";s:6:\"screen\";s:5:\"label\";s:6:\"Videos\";}}}}}\";}'), ('d8556f5869bcfb8b797a460fe2274bc2', '127.2.221.1', 'Mozilla/5.0 (Windows NT 6.1; WOW64) AppleWebKit/53', '1429792686', 'a:2:{s:9:\"user_data\";s:0:\"\";s:4:\"user\";s:2674:\"O:8:\"stdClass\":8:{s:7:\"user_id\";s:2:\"10\";s:4:\"name\";s:7:\"Luciano\";s:12:\"company_name\";s:8:\"Kadaicha\";s:10:\"profile_id\";s:8:\"97719874\";s:10:\"company_id\";s:2:\"13\";s:11:\"upload_path\";s:41:\"http://www.kadaicha.com.br/assets/upload/\";s:9:\"developer\";s:1:\"0\";s:7:\"modules\";a:5:{i:0;O:8:\"stdClass\":6:{s:11:\"mysql_table\";s:6:\"banner\";s:4:\"name\";s:7:\"Banners\";s:4:\"icon\";s:21:\"fa-print             \";s:10:\"snippet_id\";s:1:\"0\";s:7:\"menu_id\";N;s:6:\"active\";s:1:\"1\";}i:1;O:8:\"stdClass\":6:{s:11:\"mysql_table\";s:5:\"about\";s:4:\"name\";s:5:\"Sobre\";s:4:\"icon\";s:21:\"fa-heart             \";s:10:\"snippet_id\";s:1:\"0\";s:7:\"menu_id\";N;s:6:\"active\";s:1:\"1\";}i:2;O:8:\"stdClass\":6:{s:11:\"mysql_table\";s:8:\"services\";s:4:\"name\";s:9:\"Serviços\";s:4:\"icon\";s:21:\"fa-bolt              \";s:10:\"snippet_id\";s:1:\"0\";s:7:\"menu_id\";N;s:6:\"active\";s:1:\"1\";}i:3;O:8:\"stdClass\":10:{s:11:\"mysql_table\";s:4:\"menu\";s:4:\"name\";s:10:\"Configurar\";s:4:\"icon\";s:21:\"fa-list              \";s:10:\"snippet_id\";s:1:\"0\";s:7:\"menu_id\";s:2:\"22\";s:6:\"active\";s:1:\"1\";s:6:\"method\";s:12:\"listing/menu\";s:10:\"controller\";s:6:\"screen\";s:5:\"label\";s:4:\"Menu\";s:7:\"submenu\";a:3:{i:0;r:31;i:1;O:8:\"stdClass\":9:{s:11:\"mysql_table\";s:12:\"website_data\";s:4:\"name\";s:13:\"Dados do Site\";s:4:\"icon\";s:14:\"fa-bar-chart-o\";s:10:\"snippet_id\";s:1:\"0\";s:7:\"menu_id\";s:2:\"22\";s:6:\"active\";s:1:\"1\";s:6:\"method\";s:20:\"listing/website_data\";s:10:\"controller\";s:6:\"screen\";s:5:\"label\";s:13:\"Dados do Site\";}i:2;O:8:\"stdClass\":9:{s:11:\"mysql_table\";s:12:\"website_text\";s:4:\"name\";s:14:\"Textos do site\";s:4:\"icon\";s:14:\"fa-bar-chart-o\";s:10:\"snippet_id\";s:1:\"0\";s:7:\"menu_id\";s:2:\"22\";s:6:\"active\";s:1:\"1\";s:6:\"method\";s:20:\"listing/website_text\";s:10:\"controller\";s:6:\"screen\";s:5:\"label\";s:14:\"Textos do site\";}}}i:4;O:8:\"stdClass\":10:{s:11:\"mysql_table\";s:19:\"portfolio_categoria\";s:4:\"name\";s:10:\"Portfólio\";s:4:\"icon\";s:21:\"fa-star              \";s:10:\"snippet_id\";s:1:\"0\";s:7:\"menu_id\";s:2:\"23\";s:6:\"active\";s:1:\"1\";s:6:\"method\";s:27:\"listing/portfolio_categoria\";s:10:\"controller\";s:6:\"screen\";s:5:\"label\";s:10:\"Categorias\";s:7:\"submenu\";a:3:{i:0;r:63;i:1;O:8:\"stdClass\":9:{s:11:\"mysql_table\";s:9:\"portfolio\";s:4:\"name\";s:10:\"Portfólio\";s:4:\"icon\";s:14:\"fa-bar-chart-o\";s:10:\"snippet_id\";s:1:\"0\";s:7:\"menu_id\";s:2:\"23\";s:6:\"active\";s:1:\"1\";s:6:\"method\";s:17:\"listing/portfolio\";s:10:\"controller\";s:6:\"screen\";s:5:\"label\";s:10:\"Portfólio\";}i:2;O:8:\"stdClass\":9:{s:11:\"mysql_table\";s:15:\"portfolio_video\";s:4:\"name\";s:6:\"Videos\";s:4:\"icon\";s:21:\"fa-star              \";s:10:\"snippet_id\";s:1:\"0\";s:7:\"menu_id\";s:2:\"23\";s:6:\"active\";s:1:\"1\";s:6:\"method\";s:23:\"listing/portfolio_video\";s:10:\"controller\";s:6:\"screen\";s:5:\"label\";s:6:\"Videos\";}}}}}\";}'), ('d873e2540648ff070d6166ff33dc5c75', '127.2.221.1', 'Mozilla/5.0 (Windows NT 6.1; WOW64) AppleWebKit/53', '1429804054', 'a:2:{s:9:\"user_data\";s:0:\"\";s:4:\"user\";s:2674:\"O:8:\"stdClass\":8:{s:7:\"user_id\";s:2:\"10\";s:4:\"name\";s:7:\"Luciano\";s:12:\"company_name\";s:8:\"Kadaicha\";s:10:\"profile_id\";s:8:\"97719874\";s:10:\"company_id\";s:2:\"13\";s:11:\"upload_path\";s:41:\"http://www.kadaicha.com.br/assets/upload/\";s:9:\"developer\";s:1:\"0\";s:7:\"modules\";a:5:{i:0;O:8:\"stdClass\":6:{s:11:\"mysql_table\";s:6:\"banner\";s:4:\"name\";s:7:\"Banners\";s:4:\"icon\";s:21:\"fa-print             \";s:10:\"snippet_id\";s:1:\"0\";s:7:\"menu_id\";N;s:6:\"active\";s:1:\"1\";}i:1;O:8:\"stdClass\":6:{s:11:\"mysql_table\";s:5:\"about\";s:4:\"name\";s:5:\"Sobre\";s:4:\"icon\";s:21:\"fa-heart             \";s:10:\"snippet_id\";s:1:\"0\";s:7:\"menu_id\";N;s:6:\"active\";s:1:\"1\";}i:2;O:8:\"stdClass\":6:{s:11:\"mysql_table\";s:8:\"services\";s:4:\"name\";s:9:\"Serviços\";s:4:\"icon\";s:21:\"fa-bolt              \";s:10:\"snippet_id\";s:1:\"0\";s:7:\"menu_id\";N;s:6:\"active\";s:1:\"1\";}i:3;O:8:\"stdClass\":10:{s:11:\"mysql_table\";s:4:\"menu\";s:4:\"name\";s:10:\"Configurar\";s:4:\"icon\";s:21:\"fa-list              \";s:10:\"snippet_id\";s:1:\"0\";s:7:\"menu_id\";s:2:\"22\";s:6:\"active\";s:1:\"1\";s:6:\"method\";s:12:\"listing/menu\";s:10:\"controller\";s:6:\"screen\";s:5:\"label\";s:4:\"Menu\";s:7:\"submenu\";a:3:{i:0;r:31;i:1;O:8:\"stdClass\":9:{s:11:\"mysql_table\";s:12:\"website_data\";s:4:\"name\";s:13:\"Dados do Site\";s:4:\"icon\";s:14:\"fa-bar-chart-o\";s:10:\"snippet_id\";s:1:\"0\";s:7:\"menu_id\";s:2:\"22\";s:6:\"active\";s:1:\"1\";s:6:\"method\";s:20:\"listing/website_data\";s:10:\"controller\";s:6:\"screen\";s:5:\"label\";s:13:\"Dados do Site\";}i:2;O:8:\"stdClass\":9:{s:11:\"mysql_table\";s:12:\"website_text\";s:4:\"name\";s:14:\"Textos do site\";s:4:\"icon\";s:14:\"fa-bar-chart-o\";s:10:\"snippet_id\";s:1:\"0\";s:7:\"menu_id\";s:2:\"22\";s:6:\"active\";s:1:\"1\";s:6:\"method\";s:20:\"listing/website_text\";s:10:\"controller\";s:6:\"screen\";s:5:\"label\";s:14:\"Textos do site\";}}}i:4;O:8:\"stdClass\":10:{s:11:\"mysql_table\";s:19:\"portfolio_categoria\";s:4:\"name\";s:10:\"Portfólio\";s:4:\"icon\";s:21:\"fa-star              \";s:10:\"snippet_id\";s:1:\"0\";s:7:\"menu_id\";s:2:\"23\";s:6:\"active\";s:1:\"1\";s:6:\"method\";s:27:\"listing/portfolio_categoria\";s:10:\"controller\";s:6:\"screen\";s:5:\"label\";s:10:\"Categorias\";s:7:\"submenu\";a:3:{i:0;r:63;i:1;O:8:\"stdClass\":9:{s:11:\"mysql_table\";s:9:\"portfolio\";s:4:\"name\";s:10:\"Portfólio\";s:4:\"icon\";s:14:\"fa-bar-chart-o\";s:10:\"snippet_id\";s:1:\"0\";s:7:\"menu_id\";s:2:\"23\";s:6:\"active\";s:1:\"1\";s:6:\"method\";s:17:\"listing/portfolio\";s:10:\"controller\";s:6:\"screen\";s:5:\"label\";s:10:\"Portfólio\";}i:2;O:8:\"stdClass\":9:{s:11:\"mysql_table\";s:15:\"portfolio_video\";s:4:\"name\";s:6:\"Videos\";s:4:\"icon\";s:21:\"fa-star              \";s:10:\"snippet_id\";s:1:\"0\";s:7:\"menu_id\";s:2:\"23\";s:6:\"active\";s:1:\"1\";s:6:\"method\";s:23:\"listing/portfolio_video\";s:10:\"controller\";s:6:\"screen\";s:5:\"label\";s:6:\"Videos\";}}}}}\";}'), ('dbfbfe622f216dfcc9ebac28f993be0f', '127.2.221.1', 'Mozilla/5.0 (Windows NT 6.1; WOW64) AppleWebKit/53', '1429804210', 'a:2:{s:9:\"user_data\";s:0:\"\";s:4:\"user\";s:2674:\"O:8:\"stdClass\":8:{s:7:\"user_id\";s:2:\"10\";s:4:\"name\";s:7:\"Luciano\";s:12:\"company_name\";s:8:\"Kadaicha\";s:10:\"profile_id\";s:8:\"97719874\";s:10:\"company_id\";s:2:\"13\";s:11:\"upload_path\";s:41:\"http://www.kadaicha.com.br/assets/upload/\";s:9:\"developer\";s:1:\"0\";s:7:\"modules\";a:5:{i:0;O:8:\"stdClass\":6:{s:11:\"mysql_table\";s:6:\"banner\";s:4:\"name\";s:7:\"Banners\";s:4:\"icon\";s:21:\"fa-print             \";s:10:\"snippet_id\";s:1:\"0\";s:7:\"menu_id\";N;s:6:\"active\";s:1:\"1\";}i:1;O:8:\"stdClass\":6:{s:11:\"mysql_table\";s:5:\"about\";s:4:\"name\";s:5:\"Sobre\";s:4:\"icon\";s:21:\"fa-heart             \";s:10:\"snippet_id\";s:1:\"0\";s:7:\"menu_id\";N;s:6:\"active\";s:1:\"1\";}i:2;O:8:\"stdClass\":6:{s:11:\"mysql_table\";s:8:\"services\";s:4:\"name\";s:9:\"Serviços\";s:4:\"icon\";s:21:\"fa-bolt              \";s:10:\"snippet_id\";s:1:\"0\";s:7:\"menu_id\";N;s:6:\"active\";s:1:\"1\";}i:3;O:8:\"stdClass\":10:{s:11:\"mysql_table\";s:4:\"menu\";s:4:\"name\";s:10:\"Configurar\";s:4:\"icon\";s:21:\"fa-list              \";s:10:\"snippet_id\";s:1:\"0\";s:7:\"menu_id\";s:2:\"22\";s:6:\"active\";s:1:\"1\";s:6:\"method\";s:12:\"listing/menu\";s:10:\"controller\";s:6:\"screen\";s:5:\"label\";s:4:\"Menu\";s:7:\"submenu\";a:3:{i:0;r:31;i:1;O:8:\"stdClass\":9:{s:11:\"mysql_table\";s:12:\"website_data\";s:4:\"name\";s:13:\"Dados do Site\";s:4:\"icon\";s:14:\"fa-bar-chart-o\";s:10:\"snippet_id\";s:1:\"0\";s:7:\"menu_id\";s:2:\"22\";s:6:\"active\";s:1:\"1\";s:6:\"method\";s:20:\"listing/website_data\";s:10:\"controller\";s:6:\"screen\";s:5:\"label\";s:13:\"Dados do Site\";}i:2;O:8:\"stdClass\":9:{s:11:\"mysql_table\";s:12:\"website_text\";s:4:\"name\";s:14:\"Textos do site\";s:4:\"icon\";s:14:\"fa-bar-chart-o\";s:10:\"snippet_id\";s:1:\"0\";s:7:\"menu_id\";s:2:\"22\";s:6:\"active\";s:1:\"1\";s:6:\"method\";s:20:\"listing/website_text\";s:10:\"controller\";s:6:\"screen\";s:5:\"label\";s:14:\"Textos do site\";}}}i:4;O:8:\"stdClass\":10:{s:11:\"mysql_table\";s:19:\"portfolio_categoria\";s:4:\"name\";s:10:\"Portfólio\";s:4:\"icon\";s:21:\"fa-star              \";s:10:\"snippet_id\";s:1:\"0\";s:7:\"menu_id\";s:2:\"23\";s:6:\"active\";s:1:\"1\";s:6:\"method\";s:27:\"listing/portfolio_categoria\";s:10:\"controller\";s:6:\"screen\";s:5:\"label\";s:10:\"Categorias\";s:7:\"submenu\";a:3:{i:0;r:63;i:1;O:8:\"stdClass\":9:{s:11:\"mysql_table\";s:9:\"portfolio\";s:4:\"name\";s:10:\"Portfólio\";s:4:\"icon\";s:14:\"fa-bar-chart-o\";s:10:\"snippet_id\";s:1:\"0\";s:7:\"menu_id\";s:2:\"23\";s:6:\"active\";s:1:\"1\";s:6:\"method\";s:17:\"listing/portfolio\";s:10:\"controller\";s:6:\"screen\";s:5:\"label\";s:10:\"Portfólio\";}i:2;O:8:\"stdClass\":9:{s:11:\"mysql_table\";s:15:\"portfolio_video\";s:4:\"name\";s:6:\"Videos\";s:4:\"icon\";s:21:\"fa-star              \";s:10:\"snippet_id\";s:1:\"0\";s:7:\"menu_id\";s:2:\"23\";s:6:\"active\";s:1:\"1\";s:6:\"method\";s:23:\"listing/portfolio_video\";s:10:\"controller\";s:6:\"screen\";s:5:\"label\";s:6:\"Videos\";}}}}}\";}'), ('de6b50ed63d1e3561d9e323fd71a7fb4', '127.2.221.1', 'Mozilla/5.0 (Windows NT 6.1; WOW64) AppleWebKit/53', '1429792791', 'a:2:{s:9:\"user_data\";s:0:\"\";s:4:\"user\";s:2674:\"O:8:\"stdClass\":8:{s:7:\"user_id\";s:2:\"10\";s:4:\"name\";s:7:\"Luciano\";s:12:\"company_name\";s:8:\"Kadaicha\";s:10:\"profile_id\";s:8:\"97719874\";s:10:\"company_id\";s:2:\"13\";s:11:\"upload_path\";s:41:\"http://www.kadaicha.com.br/assets/upload/\";s:9:\"developer\";s:1:\"0\";s:7:\"modules\";a:5:{i:0;O:8:\"stdClass\":6:{s:11:\"mysql_table\";s:6:\"banner\";s:4:\"name\";s:7:\"Banners\";s:4:\"icon\";s:21:\"fa-print             \";s:10:\"snippet_id\";s:1:\"0\";s:7:\"menu_id\";N;s:6:\"active\";s:1:\"1\";}i:1;O:8:\"stdClass\":6:{s:11:\"mysql_table\";s:5:\"about\";s:4:\"name\";s:5:\"Sobre\";s:4:\"icon\";s:21:\"fa-heart             \";s:10:\"snippet_id\";s:1:\"0\";s:7:\"menu_id\";N;s:6:\"active\";s:1:\"1\";}i:2;O:8:\"stdClass\":6:{s:11:\"mysql_table\";s:8:\"services\";s:4:\"name\";s:9:\"Serviços\";s:4:\"icon\";s:21:\"fa-bolt              \";s:10:\"snippet_id\";s:1:\"0\";s:7:\"menu_id\";N;s:6:\"active\";s:1:\"1\";}i:3;O:8:\"stdClass\":10:{s:11:\"mysql_table\";s:4:\"menu\";s:4:\"name\";s:10:\"Configurar\";s:4:\"icon\";s:21:\"fa-list              \";s:10:\"snippet_id\";s:1:\"0\";s:7:\"menu_id\";s:2:\"22\";s:6:\"active\";s:1:\"1\";s:6:\"method\";s:12:\"listing/menu\";s:10:\"controller\";s:6:\"screen\";s:5:\"label\";s:4:\"Menu\";s:7:\"submenu\";a:3:{i:0;r:31;i:1;O:8:\"stdClass\":9:{s:11:\"mysql_table\";s:12:\"website_data\";s:4:\"name\";s:13:\"Dados do Site\";s:4:\"icon\";s:14:\"fa-bar-chart-o\";s:10:\"snippet_id\";s:1:\"0\";s:7:\"menu_id\";s:2:\"22\";s:6:\"active\";s:1:\"1\";s:6:\"method\";s:20:\"listing/website_data\";s:10:\"controller\";s:6:\"screen\";s:5:\"label\";s:13:\"Dados do Site\";}i:2;O:8:\"stdClass\":9:{s:11:\"mysql_table\";s:12:\"website_text\";s:4:\"name\";s:14:\"Textos do site\";s:4:\"icon\";s:14:\"fa-bar-chart-o\";s:10:\"snippet_id\";s:1:\"0\";s:7:\"menu_id\";s:2:\"22\";s:6:\"active\";s:1:\"1\";s:6:\"method\";s:20:\"listing/website_text\";s:10:\"controller\";s:6:\"screen\";s:5:\"label\";s:14:\"Textos do site\";}}}i:4;O:8:\"stdClass\":10:{s:11:\"mysql_table\";s:19:\"portfolio_categoria\";s:4:\"name\";s:10:\"Portfólio\";s:4:\"icon\";s:21:\"fa-star              \";s:10:\"snippet_id\";s:1:\"0\";s:7:\"menu_id\";s:2:\"23\";s:6:\"active\";s:1:\"1\";s:6:\"method\";s:27:\"listing/portfolio_categoria\";s:10:\"controller\";s:6:\"screen\";s:5:\"label\";s:10:\"Categorias\";s:7:\"submenu\";a:3:{i:0;r:63;i:1;O:8:\"stdClass\":9:{s:11:\"mysql_table\";s:9:\"portfolio\";s:4:\"name\";s:10:\"Portfólio\";s:4:\"icon\";s:14:\"fa-bar-chart-o\";s:10:\"snippet_id\";s:1:\"0\";s:7:\"menu_id\";s:2:\"23\";s:6:\"active\";s:1:\"1\";s:6:\"method\";s:17:\"listing/portfolio\";s:10:\"controller\";s:6:\"screen\";s:5:\"label\";s:10:\"Portfólio\";}i:2;O:8:\"stdClass\":9:{s:11:\"mysql_table\";s:15:\"portfolio_video\";s:4:\"name\";s:6:\"Videos\";s:4:\"icon\";s:21:\"fa-star              \";s:10:\"snippet_id\";s:1:\"0\";s:7:\"menu_id\";s:2:\"23\";s:6:\"active\";s:1:\"1\";s:6:\"method\";s:23:\"listing/portfolio_video\";s:10:\"controller\";s:6:\"screen\";s:5:\"label\";s:6:\"Videos\";}}}}}\";}'), ('ded8ce3f0b921ec13fec048e62aef3e2', '127.2.221.1', 'Mozilla/5.0 (Windows NT 6.1; WOW64) AppleWebKit/53', '1429792792', 'a:2:{s:9:\"user_data\";s:0:\"\";s:4:\"user\";s:2674:\"O:8:\"stdClass\":8:{s:7:\"user_id\";s:2:\"10\";s:4:\"name\";s:7:\"Luciano\";s:12:\"company_name\";s:8:\"Kadaicha\";s:10:\"profile_id\";s:8:\"97719874\";s:10:\"company_id\";s:2:\"13\";s:11:\"upload_path\";s:41:\"http://www.kadaicha.com.br/assets/upload/\";s:9:\"developer\";s:1:\"0\";s:7:\"modules\";a:5:{i:0;O:8:\"stdClass\":6:{s:11:\"mysql_table\";s:6:\"banner\";s:4:\"name\";s:7:\"Banners\";s:4:\"icon\";s:21:\"fa-print             \";s:10:\"snippet_id\";s:1:\"0\";s:7:\"menu_id\";N;s:6:\"active\";s:1:\"1\";}i:1;O:8:\"stdClass\":6:{s:11:\"mysql_table\";s:5:\"about\";s:4:\"name\";s:5:\"Sobre\";s:4:\"icon\";s:21:\"fa-heart             \";s:10:\"snippet_id\";s:1:\"0\";s:7:\"menu_id\";N;s:6:\"active\";s:1:\"1\";}i:2;O:8:\"stdClass\":6:{s:11:\"mysql_table\";s:8:\"services\";s:4:\"name\";s:9:\"Serviços\";s:4:\"icon\";s:21:\"fa-bolt              \";s:10:\"snippet_id\";s:1:\"0\";s:7:\"menu_id\";N;s:6:\"active\";s:1:\"1\";}i:3;O:8:\"stdClass\":10:{s:11:\"mysql_table\";s:4:\"menu\";s:4:\"name\";s:10:\"Configurar\";s:4:\"icon\";s:21:\"fa-list              \";s:10:\"snippet_id\";s:1:\"0\";s:7:\"menu_id\";s:2:\"22\";s:6:\"active\";s:1:\"1\";s:6:\"method\";s:12:\"listing/menu\";s:10:\"controller\";s:6:\"screen\";s:5:\"label\";s:4:\"Menu\";s:7:\"submenu\";a:3:{i:0;r:31;i:1;O:8:\"stdClass\":9:{s:11:\"mysql_table\";s:12:\"website_data\";s:4:\"name\";s:13:\"Dados do Site\";s:4:\"icon\";s:14:\"fa-bar-chart-o\";s:10:\"snippet_id\";s:1:\"0\";s:7:\"menu_id\";s:2:\"22\";s:6:\"active\";s:1:\"1\";s:6:\"method\";s:20:\"listing/website_data\";s:10:\"controller\";s:6:\"screen\";s:5:\"label\";s:13:\"Dados do Site\";}i:2;O:8:\"stdClass\":9:{s:11:\"mysql_table\";s:12:\"website_text\";s:4:\"name\";s:14:\"Textos do site\";s:4:\"icon\";s:14:\"fa-bar-chart-o\";s:10:\"snippet_id\";s:1:\"0\";s:7:\"menu_id\";s:2:\"22\";s:6:\"active\";s:1:\"1\";s:6:\"method\";s:20:\"listing/website_text\";s:10:\"controller\";s:6:\"screen\";s:5:\"label\";s:14:\"Textos do site\";}}}i:4;O:8:\"stdClass\":10:{s:11:\"mysql_table\";s:19:\"portfolio_categoria\";s:4:\"name\";s:10:\"Portfólio\";s:4:\"icon\";s:21:\"fa-star              \";s:10:\"snippet_id\";s:1:\"0\";s:7:\"menu_id\";s:2:\"23\";s:6:\"active\";s:1:\"1\";s:6:\"method\";s:27:\"listing/portfolio_categoria\";s:10:\"controller\";s:6:\"screen\";s:5:\"label\";s:10:\"Categorias\";s:7:\"submenu\";a:3:{i:0;r:63;i:1;O:8:\"stdClass\":9:{s:11:\"mysql_table\";s:9:\"portfolio\";s:4:\"name\";s:10:\"Portfólio\";s:4:\"icon\";s:14:\"fa-bar-chart-o\";s:10:\"snippet_id\";s:1:\"0\";s:7:\"menu_id\";s:2:\"23\";s:6:\"active\";s:1:\"1\";s:6:\"method\";s:17:\"listing/portfolio\";s:10:\"controller\";s:6:\"screen\";s:5:\"label\";s:10:\"Portfólio\";}i:2;O:8:\"stdClass\":9:{s:11:\"mysql_table\";s:15:\"portfolio_video\";s:4:\"name\";s:6:\"Videos\";s:4:\"icon\";s:21:\"fa-star              \";s:10:\"snippet_id\";s:1:\"0\";s:7:\"menu_id\";s:2:\"23\";s:6:\"active\";s:1:\"1\";s:6:\"method\";s:23:\"listing/portfolio_video\";s:10:\"controller\";s:6:\"screen\";s:5:\"label\";s:6:\"Videos\";}}}}}\";}'), ('e7754ef4e864a7748220721afddbe09d', '127.2.221.1', 'Mozilla/5.0 (Windows NT 6.1; WOW64) AppleWebKit/53', '1429792963', 'a:2:{s:9:\"user_data\";s:0:\"\";s:4:\"user\";s:2674:\"O:8:\"stdClass\":8:{s:7:\"user_id\";s:2:\"10\";s:4:\"name\";s:7:\"Luciano\";s:12:\"company_name\";s:8:\"Kadaicha\";s:10:\"profile_id\";s:8:\"97719874\";s:10:\"company_id\";s:2:\"13\";s:11:\"upload_path\";s:41:\"http://www.kadaicha.com.br/assets/upload/\";s:9:\"developer\";s:1:\"0\";s:7:\"modules\";a:5:{i:0;O:8:\"stdClass\":6:{s:11:\"mysql_table\";s:6:\"banner\";s:4:\"name\";s:7:\"Banners\";s:4:\"icon\";s:21:\"fa-print             \";s:10:\"snippet_id\";s:1:\"0\";s:7:\"menu_id\";N;s:6:\"active\";s:1:\"1\";}i:1;O:8:\"stdClass\":6:{s:11:\"mysql_table\";s:5:\"about\";s:4:\"name\";s:5:\"Sobre\";s:4:\"icon\";s:21:\"fa-heart             \";s:10:\"snippet_id\";s:1:\"0\";s:7:\"menu_id\";N;s:6:\"active\";s:1:\"1\";}i:2;O:8:\"stdClass\":6:{s:11:\"mysql_table\";s:8:\"services\";s:4:\"name\";s:9:\"Serviços\";s:4:\"icon\";s:21:\"fa-bolt              \";s:10:\"snippet_id\";s:1:\"0\";s:7:\"menu_id\";N;s:6:\"active\";s:1:\"1\";}i:3;O:8:\"stdClass\":10:{s:11:\"mysql_table\";s:4:\"menu\";s:4:\"name\";s:10:\"Configurar\";s:4:\"icon\";s:21:\"fa-list              \";s:10:\"snippet_id\";s:1:\"0\";s:7:\"menu_id\";s:2:\"22\";s:6:\"active\";s:1:\"1\";s:6:\"method\";s:12:\"listing/menu\";s:10:\"controller\";s:6:\"screen\";s:5:\"label\";s:4:\"Menu\";s:7:\"submenu\";a:3:{i:0;r:31;i:1;O:8:\"stdClass\":9:{s:11:\"mysql_table\";s:12:\"website_data\";s:4:\"name\";s:13:\"Dados do Site\";s:4:\"icon\";s:14:\"fa-bar-chart-o\";s:10:\"snippet_id\";s:1:\"0\";s:7:\"menu_id\";s:2:\"22\";s:6:\"active\";s:1:\"1\";s:6:\"method\";s:20:\"listing/website_data\";s:10:\"controller\";s:6:\"screen\";s:5:\"label\";s:13:\"Dados do Site\";}i:2;O:8:\"stdClass\":9:{s:11:\"mysql_table\";s:12:\"website_text\";s:4:\"name\";s:14:\"Textos do site\";s:4:\"icon\";s:14:\"fa-bar-chart-o\";s:10:\"snippet_id\";s:1:\"0\";s:7:\"menu_id\";s:2:\"22\";s:6:\"active\";s:1:\"1\";s:6:\"method\";s:20:\"listing/website_text\";s:10:\"controller\";s:6:\"screen\";s:5:\"label\";s:14:\"Textos do site\";}}}i:4;O:8:\"stdClass\":10:{s:11:\"mysql_table\";s:19:\"portfolio_categoria\";s:4:\"name\";s:10:\"Portfólio\";s:4:\"icon\";s:21:\"fa-star              \";s:10:\"snippet_id\";s:1:\"0\";s:7:\"menu_id\";s:2:\"23\";s:6:\"active\";s:1:\"1\";s:6:\"method\";s:27:\"listing/portfolio_categoria\";s:10:\"controller\";s:6:\"screen\";s:5:\"label\";s:10:\"Categorias\";s:7:\"submenu\";a:3:{i:0;r:63;i:1;O:8:\"stdClass\":9:{s:11:\"mysql_table\";s:9:\"portfolio\";s:4:\"name\";s:10:\"Portfólio\";s:4:\"icon\";s:14:\"fa-bar-chart-o\";s:10:\"snippet_id\";s:1:\"0\";s:7:\"menu_id\";s:2:\"23\";s:6:\"active\";s:1:\"1\";s:6:\"method\";s:17:\"listing/portfolio\";s:10:\"controller\";s:6:\"screen\";s:5:\"label\";s:10:\"Portfólio\";}i:2;O:8:\"stdClass\":9:{s:11:\"mysql_table\";s:15:\"portfolio_video\";s:4:\"name\";s:6:\"Videos\";s:4:\"icon\";s:21:\"fa-star              \";s:10:\"snippet_id\";s:1:\"0\";s:7:\"menu_id\";s:2:\"23\";s:6:\"active\";s:1:\"1\";s:6:\"method\";s:23:\"listing/portfolio_video\";s:10:\"controller\";s:6:\"screen\";s:5:\"label\";s:6:\"Videos\";}}}}}\";}'), ('eceac65fbe79079669b6278b3a2f169c', '127.2.221.1', 'Mozilla/5.0 (Windows NT 6.1; WOW64) AppleWebKit/53', '1429793372', 'a:2:{s:9:\"user_data\";s:0:\"\";s:4:\"user\";s:2674:\"O:8:\"stdClass\":8:{s:7:\"user_id\";s:2:\"10\";s:4:\"name\";s:7:\"Luciano\";s:12:\"company_name\";s:8:\"Kadaicha\";s:10:\"profile_id\";s:8:\"97719874\";s:10:\"company_id\";s:2:\"13\";s:11:\"upload_path\";s:41:\"http://www.kadaicha.com.br/assets/upload/\";s:9:\"developer\";s:1:\"0\";s:7:\"modules\";a:5:{i:0;O:8:\"stdClass\":6:{s:11:\"mysql_table\";s:6:\"banner\";s:4:\"name\";s:7:\"Banners\";s:4:\"icon\";s:21:\"fa-print             \";s:10:\"snippet_id\";s:1:\"0\";s:7:\"menu_id\";N;s:6:\"active\";s:1:\"1\";}i:1;O:8:\"stdClass\":6:{s:11:\"mysql_table\";s:5:\"about\";s:4:\"name\";s:5:\"Sobre\";s:4:\"icon\";s:21:\"fa-heart             \";s:10:\"snippet_id\";s:1:\"0\";s:7:\"menu_id\";N;s:6:\"active\";s:1:\"1\";}i:2;O:8:\"stdClass\":6:{s:11:\"mysql_table\";s:8:\"services\";s:4:\"name\";s:9:\"Serviços\";s:4:\"icon\";s:21:\"fa-bolt              \";s:10:\"snippet_id\";s:1:\"0\";s:7:\"menu_id\";N;s:6:\"active\";s:1:\"1\";}i:3;O:8:\"stdClass\":10:{s:11:\"mysql_table\";s:4:\"menu\";s:4:\"name\";s:10:\"Configurar\";s:4:\"icon\";s:21:\"fa-list              \";s:10:\"snippet_id\";s:1:\"0\";s:7:\"menu_id\";s:2:\"22\";s:6:\"active\";s:1:\"1\";s:6:\"method\";s:12:\"listing/menu\";s:10:\"controller\";s:6:\"screen\";s:5:\"label\";s:4:\"Menu\";s:7:\"submenu\";a:3:{i:0;r:31;i:1;O:8:\"stdClass\":9:{s:11:\"mysql_table\";s:12:\"website_data\";s:4:\"name\";s:13:\"Dados do Site\";s:4:\"icon\";s:14:\"fa-bar-chart-o\";s:10:\"snippet_id\";s:1:\"0\";s:7:\"menu_id\";s:2:\"22\";s:6:\"active\";s:1:\"1\";s:6:\"method\";s:20:\"listing/website_data\";s:10:\"controller\";s:6:\"screen\";s:5:\"label\";s:13:\"Dados do Site\";}i:2;O:8:\"stdClass\":9:{s:11:\"mysql_table\";s:12:\"website_text\";s:4:\"name\";s:14:\"Textos do site\";s:4:\"icon\";s:14:\"fa-bar-chart-o\";s:10:\"snippet_id\";s:1:\"0\";s:7:\"menu_id\";s:2:\"22\";s:6:\"active\";s:1:\"1\";s:6:\"method\";s:20:\"listing/website_text\";s:10:\"controller\";s:6:\"screen\";s:5:\"label\";s:14:\"Textos do site\";}}}i:4;O:8:\"stdClass\":10:{s:11:\"mysql_table\";s:19:\"portfolio_categoria\";s:4:\"name\";s:10:\"Portfólio\";s:4:\"icon\";s:21:\"fa-star              \";s:10:\"snippet_id\";s:1:\"0\";s:7:\"menu_id\";s:2:\"23\";s:6:\"active\";s:1:\"1\";s:6:\"method\";s:27:\"listing/portfolio_categoria\";s:10:\"controller\";s:6:\"screen\";s:5:\"label\";s:10:\"Categorias\";s:7:\"submenu\";a:3:{i:0;r:63;i:1;O:8:\"stdClass\":9:{s:11:\"mysql_table\";s:9:\"portfolio\";s:4:\"name\";s:10:\"Portfólio\";s:4:\"icon\";s:14:\"fa-bar-chart-o\";s:10:\"snippet_id\";s:1:\"0\";s:7:\"menu_id\";s:2:\"23\";s:6:\"active\";s:1:\"1\";s:6:\"method\";s:17:\"listing/portfolio\";s:10:\"controller\";s:6:\"screen\";s:5:\"label\";s:10:\"Portfólio\";}i:2;O:8:\"stdClass\":9:{s:11:\"mysql_table\";s:15:\"portfolio_video\";s:4:\"name\";s:6:\"Videos\";s:4:\"icon\";s:21:\"fa-star              \";s:10:\"snippet_id\";s:1:\"0\";s:7:\"menu_id\";s:2:\"23\";s:6:\"active\";s:1:\"1\";s:6:\"method\";s:23:\"listing/portfolio_video\";s:10:\"controller\";s:6:\"screen\";s:5:\"label\";s:6:\"Videos\";}}}}}\";}'), ('ee22fb15f84b7783aa10d67300e778e3', '127.2.221.1', 'Mozilla/5.0 (Windows NT 6.1; WOW64) AppleWebKit/53', '1429793311', 'a:2:{s:9:\"user_data\";s:0:\"\";s:4:\"user\";s:2674:\"O:8:\"stdClass\":8:{s:7:\"user_id\";s:2:\"10\";s:4:\"name\";s:7:\"Luciano\";s:12:\"company_name\";s:8:\"Kadaicha\";s:10:\"profile_id\";s:8:\"97719874\";s:10:\"company_id\";s:2:\"13\";s:11:\"upload_path\";s:41:\"http://www.kadaicha.com.br/assets/upload/\";s:9:\"developer\";s:1:\"0\";s:7:\"modules\";a:5:{i:0;O:8:\"stdClass\":6:{s:11:\"mysql_table\";s:6:\"banner\";s:4:\"name\";s:7:\"Banners\";s:4:\"icon\";s:21:\"fa-print             \";s:10:\"snippet_id\";s:1:\"0\";s:7:\"menu_id\";N;s:6:\"active\";s:1:\"1\";}i:1;O:8:\"stdClass\":6:{s:11:\"mysql_table\";s:5:\"about\";s:4:\"name\";s:5:\"Sobre\";s:4:\"icon\";s:21:\"fa-heart             \";s:10:\"snippet_id\";s:1:\"0\";s:7:\"menu_id\";N;s:6:\"active\";s:1:\"1\";}i:2;O:8:\"stdClass\":6:{s:11:\"mysql_table\";s:8:\"services\";s:4:\"name\";s:9:\"Serviços\";s:4:\"icon\";s:21:\"fa-bolt              \";s:10:\"snippet_id\";s:1:\"0\";s:7:\"menu_id\";N;s:6:\"active\";s:1:\"1\";}i:3;O:8:\"stdClass\":10:{s:11:\"mysql_table\";s:4:\"menu\";s:4:\"name\";s:10:\"Configurar\";s:4:\"icon\";s:21:\"fa-list              \";s:10:\"snippet_id\";s:1:\"0\";s:7:\"menu_id\";s:2:\"22\";s:6:\"active\";s:1:\"1\";s:6:\"method\";s:12:\"listing/menu\";s:10:\"controller\";s:6:\"screen\";s:5:\"label\";s:4:\"Menu\";s:7:\"submenu\";a:3:{i:0;r:31;i:1;O:8:\"stdClass\":9:{s:11:\"mysql_table\";s:12:\"website_data\";s:4:\"name\";s:13:\"Dados do Site\";s:4:\"icon\";s:14:\"fa-bar-chart-o\";s:10:\"snippet_id\";s:1:\"0\";s:7:\"menu_id\";s:2:\"22\";s:6:\"active\";s:1:\"1\";s:6:\"method\";s:20:\"listing/website_data\";s:10:\"controller\";s:6:\"screen\";s:5:\"label\";s:13:\"Dados do Site\";}i:2;O:8:\"stdClass\":9:{s:11:\"mysql_table\";s:12:\"website_text\";s:4:\"name\";s:14:\"Textos do site\";s:4:\"icon\";s:14:\"fa-bar-chart-o\";s:10:\"snippet_id\";s:1:\"0\";s:7:\"menu_id\";s:2:\"22\";s:6:\"active\";s:1:\"1\";s:6:\"method\";s:20:\"listing/website_text\";s:10:\"controller\";s:6:\"screen\";s:5:\"label\";s:14:\"Textos do site\";}}}i:4;O:8:\"stdClass\":10:{s:11:\"mysql_table\";s:19:\"portfolio_categoria\";s:4:\"name\";s:10:\"Portfólio\";s:4:\"icon\";s:21:\"fa-star              \";s:10:\"snippet_id\";s:1:\"0\";s:7:\"menu_id\";s:2:\"23\";s:6:\"active\";s:1:\"1\";s:6:\"method\";s:27:\"listing/portfolio_categoria\";s:10:\"controller\";s:6:\"screen\";s:5:\"label\";s:10:\"Categorias\";s:7:\"submenu\";a:3:{i:0;r:63;i:1;O:8:\"stdClass\":9:{s:11:\"mysql_table\";s:9:\"portfolio\";s:4:\"name\";s:10:\"Portfólio\";s:4:\"icon\";s:14:\"fa-bar-chart-o\";s:10:\"snippet_id\";s:1:\"0\";s:7:\"menu_id\";s:2:\"23\";s:6:\"active\";s:1:\"1\";s:6:\"method\";s:17:\"listing/portfolio\";s:10:\"controller\";s:6:\"screen\";s:5:\"label\";s:10:\"Portfólio\";}i:2;O:8:\"stdClass\":9:{s:11:\"mysql_table\";s:15:\"portfolio_video\";s:4:\"name\";s:6:\"Videos\";s:4:\"icon\";s:21:\"fa-star              \";s:10:\"snippet_id\";s:1:\"0\";s:7:\"menu_id\";s:2:\"23\";s:6:\"active\";s:1:\"1\";s:6:\"method\";s:23:\"listing/portfolio_video\";s:10:\"controller\";s:6:\"screen\";s:5:\"label\";s:6:\"Videos\";}}}}}\";}'), ('f09d2d13a6aa83d457c0691dbf23cd7d', '127.2.221.1', 'Mozilla/5.0 (Windows NT 6.1; WOW64) AppleWebKit/53', '1429804096', ''), ('f279b952eca74aa808fcedb467de990c', '127.2.221.1', 'Mozilla/5.0 (Windows NT 6.1; WOW64) AppleWebKit/53', '1429793034', 'a:2:{s:9:\"user_data\";s:0:\"\";s:4:\"user\";s:2674:\"O:8:\"stdClass\":8:{s:7:\"user_id\";s:2:\"10\";s:4:\"name\";s:7:\"Luciano\";s:12:\"company_name\";s:8:\"Kadaicha\";s:10:\"profile_id\";s:8:\"97719874\";s:10:\"company_id\";s:2:\"13\";s:11:\"upload_path\";s:41:\"http://www.kadaicha.com.br/assets/upload/\";s:9:\"developer\";s:1:\"0\";s:7:\"modules\";a:5:{i:0;O:8:\"stdClass\":6:{s:11:\"mysql_table\";s:6:\"banner\";s:4:\"name\";s:7:\"Banners\";s:4:\"icon\";s:21:\"fa-print             \";s:10:\"snippet_id\";s:1:\"0\";s:7:\"menu_id\";N;s:6:\"active\";s:1:\"1\";}i:1;O:8:\"stdClass\":6:{s:11:\"mysql_table\";s:5:\"about\";s:4:\"name\";s:5:\"Sobre\";s:4:\"icon\";s:21:\"fa-heart             \";s:10:\"snippet_id\";s:1:\"0\";s:7:\"menu_id\";N;s:6:\"active\";s:1:\"1\";}i:2;O:8:\"stdClass\":6:{s:11:\"mysql_table\";s:8:\"services\";s:4:\"name\";s:9:\"Serviços\";s:4:\"icon\";s:21:\"fa-bolt              \";s:10:\"snippet_id\";s:1:\"0\";s:7:\"menu_id\";N;s:6:\"active\";s:1:\"1\";}i:3;O:8:\"stdClass\":10:{s:11:\"mysql_table\";s:4:\"menu\";s:4:\"name\";s:10:\"Configurar\";s:4:\"icon\";s:21:\"fa-list              \";s:10:\"snippet_id\";s:1:\"0\";s:7:\"menu_id\";s:2:\"22\";s:6:\"active\";s:1:\"1\";s:6:\"method\";s:12:\"listing/menu\";s:10:\"controller\";s:6:\"screen\";s:5:\"label\";s:4:\"Menu\";s:7:\"submenu\";a:3:{i:0;r:31;i:1;O:8:\"stdClass\":9:{s:11:\"mysql_table\";s:12:\"website_data\";s:4:\"name\";s:13:\"Dados do Site\";s:4:\"icon\";s:14:\"fa-bar-chart-o\";s:10:\"snippet_id\";s:1:\"0\";s:7:\"menu_id\";s:2:\"22\";s:6:\"active\";s:1:\"1\";s:6:\"method\";s:20:\"listing/website_data\";s:10:\"controller\";s:6:\"screen\";s:5:\"label\";s:13:\"Dados do Site\";}i:2;O:8:\"stdClass\":9:{s:11:\"mysql_table\";s:12:\"website_text\";s:4:\"name\";s:14:\"Textos do site\";s:4:\"icon\";s:14:\"fa-bar-chart-o\";s:10:\"snippet_id\";s:1:\"0\";s:7:\"menu_id\";s:2:\"22\";s:6:\"active\";s:1:\"1\";s:6:\"method\";s:20:\"listing/website_text\";s:10:\"controller\";s:6:\"screen\";s:5:\"label\";s:14:\"Textos do site\";}}}i:4;O:8:\"stdClass\":10:{s:11:\"mysql_table\";s:19:\"portfolio_categoria\";s:4:\"name\";s:10:\"Portfólio\";s:4:\"icon\";s:21:\"fa-star              \";s:10:\"snippet_id\";s:1:\"0\";s:7:\"menu_id\";s:2:\"23\";s:6:\"active\";s:1:\"1\";s:6:\"method\";s:27:\"listing/portfolio_categoria\";s:10:\"controller\";s:6:\"screen\";s:5:\"label\";s:10:\"Categorias\";s:7:\"submenu\";a:3:{i:0;r:63;i:1;O:8:\"stdClass\":9:{s:11:\"mysql_table\";s:9:\"portfolio\";s:4:\"name\";s:10:\"Portfólio\";s:4:\"icon\";s:14:\"fa-bar-chart-o\";s:10:\"snippet_id\";s:1:\"0\";s:7:\"menu_id\";s:2:\"23\";s:6:\"active\";s:1:\"1\";s:6:\"method\";s:17:\"listing/portfolio\";s:10:\"controller\";s:6:\"screen\";s:5:\"label\";s:10:\"Portfólio\";}i:2;O:8:\"stdClass\":9:{s:11:\"mysql_table\";s:15:\"portfolio_video\";s:4:\"name\";s:6:\"Videos\";s:4:\"icon\";s:21:\"fa-star              \";s:10:\"snippet_id\";s:1:\"0\";s:7:\"menu_id\";s:2:\"23\";s:6:\"active\";s:1:\"1\";s:6:\"method\";s:23:\"listing/portfolio_video\";s:10:\"controller\";s:6:\"screen\";s:5:\"label\";s:6:\"Videos\";}}}}}\";}'), ('f374a870f4289d0874445e6fc3267149', '127.2.221.1', 'Mozilla/5.0 (Windows NT 6.1; WOW64) AppleWebKit/53', '1429790407', 'a:3:{s:9:\"user_data\";s:0:\"\";s:7:\"ga_auth\";s:352:\"DQAAAPQAAAAibQ-v9X_k_6nJn-lg5UhkDJybsjyfsmNfykd_xBGgewrU1GRWtMNZnT-l8RAXqPxaEcVEmHDyvh73vfRGFx_jVj61f8LBcoaimuRtzzqVmUk_pA2ty2ch6g9aBiw7H0JGWO_T-juQxk6TX8reaA1gAkibxADnc5CzzkMUxjkIn7YMKHZbG6Du3UtMoUVEm3aO6dETiJFpfwPHlUcLkgS4YzkHj60uq84j9r5SGpcolO5qO01erPAu00Q8Qf1R7Mr91cYSRc67X93dyMVqt3pV-nfx3x1-nt8YYoX9p0vr-jae6TXViPPSptvIHwCyWQ2Q4BXWotji62XT_LEOkvyE\";s:4:\"user\";s:2674:\"O:8:\"stdClass\":8:{s:7:\"user_id\";s:2:\"10\";s:4:\"name\";s:7:\"Luciano\";s:12:\"company_name\";s:8:\"Kadaicha\";s:10:\"profile_id\";s:8:\"97719874\";s:10:\"company_id\";s:2:\"13\";s:11:\"upload_path\";s:41:\"http://www.kadaicha.com.br/assets/upload/\";s:9:\"developer\";s:1:\"0\";s:7:\"modules\";a:5:{i:0;O:8:\"stdClass\":6:{s:11:\"mysql_table\";s:6:\"banner\";s:4:\"name\";s:7:\"Banners\";s:4:\"icon\";s:21:\"fa-print             \";s:10:\"snippet_id\";s:1:\"0\";s:7:\"menu_id\";N;s:6:\"active\";s:1:\"1\";}i:1;O:8:\"stdClass\":6:{s:11:\"mysql_table\";s:5:\"about\";s:4:\"name\";s:5:\"Sobre\";s:4:\"icon\";s:21:\"fa-heart             \";s:10:\"snippet_id\";s:1:\"0\";s:7:\"menu_id\";N;s:6:\"active\";s:1:\"1\";}i:2;O:8:\"stdClass\":6:{s:11:\"mysql_table\";s:8:\"services\";s:4:\"name\";s:9:\"Serviços\";s:4:\"icon\";s:21:\"fa-bolt              \";s:10:\"snippet_id\";s:1:\"0\";s:7:\"menu_id\";N;s:6:\"active\";s:1:\"1\";}i:3;O:8:\"stdClass\":10:{s:11:\"mysql_table\";s:4:\"menu\";s:4:\"name\";s:10:\"Configurar\";s:4:\"icon\";s:21:\"fa-list              \";s:10:\"snippet_id\";s:1:\"0\";s:7:\"menu_id\";s:2:\"22\";s:6:\"active\";s:1:\"1\";s:6:\"method\";s:12:\"listing/menu\";s:10:\"controller\";s:6:\"screen\";s:5:\"label\";s:4:\"Menu\";s:7:\"submenu\";a:3:{i:0;r:31;i:1;O:8:\"stdClass\":9:{s:11:\"mysql_table\";s:12:\"website_data\";s:4:\"name\";s:13:\"Dados do Site\";s:4:\"icon\";s:14:\"fa-bar-chart-o\";s:10:\"snippet_id\";s:1:\"0\";s:7:\"menu_id\";s:2:\"22\";s:6:\"active\";s:1:\"1\";s:6:\"method\";s:20:\"listing/website_data\";s:10:\"controller\";s:6:\"screen\";s:5:\"label\";s:13:\"Dados do Site\";}i:2;O:8:\"stdClass\":9:{s:11:\"mysql_table\";s:12:\"website_text\";s:4:\"name\";s:14:\"Textos do site\";s:4:\"icon\";s:14:\"fa-bar-chart-o\";s:10:\"snippet_id\";s:1:\"0\";s:7:\"menu_id\";s:2:\"22\";s:6:\"active\";s:1:\"1\";s:6:\"method\";s:20:\"listing/website_text\";s:10:\"controller\";s:6:\"screen\";s:5:\"label\";s:14:\"Textos do site\";}}}i:4;O:8:\"stdClass\":10:{s:11:\"mysql_table\";s:19:\"portfolio_categoria\";s:4:\"name\";s:10:\"Portfólio\";s:4:\"icon\";s:21:\"fa-star              \";s:10:\"snippet_id\";s:1:\"0\";s:7:\"menu_id\";s:2:\"23\";s:6:\"active\";s:1:\"1\";s:6:\"method\";s:27:\"listing/portfolio_categoria\";s:10:\"controller\";s:6:\"screen\";s:5:\"label\";s:10:\"Categorias\";s:7:\"submenu\";a:3:{i:0;r:63;i:1;O:8:\"stdClass\":9:{s:11:\"mysql_table\";s:9:\"portfolio\";s:4:\"name\";s:10:\"Portfólio\";s:4:\"icon\";s:14:\"fa-bar-chart-o\";s:10:\"snippet_id\";s:1:\"0\";s:7:\"menu_id\";s:2:\"23\";s:6:\"active\";s:1:\"1\";s:6:\"method\";s:17:\"listing/portfolio\";s:10:\"controller\";s:6:\"screen\";s:5:\"label\";s:10:\"Portfólio\";}i:2;O:8:\"stdClass\":9:{s:11:\"mysql_table\";s:15:\"portfolio_video\";s:4:\"name\";s:6:\"Videos\";s:4:\"icon\";s:21:\"fa-star              \";s:10:\"snippet_id\";s:1:\"0\";s:7:\"menu_id\";s:2:\"23\";s:6:\"active\";s:1:\"1\";s:6:\"method\";s:23:\"listing/portfolio_video\";s:10:\"controller\";s:6:\"screen\";s:5:\"label\";s:6:\"Videos\";}}}}}\";}'), ('f76c129582cf80940a47b012cc45c025', '127.2.221.1', 'Mozilla/5.0 (Windows NT 6.1; WOW64) AppleWebKit/53', '1429792904', 'a:2:{s:9:\"user_data\";s:0:\"\";s:4:\"user\";s:2674:\"O:8:\"stdClass\":8:{s:7:\"user_id\";s:2:\"10\";s:4:\"name\";s:7:\"Luciano\";s:12:\"company_name\";s:8:\"Kadaicha\";s:10:\"profile_id\";s:8:\"97719874\";s:10:\"company_id\";s:2:\"13\";s:11:\"upload_path\";s:41:\"http://www.kadaicha.com.br/assets/upload/\";s:9:\"developer\";s:1:\"0\";s:7:\"modules\";a:5:{i:0;O:8:\"stdClass\":6:{s:11:\"mysql_table\";s:6:\"banner\";s:4:\"name\";s:7:\"Banners\";s:4:\"icon\";s:21:\"fa-print             \";s:10:\"snippet_id\";s:1:\"0\";s:7:\"menu_id\";N;s:6:\"active\";s:1:\"1\";}i:1;O:8:\"stdClass\":6:{s:11:\"mysql_table\";s:5:\"about\";s:4:\"name\";s:5:\"Sobre\";s:4:\"icon\";s:21:\"fa-heart             \";s:10:\"snippet_id\";s:1:\"0\";s:7:\"menu_id\";N;s:6:\"active\";s:1:\"1\";}i:2;O:8:\"stdClass\":6:{s:11:\"mysql_table\";s:8:\"services\";s:4:\"name\";s:9:\"Serviços\";s:4:\"icon\";s:21:\"fa-bolt              \";s:10:\"snippet_id\";s:1:\"0\";s:7:\"menu_id\";N;s:6:\"active\";s:1:\"1\";}i:3;O:8:\"stdClass\":10:{s:11:\"mysql_table\";s:4:\"menu\";s:4:\"name\";s:10:\"Configurar\";s:4:\"icon\";s:21:\"fa-list              \";s:10:\"snippet_id\";s:1:\"0\";s:7:\"menu_id\";s:2:\"22\";s:6:\"active\";s:1:\"1\";s:6:\"method\";s:12:\"listing/menu\";s:10:\"controller\";s:6:\"screen\";s:5:\"label\";s:4:\"Menu\";s:7:\"submenu\";a:3:{i:0;r:31;i:1;O:8:\"stdClass\":9:{s:11:\"mysql_table\";s:12:\"website_data\";s:4:\"name\";s:13:\"Dados do Site\";s:4:\"icon\";s:14:\"fa-bar-chart-o\";s:10:\"snippet_id\";s:1:\"0\";s:7:\"menu_id\";s:2:\"22\";s:6:\"active\";s:1:\"1\";s:6:\"method\";s:20:\"listing/website_data\";s:10:\"controller\";s:6:\"screen\";s:5:\"label\";s:13:\"Dados do Site\";}i:2;O:8:\"stdClass\":9:{s:11:\"mysql_table\";s:12:\"website_text\";s:4:\"name\";s:14:\"Textos do site\";s:4:\"icon\";s:14:\"fa-bar-chart-o\";s:10:\"snippet_id\";s:1:\"0\";s:7:\"menu_id\";s:2:\"22\";s:6:\"active\";s:1:\"1\";s:6:\"method\";s:20:\"listing/website_text\";s:10:\"controller\";s:6:\"screen\";s:5:\"label\";s:14:\"Textos do site\";}}}i:4;O:8:\"stdClass\":10:{s:11:\"mysql_table\";s:19:\"portfolio_categoria\";s:4:\"name\";s:10:\"Portfólio\";s:4:\"icon\";s:21:\"fa-star              \";s:10:\"snippet_id\";s:1:\"0\";s:7:\"menu_id\";s:2:\"23\";s:6:\"active\";s:1:\"1\";s:6:\"method\";s:27:\"listing/portfolio_categoria\";s:10:\"controller\";s:6:\"screen\";s:5:\"label\";s:10:\"Categorias\";s:7:\"submenu\";a:3:{i:0;r:63;i:1;O:8:\"stdClass\":9:{s:11:\"mysql_table\";s:9:\"portfolio\";s:4:\"name\";s:10:\"Portfólio\";s:4:\"icon\";s:14:\"fa-bar-chart-o\";s:10:\"snippet_id\";s:1:\"0\";s:7:\"menu_id\";s:2:\"23\";s:6:\"active\";s:1:\"1\";s:6:\"method\";s:17:\"listing/portfolio\";s:10:\"controller\";s:6:\"screen\";s:5:\"label\";s:10:\"Portfólio\";}i:2;O:8:\"stdClass\":9:{s:11:\"mysql_table\";s:15:\"portfolio_video\";s:4:\"name\";s:6:\"Videos\";s:4:\"icon\";s:21:\"fa-star              \";s:10:\"snippet_id\";s:1:\"0\";s:7:\"menu_id\";s:2:\"23\";s:6:\"active\";s:1:\"1\";s:6:\"method\";s:23:\"listing/portfolio_video\";s:10:\"controller\";s:6:\"screen\";s:5:\"label\";s:6:\"Videos\";}}}}}\";}'), ('f90bae8a9d106772d05a7df3c4d75c1f', '127.2.221.1', 'Mozilla/5.0 (Windows NT 6.1; WOW64) AppleWebKit/53', '1429793372', 'a:2:{s:9:\"user_data\";s:0:\"\";s:4:\"user\";s:2674:\"O:8:\"stdClass\":8:{s:7:\"user_id\";s:2:\"10\";s:4:\"name\";s:7:\"Luciano\";s:12:\"company_name\";s:8:\"Kadaicha\";s:10:\"profile_id\";s:8:\"97719874\";s:10:\"company_id\";s:2:\"13\";s:11:\"upload_path\";s:41:\"http://www.kadaicha.com.br/assets/upload/\";s:9:\"developer\";s:1:\"0\";s:7:\"modules\";a:5:{i:0;O:8:\"stdClass\":6:{s:11:\"mysql_table\";s:6:\"banner\";s:4:\"name\";s:7:\"Banners\";s:4:\"icon\";s:21:\"fa-print             \";s:10:\"snippet_id\";s:1:\"0\";s:7:\"menu_id\";N;s:6:\"active\";s:1:\"1\";}i:1;O:8:\"stdClass\":6:{s:11:\"mysql_table\";s:5:\"about\";s:4:\"name\";s:5:\"Sobre\";s:4:\"icon\";s:21:\"fa-heart             \";s:10:\"snippet_id\";s:1:\"0\";s:7:\"menu_id\";N;s:6:\"active\";s:1:\"1\";}i:2;O:8:\"stdClass\":6:{s:11:\"mysql_table\";s:8:\"services\";s:4:\"name\";s:9:\"Serviços\";s:4:\"icon\";s:21:\"fa-bolt              \";s:10:\"snippet_id\";s:1:\"0\";s:7:\"menu_id\";N;s:6:\"active\";s:1:\"1\";}i:3;O:8:\"stdClass\":10:{s:11:\"mysql_table\";s:4:\"menu\";s:4:\"name\";s:10:\"Configurar\";s:4:\"icon\";s:21:\"fa-list              \";s:10:\"snippet_id\";s:1:\"0\";s:7:\"menu_id\";s:2:\"22\";s:6:\"active\";s:1:\"1\";s:6:\"method\";s:12:\"listing/menu\";s:10:\"controller\";s:6:\"screen\";s:5:\"label\";s:4:\"Menu\";s:7:\"submenu\";a:3:{i:0;r:31;i:1;O:8:\"stdClass\":9:{s:11:\"mysql_table\";s:12:\"website_data\";s:4:\"name\";s:13:\"Dados do Site\";s:4:\"icon\";s:14:\"fa-bar-chart-o\";s:10:\"snippet_id\";s:1:\"0\";s:7:\"menu_id\";s:2:\"22\";s:6:\"active\";s:1:\"1\";s:6:\"method\";s:20:\"listing/website_data\";s:10:\"controller\";s:6:\"screen\";s:5:\"label\";s:13:\"Dados do Site\";}i:2;O:8:\"stdClass\":9:{s:11:\"mysql_table\";s:12:\"website_text\";s:4:\"name\";s:14:\"Textos do site\";s:4:\"icon\";s:14:\"fa-bar-chart-o\";s:10:\"snippet_id\";s:1:\"0\";s:7:\"menu_id\";s:2:\"22\";s:6:\"active\";s:1:\"1\";s:6:\"method\";s:20:\"listing/website_text\";s:10:\"controller\";s:6:\"screen\";s:5:\"label\";s:14:\"Textos do site\";}}}i:4;O:8:\"stdClass\":10:{s:11:\"mysql_table\";s:19:\"portfolio_categoria\";s:4:\"name\";s:10:\"Portfólio\";s:4:\"icon\";s:21:\"fa-star              \";s:10:\"snippet_id\";s:1:\"0\";s:7:\"menu_id\";s:2:\"23\";s:6:\"active\";s:1:\"1\";s:6:\"method\";s:27:\"listing/portfolio_categoria\";s:10:\"controller\";s:6:\"screen\";s:5:\"label\";s:10:\"Categorias\";s:7:\"submenu\";a:3:{i:0;r:63;i:1;O:8:\"stdClass\":9:{s:11:\"mysql_table\";s:9:\"portfolio\";s:4:\"name\";s:10:\"Portfólio\";s:4:\"icon\";s:14:\"fa-bar-chart-o\";s:10:\"snippet_id\";s:1:\"0\";s:7:\"menu_id\";s:2:\"23\";s:6:\"active\";s:1:\"1\";s:6:\"method\";s:17:\"listing/portfolio\";s:10:\"controller\";s:6:\"screen\";s:5:\"label\";s:10:\"Portfólio\";}i:2;O:8:\"stdClass\":9:{s:11:\"mysql_table\";s:15:\"portfolio_video\";s:4:\"name\";s:6:\"Videos\";s:4:\"icon\";s:21:\"fa-star              \";s:10:\"snippet_id\";s:1:\"0\";s:7:\"menu_id\";s:2:\"23\";s:6:\"active\";s:1:\"1\";s:6:\"method\";s:23:\"listing/portfolio_video\";s:10:\"controller\";s:6:\"screen\";s:5:\"label\";s:6:\"Videos\";}}}}}\";}'), ('fb504f7e3d70d9d2dc74caa16a87f130', '127.2.221.1', 'Mozilla/5.0 (Windows NT 6.1; WOW64) AppleWebKit/53', '1429794182', 'a:2:{s:9:\"user_data\";s:0:\"\";s:4:\"user\";s:2674:\"O:8:\"stdClass\":8:{s:7:\"user_id\";s:2:\"10\";s:4:\"name\";s:7:\"Luciano\";s:12:\"company_name\";s:8:\"Kadaicha\";s:10:\"profile_id\";s:8:\"97719874\";s:10:\"company_id\";s:2:\"13\";s:11:\"upload_path\";s:41:\"http://www.kadaicha.com.br/assets/upload/\";s:9:\"developer\";s:1:\"0\";s:7:\"modules\";a:5:{i:0;O:8:\"stdClass\":6:{s:11:\"mysql_table\";s:6:\"banner\";s:4:\"name\";s:7:\"Banners\";s:4:\"icon\";s:21:\"fa-print             \";s:10:\"snippet_id\";s:1:\"0\";s:7:\"menu_id\";N;s:6:\"active\";s:1:\"1\";}i:1;O:8:\"stdClass\":6:{s:11:\"mysql_table\";s:5:\"about\";s:4:\"name\";s:5:\"Sobre\";s:4:\"icon\";s:21:\"fa-heart             \";s:10:\"snippet_id\";s:1:\"0\";s:7:\"menu_id\";N;s:6:\"active\";s:1:\"1\";}i:2;O:8:\"stdClass\":6:{s:11:\"mysql_table\";s:8:\"services\";s:4:\"name\";s:9:\"Serviços\";s:4:\"icon\";s:21:\"fa-bolt              \";s:10:\"snippet_id\";s:1:\"0\";s:7:\"menu_id\";N;s:6:\"active\";s:1:\"1\";}i:3;O:8:\"stdClass\":10:{s:11:\"mysql_table\";s:4:\"menu\";s:4:\"name\";s:10:\"Configurar\";s:4:\"icon\";s:21:\"fa-list              \";s:10:\"snippet_id\";s:1:\"0\";s:7:\"menu_id\";s:2:\"22\";s:6:\"active\";s:1:\"1\";s:6:\"method\";s:12:\"listing/menu\";s:10:\"controller\";s:6:\"screen\";s:5:\"label\";s:4:\"Menu\";s:7:\"submenu\";a:3:{i:0;r:31;i:1;O:8:\"stdClass\":9:{s:11:\"mysql_table\";s:12:\"website_data\";s:4:\"name\";s:13:\"Dados do Site\";s:4:\"icon\";s:14:\"fa-bar-chart-o\";s:10:\"snippet_id\";s:1:\"0\";s:7:\"menu_id\";s:2:\"22\";s:6:\"active\";s:1:\"1\";s:6:\"method\";s:20:\"listing/website_data\";s:10:\"controller\";s:6:\"screen\";s:5:\"label\";s:13:\"Dados do Site\";}i:2;O:8:\"stdClass\":9:{s:11:\"mysql_table\";s:12:\"website_text\";s:4:\"name\";s:14:\"Textos do site\";s:4:\"icon\";s:14:\"fa-bar-chart-o\";s:10:\"snippet_id\";s:1:\"0\";s:7:\"menu_id\";s:2:\"22\";s:6:\"active\";s:1:\"1\";s:6:\"method\";s:20:\"listing/website_text\";s:10:\"controller\";s:6:\"screen\";s:5:\"label\";s:14:\"Textos do site\";}}}i:4;O:8:\"stdClass\":10:{s:11:\"mysql_table\";s:19:\"portfolio_categoria\";s:4:\"name\";s:10:\"Portfólio\";s:4:\"icon\";s:21:\"fa-star              \";s:10:\"snippet_id\";s:1:\"0\";s:7:\"menu_id\";s:2:\"23\";s:6:\"active\";s:1:\"1\";s:6:\"method\";s:27:\"listing/portfolio_categoria\";s:10:\"controller\";s:6:\"screen\";s:5:\"label\";s:10:\"Categorias\";s:7:\"submenu\";a:3:{i:0;r:63;i:1;O:8:\"stdClass\":9:{s:11:\"mysql_table\";s:9:\"portfolio\";s:4:\"name\";s:10:\"Portfólio\";s:4:\"icon\";s:14:\"fa-bar-chart-o\";s:10:\"snippet_id\";s:1:\"0\";s:7:\"menu_id\";s:2:\"23\";s:6:\"active\";s:1:\"1\";s:6:\"method\";s:17:\"listing/portfolio\";s:10:\"controller\";s:6:\"screen\";s:5:\"label\";s:10:\"Portfólio\";}i:2;O:8:\"stdClass\":9:{s:11:\"mysql_table\";s:15:\"portfolio_video\";s:4:\"name\";s:6:\"Videos\";s:4:\"icon\";s:21:\"fa-star              \";s:10:\"snippet_id\";s:1:\"0\";s:7:\"menu_id\";s:2:\"23\";s:6:\"active\";s:1:\"1\";s:6:\"method\";s:23:\"listing/portfolio_video\";s:10:\"controller\";s:6:\"screen\";s:5:\"label\";s:6:\"Videos\";}}}}}\";}'), ('fc56e98896007d94b1db52b976b32d06', '127.2.221.1', 'Mozilla/5.0 (Windows NT 6.1; WOW64) AppleWebKit/53', '1429793386', 'a:2:{s:9:\"user_data\";s:0:\"\";s:4:\"user\";s:2674:\"O:8:\"stdClass\":8:{s:7:\"user_id\";s:2:\"10\";s:4:\"name\";s:7:\"Luciano\";s:12:\"company_name\";s:8:\"Kadaicha\";s:10:\"profile_id\";s:8:\"97719874\";s:10:\"company_id\";s:2:\"13\";s:11:\"upload_path\";s:41:\"http://www.kadaicha.com.br/assets/upload/\";s:9:\"developer\";s:1:\"0\";s:7:\"modules\";a:5:{i:0;O:8:\"stdClass\":6:{s:11:\"mysql_table\";s:6:\"banner\";s:4:\"name\";s:7:\"Banners\";s:4:\"icon\";s:21:\"fa-print             \";s:10:\"snippet_id\";s:1:\"0\";s:7:\"menu_id\";N;s:6:\"active\";s:1:\"1\";}i:1;O:8:\"stdClass\":6:{s:11:\"mysql_table\";s:5:\"about\";s:4:\"name\";s:5:\"Sobre\";s:4:\"icon\";s:21:\"fa-heart             \";s:10:\"snippet_id\";s:1:\"0\";s:7:\"menu_id\";N;s:6:\"active\";s:1:\"1\";}i:2;O:8:\"stdClass\":6:{s:11:\"mysql_table\";s:8:\"services\";s:4:\"name\";s:9:\"Serviços\";s:4:\"icon\";s:21:\"fa-bolt              \";s:10:\"snippet_id\";s:1:\"0\";s:7:\"menu_id\";N;s:6:\"active\";s:1:\"1\";}i:3;O:8:\"stdClass\":10:{s:11:\"mysql_table\";s:4:\"menu\";s:4:\"name\";s:10:\"Configurar\";s:4:\"icon\";s:21:\"fa-list              \";s:10:\"snippet_id\";s:1:\"0\";s:7:\"menu_id\";s:2:\"22\";s:6:\"active\";s:1:\"1\";s:6:\"method\";s:12:\"listing/menu\";s:10:\"controller\";s:6:\"screen\";s:5:\"label\";s:4:\"Menu\";s:7:\"submenu\";a:3:{i:0;r:31;i:1;O:8:\"stdClass\":9:{s:11:\"mysql_table\";s:12:\"website_data\";s:4:\"name\";s:13:\"Dados do Site\";s:4:\"icon\";s:14:\"fa-bar-chart-o\";s:10:\"snippet_id\";s:1:\"0\";s:7:\"menu_id\";s:2:\"22\";s:6:\"active\";s:1:\"1\";s:6:\"method\";s:20:\"listing/website_data\";s:10:\"controller\";s:6:\"screen\";s:5:\"label\";s:13:\"Dados do Site\";}i:2;O:8:\"stdClass\":9:{s:11:\"mysql_table\";s:12:\"website_text\";s:4:\"name\";s:14:\"Textos do site\";s:4:\"icon\";s:14:\"fa-bar-chart-o\";s:10:\"snippet_id\";s:1:\"0\";s:7:\"menu_id\";s:2:\"22\";s:6:\"active\";s:1:\"1\";s:6:\"method\";s:20:\"listing/website_text\";s:10:\"controller\";s:6:\"screen\";s:5:\"label\";s:14:\"Textos do site\";}}}i:4;O:8:\"stdClass\":10:{s:11:\"mysql_table\";s:19:\"portfolio_categoria\";s:4:\"name\";s:10:\"Portfólio\";s:4:\"icon\";s:21:\"fa-star              \";s:10:\"snippet_id\";s:1:\"0\";s:7:\"menu_id\";s:2:\"23\";s:6:\"active\";s:1:\"1\";s:6:\"method\";s:27:\"listing/portfolio_categoria\";s:10:\"controller\";s:6:\"screen\";s:5:\"label\";s:10:\"Categorias\";s:7:\"submenu\";a:3:{i:0;r:63;i:1;O:8:\"stdClass\":9:{s:11:\"mysql_table\";s:9:\"portfolio\";s:4:\"name\";s:10:\"Portfólio\";s:4:\"icon\";s:14:\"fa-bar-chart-o\";s:10:\"snippet_id\";s:1:\"0\";s:7:\"menu_id\";s:2:\"23\";s:6:\"active\";s:1:\"1\";s:6:\"method\";s:17:\"listing/portfolio\";s:10:\"controller\";s:6:\"screen\";s:5:\"label\";s:10:\"Portfólio\";}i:2;O:8:\"stdClass\":9:{s:11:\"mysql_table\";s:15:\"portfolio_video\";s:4:\"name\";s:6:\"Videos\";s:4:\"icon\";s:21:\"fa-star              \";s:10:\"snippet_id\";s:1:\"0\";s:7:\"menu_id\";s:2:\"23\";s:6:\"active\";s:1:\"1\";s:6:\"method\";s:23:\"listing/portfolio_video\";s:10:\"controller\";s:6:\"screen\";s:5:\"label\";s:6:\"Videos\";}}}}}\";}');
COMMIT;

-- ----------------------------
--  Table structure for `client_email_information`
-- ----------------------------
DROP TABLE IF EXISTS `client_email_information`;
CREATE TABLE `client_email_information` (
  `id` int(255) NOT NULL AUTO_INCREMENT,
  `name` varchar(255) DEFAULT NULL,
  `email` varchar(255) DEFAULT NULL,
  `company_id` int(255) DEFAULT NULL,
  `ip` varchar(255) DEFAULT NULL,
  `send_date` timestamp NOT NULL DEFAULT CURRENT_TIMESTAMP,
  `phone_number` varchar(255) DEFAULT NULL,
  `city` varchar(255) DEFAULT NULL,
  `country` varchar(255) DEFAULT NULL,
  `region` varchar(255) DEFAULT NULL,
  `postal` varchar(255) DEFAULT NULL,
  `loc` varchar(255) DEFAULT NULL,
  PRIMARY KEY (`id`)
) ENGINE=InnoDB AUTO_INCREMENT=208 DEFAULT CHARSET=latin1;

-- ----------------------------
--  Records of `client_email_information`
-- ----------------------------
BEGIN;
INSERT INTO `client_email_information` VALUES ('46', 'Ademar Heins klein', 'ademarhklein@gmail.com', '14', '201.41.10.220', '2015-01-15 12:29:02', '0', null, 'BR', null, null, '-23.5477,-46.6358'), ('47', 'Iago', 'masterevento01@masterpesquisa.com.br', '14', '189.73.39.157', '2015-01-15 12:49:17', '0', 'Cascavel', 'BR', 'Parana', null, '-24.9500,-53.4667'), ('48', 'Evandro Pinheiro', 'ev.andro@hotmail.com', '14', '187.113.218.174', '2015-01-19 15:03:16', '0', 'Sapiranga', 'BR', 'Rio Grande do Sul', '93800', '-29.6333,-51.0000'), ('49', 'Eduardo Mânica', 'eduardo.manica@outlook.com', '14', '186.219.141.124', '2015-01-19 17:23:05', '0', 'Novo Hamburgo', 'BR', 'Rio Grande do Sul', null, '-29.6833,-51.1333'), ('50', 'Lidia Paula Konrad Bittencourt', 'paulinhapresentesnh@hotmail.com', '14', '179.184.35.33', '2015-01-21 15:56:22', '0', null, 'BR', null, null, '-23.5477,-46.6358'), ('51', 'Gustavo de Castro Schutz', 'gschutz96@gmail.com', '14', '201.87.201.11', '2015-01-21 22:36:46', '0', null, 'BR', null, null, '-23.5477,-46.6358'), ('52', 'Fernanda oliveira souza', 'feh_27@hotmail.com', '14', '177.203.76.68', '2015-01-23 18:55:12', '0', null, 'BR', null, null, '-23.5477,-46.6358'), ('53', '', '', '14', '152.234.186.152', '2015-01-25 08:57:16', '0', null, 'BR', null, null, '-23.5477,-46.6358'), ('54', 'ramon augusto passos marques', 'ram0nLima_mcp@hotmail.com', '14', '189.40.81.135', '2015-01-26 03:01:48', '0', null, 'BR', null, null, '-23.5477,-46.6358'), ('55', '', '', '14', '190.180.160.236', '2015-01-26 03:34:41', '0', null, 'BR', null, null, '-23.5477,-46.6358'), ('56', 'marilei camargo de oliveira', 'maholiveiracamargo@hotmail.com', '14', '177.138.181.37', '2015-01-26 15:52:39', '0', 'Rio Claro', 'BR', 'Sao Paulo', null, '-22.4000,-47.5500'), ('57', 'FELIPE PEREIRA FERNANDES', 'pereira_fe@ig.com.br', '14', '187.75.104.96', '2015-01-26 17:12:57', '0', 'Itaquaquecetuba', 'BR', 'Sao Paulo', null, '-23.4833,-46.3500'), ('58', 'Onivaldo Cesar Ferreira', 'cesarangr@hotmail.com', '14', '191.61.223.198', '2015-01-27 10:31:31', '0', null, 'BR', null, null, '-23.5477,-46.6358'), ('59', 'Josenaldo santos da silva', 'josenaldo12345678@gmail.com', '14', '191.5.205.78', '2015-01-27 16:11:00', '0', 'Petrolina', 'BR', 'Pernambuco', null, '-9.4000,-40.5000'), ('60', 'ivo gomes flor junior', 'juniorigf12@gmail.com', '14', '186.194.195.221', '2015-01-27 16:31:28', '0', 'Nova Friburgo', 'BR', 'Rio de Janeiro', null, '-22.2667,-42.5333'), ('61', 'Luan velasco furtado', 'luanfurtDo22@gmail.com', '14', '191.14.40.80', '2015-01-27 17:17:01', '0', null, 'BR', null, null, '-23.5477,-46.6358'), ('62', 'Carlos Eduardo da Silva', 'cadu.show@hotmail.com', '14', '186.213.158.161', '2015-01-28 16:39:12', '0', null, 'BR', null, null, '-23.5477,-46.6358'), ('63', 'Denise Freitas Nascimento ', 'denise_23freitas@hotmail.com', '14', '191.184.247.56', '2015-01-28 19:24:55', '0', null, 'BR', null, null, '-23.5477,-46.6358'), ('64', 'Nivana Pires de Aguiar', 'ni-deaguiar@hotmail.com', '14', '189.73.148.121', '2015-01-29 23:08:25', '0', null, 'BR', null, null, '-23.5477,-46.6358'), ('65', 'eu quero', 'jana.wieder@gmail.com', '14', '177.143.193.132', '2015-01-30 18:46:48', '0', 'Novo Hamburgo', 'BR', 'Rio Grande do Sul', '93410', '-29.6833,-51.1333'), ('66', 'Roberta Pinto de Souza', 'robertapds14@hotmail.com', '14', '186.213.152.6', '2015-01-30 20:21:59', '0', 'São Leopoldo', 'BR', 'Rio Grande do Sul', null, '-29.7667,-51.1500'), ('67', 'Tauana de Mello Martins', 'tauanamellomartins@gmail.com', '14', '177.4.60.241', '2015-01-30 20:27:29', '0', null, 'BR', null, null, '-23.5477,-46.6358'), ('68', 'Tauana de Mello Martins', 'tauanamellomartins@gmail.com', '14', '177.4.60.241', '2015-01-30 20:27:41', '0', null, 'BR', null, null, '-23.5477,-46.6358'), ('69', 'estevao de almeida alves', 'estevaoejuuh@gmail.com', '14', '177.63.24.107', '2015-01-30 20:34:48', '0', null, 'BR', null, null, '-23.5477,-46.6358'), ('70', 'estevao de almeida alves', 'estevaoejuuh@gmail.com', '14', '177.63.24.107', '2015-01-30 20:37:12', '0', null, 'BR', null, null, '-23.5477,-46.6358'), ('71', 'vanusa Bechener Flores', 'vanusabechener@hotmail.com', '14', '187.115.111.13', '2015-01-30 20:47:28', '0', 'Sapiranga', 'BR', 'Rio Grande do Sul', '93800', '-29.6333,-51.0000'), ('72', 'Roberta de Oliveira Antunes ', 'roberta.feevale@hotmail.com', '14', '191.247.228.178', '2015-01-30 22:31:40', '0', 'São Paulo', 'BR', 'Sao Paulo', null, '-23.4733,-46.6658'), ('73', 'Paola dos Santos Braz', 'paola.braz.ararica@gmail.com', '14', '201.15.160.174', '2015-02-02 18:56:31', '0', null, 'BR', null, null, '-23.5477,-46.6358'), ('74', 'Paola dos Santos Braz', 'paola.braz.ararica@gmail.com', '14', '201.15.160.174', '2015-02-02 18:57:29', '0', null, 'BR', null, null, '-23.5477,-46.6358'), ('75', 'Juliane krol Jardim', 'juzinhalph@gmail.com', '14', '177.79.0.182', '2015-02-02 19:54:57', '0', null, 'BR', null, null, '-23.5477,-46.6358'), ('76', 'Karoline Lopes Rosenhen ', 'Karoline.lrosenhen@hotmail.com', '14', '187.116.41.85', '2015-02-02 21:18:59', '0', null, 'BR', null, null, '-23.5477,-46.6358'), ('77', 'Thanise Lopes da Fonseca', 'thaniselopesf@hotmail.com', '14', '179.176.71.173', '2015-02-02 21:29:00', '0', null, 'BR', null, null, '-23.5477,-46.6358'), ('78', 'glariane de souza cardoso da silva', 'glari200@hotmail.com', '14', '191.184.247.66', '2015-02-02 21:33:58', '0', null, 'BR', null, null, '-23.5477,-46.6358'), ('79', 'solange de vargas Bueno', 'solbueno27@gmail.com', '14', '177.128.44.30', '2015-02-02 22:12:41', '0', null, 'BR', null, null, '-23.5477,-46.6358'), ('80', 'Igor Rosa da Silva', 'igorrosadasilva@gmail.com', '14', '187.83.230.252', '2015-02-02 22:28:50', '0', null, 'BR', null, null, '-23.5477,-46.6358'), ('81', 'Igor Rosa da Silva', 'igorrosadasilva@gmail.com', '14', '187.83.230.252', '2015-02-02 22:29:54', '0', null, 'BR', null, null, '-23.5477,-46.6358'), ('82', 'Igor Rosa da Silva', 'igorrosadasilva@gmail.com', '14', '187.83.230.252', '2015-02-02 22:30:08', '0', null, 'BR', null, null, '-23.5477,-46.6358'), ('83', 'adriana maria de azevedo voltz', 'adrianajuazevedo@gmail.com', '14', '177.129.217.14', '2015-02-02 22:58:00', '0', null, 'BR', null, null, '-23.5477,-46.6358'), ('84', 'adriana maria de azevedo voltz', 'adrianajuazevedo@gmail.com', '14', '177.129.217.14', '2015-02-02 22:58:31', '0', null, 'BR', null, null, '-23.5477,-46.6358'), ('85', 'Fabiola da Silva Maciel', 'fabyolla_maciel@hotmai.com', '14', '191.184.245.158', '2015-02-02 23:52:05', '0', null, 'BR', null, null, '-23.5477,-46.6358'), ('86', '', 'fabyolla_maciel@hotmai.com', '14', '191.184.245.158', '2015-02-02 23:52:36', '0', null, 'BR', null, null, '-23.5477,-46.6358'), ('87', 'Jaqueline Rother', 'jake.rother@hotmail.com', '14', '201.66.164.134', '2015-02-03 00:05:14', '0', 'Parobé', 'BR', 'Rio Grande do Sul', null, '-29.6333,-50.8333'), ('88', 'Sabrina Grasiela Gnoatto', 'gnoatto2007@hotmail.com', '14', '177.155.96.161', '2015-02-03 00:29:19', '0', null, 'BR', null, null, '-23.5477,-46.6358'), ('89', 'Gabriela Flores Freitas', 'gabeflores_@hotmail.com', '14', '191.179.25.187', '2015-02-03 00:36:31', '0', null, 'BR', null, null, '-23.5477,-46.6358'), ('90', 'Jeferson da Paixão matos ', 'jeferson.paixaom@gmail.com', '14', '189.27.206.94', '2015-02-03 00:39:03', '0', null, 'BR', null, null, '-23.5477,-46.6358'), ('91', 'Eduardo Cássio dos santos', 'spgardens@gmail.com', '14', '179.115.164.19', '2015-02-03 02:39:39', '0', null, 'BR', null, null, '-23.5477,-46.6358'), ('92', 'Michelle Dutra de Paiva', '', '14', '191.170.72.12', '2015-02-03 14:03:28', '0', null, 'BR', null, null, '-23.5477,-46.6358'), ('93', 'Michelle Dutra de Paiva', '', '14', '191.170.72.12', '2015-02-03 14:04:59', '0', null, 'BR', null, null, '-23.5477,-46.6358'), ('94', 'Andrieli da Silva Rosa', 'dry_more99@hotmail.com', '14', '186.219.139.189', '2015-02-03 15:13:37', '0', 'Novo Hamburgo', 'BR', 'Rio Grande do Sul', null, '-29.6833,-51.1333'), ('95', 'Nick Peterson', 'nick@takemidia.com.br', '14', '177.143.193.132', '2015-02-03 19:55:31', '0', 'Novo Hamburgo', 'BR', 'Rio Grande do Sul', '93410', '-29.6833,-51.1333'), ('96', 'Ana Paula da Silva Reis', 'anapaulars31@gmail.com', '14', '177.74.138.93', '2015-02-04 14:01:36', '0', null, 'BR', null, null, '-23.5477,-46.6358'), ('97', 'samuel', '0', '14', '179.180.161.237', '2015-02-05 08:58:18', '(51) 91446690', 'Novo Hamburgo', 'BR', 'Rio Grande do Sul', null, '-29.6833,-51.1333'), ('98', 'Silvio Bozique', 'silvinho1984@hotmail.com', '14', '201.40.143.218', '2015-02-05 17:08:52', '0', null, 'BR', null, null, '-23.5477,-46.6358'), ('99', 'Brenda Arnold', 'brenda_arnold@hotmail.com', '14', '54.244.60.186', '2015-02-06 06:57:47', '0', 'Boardman', 'US', 'Oregon', '97818', '45.7788,-119.5290'), ('100', 'NÍCOLAS RAFAEL MORAES', 'nicolasrafaelmoraes@hotmail.com', '14', '201.87.201.171', '2015-02-06 14:51:48', '0', null, 'BR', null, null, '-23.5477,-46.6358'), ('101', 'NÍCOLAS RAFAEL MORAES', 'nicolasrafaelmoraes@hotmail.com', '14', '201.87.201.171', '2015-02-06 14:53:20', '0', null, 'BR', null, null, '-23.5477,-46.6358'), ('102', 'jose laercio de paiva', 'joselaerciodepaiva@hotmail.com', '14', '201.9.126.109', '2015-02-06 16:11:19', '0', 'João Câmara', 'BR', 'Rio Grande do Norte', '59550', '-5.5333,-35.8000'), ('103', 'jose laercio de paiva', 'joselaerciodepaiva@hotmail.com', '14', '201.9.126.109', '2015-02-06 16:11:38', '0', 'João Câmara', 'BR', 'Rio Grande do Norte', '59550', '-5.5333,-35.8000'), ('104', 'jose laercio de paiva', 'joselaerciodepaiva@hotmail.com', '14', '201.9.126.109', '2015-02-06 16:12:08', '0', 'João Câmara', 'BR', 'Rio Grande do Norte', '59550', '-5.5333,-35.8000'), ('105', 'jose laercio de paiva', 'joselaerciodepaiva@hotmail.com', '14', '201.9.126.109', '2015-02-06 16:12:08', '0', 'João Câmara', 'BR', 'Rio Grande do Norte', '59550', '-5.5333,-35.8000'), ('106', 'jose laercio de paiva', 'joselaerciodepaiva@hotmail.com', '14', '201.9.126.109', '2015-02-06 16:12:08', '0', 'João Câmara', 'BR', 'Rio Grande do Norte', '59550', '-5.5333,-35.8000'), ('107', 'jose laercio de paiva', 'joselaerciodepaiva@hotmail.com', '14', '201.9.126.109', '2015-02-06 16:12:09', '0', 'João Câmara', 'BR', 'Rio Grande do Norte', '59550', '-5.5333,-35.8000'), ('108', 'jose laercio de paiva', 'joselaerciodepaiva@hotmail.com', '14', '201.9.126.109', '2015-02-06 16:12:09', '0', 'João Câmara', 'BR', 'Rio Grande do Norte', '59550', '-5.5333,-35.8000'), ('109', 'jose laercio de paiva', 'joselaerciodepaiva@hotmail.com', '14', '201.9.126.109', '2015-02-06 16:12:10', '0', 'João Câmara', 'BR', 'Rio Grande do Norte', '59550', '-5.5333,-35.8000'), ('110', 'jose laercio de paiva', 'joselaerciodepaiva@hotmail.com', '14', '201.9.126.109', '2015-02-06 16:12:14', '0', 'João Câmara', 'BR', 'Rio Grande do Norte', '59550', '-5.5333,-35.8000'), ('111', 'Everton Ribeiro Lemes', 'evertonrlemes@gmail.com', '14', '177.129.234.25', '2015-02-07 00:05:38', '0', 'Sapiranga', 'BR', 'Rio Grande do Sul', null, '-29.6333,-51.0000'), ('112', 'Everton Ribeiro Lemes', 'evertonrlemes@gmail.com', '14', '177.129.234.25', '2015-02-07 00:07:05', '0', 'Sapiranga', 'BR', 'Rio Grande do Sul', null, '-29.6333,-51.0000'), ('113', 'Alexandra Dorneles da siva', 'dorneles.ale30@gmail.com', '14', '191.179.24.122', '2015-02-09 15:38:29', '0', 'Sapucaia', 'BR', 'Rio Grande do Sul', null, '-29.8333,-51.1500'), ('114', '', '', '14', '200.160.153.90', '2015-02-10 17:33:23', '0', null, 'BR', null, null, '-23.5477,-46.6358'), ('115', 'Robson Maurício Santos De Lima', 'robson_ramini@hotmail.com', '14', '186.213.157.173', '2015-02-17 13:46:37', '0', null, 'BR', null, null, '-23.5477,-46.6358'), ('116', 'Adriano', 'adriano@persch.net.br', '14', '189.86.81.201', '2015-02-18 13:02:59', '0', 'Canoas', 'BR', 'Rio Grande do Sul', '92025', '-29.9333,-51.1833'), ('117', '', '', '14', '131.100.236.22', '2015-02-18 16:57:08', '0', null, 'BR', null, null, '-23.5477,-46.6358'), ('118', '', '', '14', '177.94.152.88', '2015-02-19 02:52:13', '0', null, 'BR', null, null, '-23.5477,-46.6358'), ('119', 'alexsandra pereira haj', 'dienifah@hotmail.com', '14', '177.94.152.88', '2015-02-19 02:55:06', '0', null, 'BR', null, null, '-23.5477,-46.6358'), ('120', 'Antonio Carlos Andrade Santos', 'euandreiaandrade@hotmail.com', '14', '201.43.186.212', '2015-02-21 02:38:09', '0', null, 'BR', null, null, '-23.5477,-46.6358'), ('121', 'Antonio Carlos Andrade Santos', 'euandreiaandrade@hotmail.com', '14', '201.43.186.212', '2015-02-21 02:44:55', '0', null, 'BR', null, null, '-23.5477,-46.6358'), ('122', 'Everton Ribeiro Lemes', 'evertonrlemes@gmail.com', '14', '177.129.233.251', '2015-02-23 23:29:03', '0', 'Sapiranga', 'BR', 'Rio Grande do Sul', null, '-29.6333,-51.0000'), ('123', 'Claudete', '0', '14', '177.134.60.75', '2015-02-25 01:04:38', '05180520089', 'São Leopoldo', 'BR', 'Rio Grande do Sul', null, '-29.7667,-51.1500'), ('124', 'Claudete dos Santos Pinheiro', 'mateusschardong95@hotmail.com', '14', '177.134.60.75', '2015-02-25 01:07:45', '0', 'São Leopoldo', 'BR', 'Rio Grande do Sul', null, '-29.7667,-51.1500'), ('125', 'Claudete dos Santos Pinheiro', 'mateusschardong95@hotmail.com', '14', '177.134.60.75', '2015-02-25 01:07:48', '0', 'São Leopoldo', 'BR', 'Rio Grande do Sul', null, '-29.7667,-51.1500'), ('126', 'Claudete dos Santos Pinheiro', 'mateusschardong95@hotmail.com', '14', '177.134.60.75', '2015-02-25 01:07:49', '0', 'São Leopoldo', 'BR', 'Rio Grande do Sul', null, '-29.7667,-51.1500'), ('127', 'Claudete dos Santos Pinheiro', 'mateusschardong95@hotmail.com', '14', '177.134.60.75', '2015-02-25 01:10:00', '0', 'São Leopoldo', 'BR', 'Rio Grande do Sul', null, '-29.7667,-51.1500'), ('128', 'Dernival alves dos santos', 'corinthianoalves2012@hotmail.com', '14', '179.185.1.108', '2015-02-25 03:10:25', '0', null, 'BR', null, null, '-23.5477,-46.6358'), ('129', 'katia maria do nascimento', '0', '14', '177.206.5.52', '2015-02-25 10:41:17', '11 43303666', null, 'BR', null, null, '-23.5477,-46.6358'), ('130', 'Alexsander Antunes da Costa', 'alexsander_antunes@hotmail.com', '14', '66.249.88.253', '2015-02-25 23:24:26', '0', 'Mountain View', 'US', 'California', '94043', '37.4192,-122.0574'), ('131', 'jhonattan de moraes teixeira', 'jomt15@hotmail.com', '14', '189.94.189.10', '2015-02-26 18:23:50', '0', 'Porto Alegre', 'BR', 'Rio Grande do Sul', null, '-30.0333,-51.2000'), ('132', 'jhonattan de moraes teixeira', 'jomt15@hotmail.com', '14', '189.94.189.10', '2015-02-26 18:26:25', '0', 'Porto Alegre', 'BR', 'Rio Grande do Sul', null, '-30.0333,-51.2000'), ('133', 'LUIZ ALBERTO JACOBUS', 'beto@sinoscar.com.br', '14', '189.2.140.178', '2015-02-26 19:02:14', '0', null, 'BR', null, null, '-23.5477,-46.6358'), ('134', '', '', '14', '177.42.180.155', '2015-02-27 15:36:51', '0', null, 'BR', null, null, '-23.5477,-46.6358'), ('135', 'Gabriella Mendes Ferraz', 'ferrazgabriella@live.com', '14', '186.219.133.41', '2015-03-02 17:06:49', '0', 'Novo Hamburgo', 'BR', 'Rio Grande do Sul', null, '-29.6833,-51.1333'), ('136', 'Denise Freitas Nascimento', 'denise_23freitas@hotmail.com', '14', '191.184.247.56', '2015-03-02 17:44:35', '0', null, 'BR', null, null, '-23.5477,-46.6358'), ('137', '', '', '13', '198.199.95.181', '2015-03-02 20:02:16', '0', 'New York', 'US', 'New York', '10001', '40.7143,-74.0060'), ('138', '', '', '13', '198.199.95.181', '2015-03-03 00:22:05', '0', 'New York', 'US', 'New York', '10001', '40.7143,-74.0060'), ('139', '', 'teste@teste.com.br', '13', '198.199.95.181', '2015-03-03 00:36:10', '0', 'New York', 'US', 'New York', '10001', '40.7143,-74.0060'), ('140', '', '', '13', '198.199.95.181', '2015-03-03 02:54:06', '0', 'New York', 'US', 'New York', '10001', '40.7143,-74.0060'), ('141', 'aline de souza cardoso', 'decardoso2013@bol.com.br', '14', '187.14.165.152', '2015-03-04 11:53:25', '0', null, 'BR', null, null, '-23.5477,-46.6358'), ('142', 'aline de souza cardoso', 'decardoso2013@bol.com.br', '14', '187.14.165.152', '2015-03-04 11:54:19', '0', null, 'BR', null, null, '-23.5477,-46.6358'), ('143', 'gkjhrglwrgjwg', 'jana.wieder@gmail.com', '14', '177.19.174.188', '2015-03-10 12:29:54', '0', 'Novo Hamburgo', 'BR', 'Rio Grande do Sul', '93352', '-29.6833,-51.1333'), ('144', 'gkjhrglwrgjwg', 'jana.wieder@gmail.com', '14', '177.19.174.188', '2015-03-10 12:29:56', '0', 'Novo Hamburgo', 'BR', 'Rio Grande do Sul', '93352', '-29.6833,-51.1333'), ('145', 'estevao de almeida alves', 'estevaoejuuh@gmail.com', '14', '177.168.88.106', '2015-03-10 22:58:38', '0', null, 'BR', null, null, '-23.5477,-46.6358'), ('146', 'estevao de almeida alves', 'estevaoejuuh@gmail.com', '14', '177.168.88.106', '2015-03-10 22:58:40', '0', null, 'BR', null, null, '-23.5477,-46.6358'), ('147', 'estevao de almeida alves', 'estevaoejuuh@gmail.com', '14', '177.168.88.106', '2015-03-10 23:05:59', '0', null, 'BR', null, null, '-23.5477,-46.6358'), ('148', 'ismael alves', 'ismaelalves86@gmail.com', '14', '179.180.164.145', '2015-03-10 23:12:24', '0', 'Novo Hamburgo', 'BR', 'Rio Grande do Sul', null, '-29.6833,-51.1333'), ('149', '', '', '14', '189.73.180.225', '2015-03-11 14:20:22', '0', 'Parobé', 'BR', 'Rio Grande do Sul', null, '-29.6333,-50.8333'), ('150', '', '', '14', '189.73.180.225', '2015-03-11 14:20:22', '0', 'Parobé', 'BR', 'Rio Grande do Sul', null, '-29.6333,-50.8333'), ('151', '', '', '14', '189.73.180.225', '2015-03-11 14:20:27', '0', 'Parobé', 'BR', 'Rio Grande do Sul', null, '-29.6333,-50.8333'), ('152', '', '', '14', '189.73.180.225', '2015-03-11 14:20:27', '0', 'Parobé', 'BR', 'Rio Grande do Sul', null, '-29.6333,-50.8333'), ('153', '', '', '14', '189.73.180.225', '2015-03-11 14:20:27', '0', 'Parobé', 'BR', 'Rio Grande do Sul', null, '-29.6333,-50.8333'), ('154', '', '', '13', '198.199.95.181', '2015-03-11 20:45:38', '0', 'New York', 'US', 'New York', '10001', '40.7143,-74.0060'), ('155', 'Leonardo Henrique Sumini Silverio', 'leonardo_sumini@hotmail.com', '14', '177.105.119.43', '2015-03-12 03:44:40', '0', null, 'BR', null, null, '-23.5477,-46.6358'), ('156', 'ANTONELLA', 'antonella.teixeira@stv.com.br', '14', '186.215.49.29', '2015-03-12 13:17:50', '0', 'Porto Alegre', 'BR', 'Rio Grande do Sul', null, '-30.0333,-51.2000'), ('157', 'ANTONELLA', 'antonella.teixeira@stv.com.br', '14', '186.215.49.29', '2015-03-12 13:18:00', '0', 'Porto Alegre', 'BR', 'Rio Grande do Sul', null, '-30.0333,-51.2000'), ('158', 'ANTONELLA', 'antonella.teixeira@stv.com.br', '14', '186.215.49.29', '2015-03-12 13:20:08', '0', 'Porto Alegre', 'BR', 'Rio Grande do Sul', null, '-30.0333,-51.2000'), ('159', 'ANTONELLA', 'antonella.teixeira@stv.com.br', '14', '186.215.49.29', '2015-03-12 13:20:16', '0', 'Porto Alegre', 'BR', 'Rio Grande do Sul', null, '-30.0333,-51.2000'), ('160', 'ANTONELLA', 'antonella.teixeira@stv.com.br', '14', '186.215.49.29', '2015-03-12 13:20:32', '0', 'Porto Alegre', 'BR', 'Rio Grande do Sul', null, '-30.0333,-51.2000'), ('161', '', 'nick@takemidia.com.br', '13', '198.199.95.181', '2015-03-13 05:10:51', '0', 'New York', 'US', 'New York', '10001', '40.7143,-74.0060'), ('162', 'Nick Peterson', 'nick@takemidia.com.br', '14', '189.103.104.28', '2015-03-13 05:11:39', '0', null, 'BR', null, null, '-23.5477,-46.6358'), ('163', '', '', '13', '198.199.95.181', '2015-03-13 20:10:27', '0', 'New York', 'US', 'New York', '10001', '40.7143,-74.0060'), ('164', 'gislaine', '0', '14', '177.18.44.110', '2015-03-14 13:46:08', '5184448579', 'Porto Alegre', 'BR', 'Rio Grande do Sul', null, '-30.0333,-51.2000'), ('165', 'LUCIA CRISTINA DE OLIVEIRA', 'luciacristtyna@hotmail.com', '14', '186.212.157.100', '2015-03-15 00:26:07', '0', 'Olinda', 'BR', 'Pernambuco', null, '-8.0167,-34.8500'), ('166', 'Lidiana Muller Cardoso', 'lidianamullercardoso@gmail.com', '14', '200.19.250.248', '2015-03-16 22:01:02', '0', 'Novo Hamburgo', 'BR', 'Rio Grande do Sul', '93542', '-29.6833,-51.1333'), ('167', 'Cristiano Andre Schmidt', 'cristiano.ccaass@gmail.com', '14', '179.154.251.211', '2015-03-17 00:40:21', '0', null, 'BR', null, null, '-23.5477,-46.6358'), ('168', 'PERLON CARLOS FERREIRA DA SILVA', 'carlos.oracle@hotmail.com', '14', '177.99.173.5', '2015-03-20 11:26:35', '0', 'Maceió', 'BR', 'Alagoas', '57071', '-9.6667,-35.7167'), ('169', 'Jose Roberto Feitosa', 'joserobertof.carvalho.carvalho.@facebook.com', '14', '177.10.248.24', '2015-03-20 12:36:51', '0', null, 'BR', null, null, '-23.5477,-46.6358'), ('170', 'Douglas Rech', 'dougrech@globomail.com', '14', '191.179.27.107', '2015-03-30 23:28:16', '0', null, 'BR', null, null, '-23.5477,-46.6358'), ('171', '', 'paty_parda@hotmail.com', '13', '54.94.161.246', '2015-03-31 12:35:32', '0', 'São Paulo', 'BR', 'Sao Paulo', null, '-23.4733,-46.6658'), ('172', 'Roberto Jorge Ferreira ', 'robertojfe@ale.ro.gov.br', '14', '191.247.224.55', '2015-03-31 14:12:49', '0', null, 'BR', null, null, '-23.5477,-46.6358'), ('173', 'Roberto Jorge Ferreira ', 'robertojfe@ale.ro.gov.br', '14', '191.247.224.55', '2015-03-31 14:12:55', '0', null, 'BR', null, null, '-23.5477,-46.6358'), ('174', 'Roberto Jorge Ferreira ', 'robertojfe@ale.ro.gov.br', '14', '191.247.224.55', '2015-03-31 14:13:22', '0', null, 'BR', null, null, '-23.5477,-46.6358'), ('175', 'camila', 'mila_winter@hotmail.com', '14', '179.183.68.63', '2015-04-01 00:49:29', '0', null, 'BR', null, null, '-23.5477,-46.6358'), ('176', 'camila', 'mila_winter@hotmail.com', '14', '179.183.68.63', '2015-04-01 00:49:30', '0', null, 'BR', null, null, '-23.5477,-46.6358'), ('177', 'camila machado winter', 'mila_winter@hotmail.com', '14', '179.183.68.63', '2015-04-01 00:53:35', '0', null, 'BR', null, null, '-23.5477,-46.6358'), ('178', 'Daniele Moura dos Santos', 'danielemoura153@live.com', '14', '177.18.171.175', '2015-04-01 02:29:56', '0', 'Novo Hamburgo', 'BR', 'Rio Grande do Sul', null, '-29.6833,-51.1333'), ('179', 'marcos antunes da silva ', '', '14', '189.40.91.50', '2015-04-01 17:34:26', '0', null, 'BR', null, null, '-23.5477,-46.6358'), ('180', 'Aline Cassiana Alves', 'alinec.alvez@hotmail.com', '14', '189.76.248.1', '2015-04-01 21:19:53', '0', null, 'BR', null, null, '-23.5477,-46.6358'), ('181', '', 'lucas@mixnatural.com.br', '13', '54.94.161.246', '2015-04-08 23:34:11', '0', 'São Paulo', 'BR', 'Sao Paulo', null, '-23.4733,-46.6658'), ('182', '', 'thais.william8520@gmail.com', '13', '54.94.161.246', '2015-04-10 15:12:29', '0', 'São Paulo', 'BR', 'Sao Paulo', null, '-23.4733,-46.6658'), ('183', 'Luciano Vitório', 'contato.kadaicha@yahoo.com.br', '13', '54.94.161.246', '2015-04-17 13:27:23', '0', 'São Paulo', 'BR', 'Sao Paulo', null, '-23.4733,-46.6658'), ('184', 'Luciano Vitório', 'luvi9@yahoo.com.br', '13', '54.94.161.246', '2015-04-17 13:29:04', '0', 'São Paulo', 'BR', 'Sao Paulo', null, '-23.4733,-46.6658'), ('185', 'Luciano Vitório', 'luvi9@yahoo.com.br', '13', '54.94.161.246', '2015-04-17 13:29:36', '0', 'São Paulo', 'BR', 'Sao Paulo', null, '-23.4733,-46.6658'), ('186', 'Luciano Vitório', 'luvi9@yahoo.com.br', '13', '54.94.161.246', '2015-04-17 13:29:44', '0', 'São Paulo', 'BR', 'Sao Paulo', null, '-23.4733,-46.6658'), ('187', 'Luciano', 'luvi9@yahoo.com.br', '13', '54.94.161.246', '2015-04-17 13:30:31', '0', 'São Paulo', 'BR', 'Sao Paulo', null, '-23.4733,-46.6658'), ('188', 'Luciano', 'luciano@pluria.com.br', '13', '54.94.161.246', '2015-04-17 13:31:35', '0', 'São Paulo', 'BR', 'Sao Paulo', null, '-23.4733,-46.6658'), ('189', 'Luciano', 'luciano@pluria.com.br', '13', '54.94.161.246', '2015-04-17 13:32:17', '0', 'São Paulo', 'BR', 'Sao Paulo', null, '-23.4733,-46.6658'), ('190', 'Luciano', 'pensene2012@hotmail.com', '13', '54.94.161.246', '2015-04-17 13:34:23', '0', 'São Paulo', 'BR', 'Sao Paulo', null, '-23.4733,-46.6658'), ('191', 'Luciano', 'pensene2012@hotmail.com', '13', '54.94.161.246', '2015-04-17 13:34:26', '0', 'São Paulo', 'BR', 'Sao Paulo', null, '-23.4733,-46.6658'), ('192', 'Luciano', 'pensene2012@hotmail.com', '13', '54.94.161.246', '2015-04-17 13:36:45', '0', 'São Paulo', 'BR', 'Sao Paulo', null, '-23.4733,-46.6658'), ('193', 'Luciano', 'luvi9@yahoo.com.br', '13', '54.94.161.246', '2015-04-17 13:38:08', '0', 'São Paulo', 'BR', 'Sao Paulo', null, '-23.4733,-46.6658'), ('194', 'Luciano', 'luvi9@yahoo.com.br', '13', '54.94.161.246', '2015-04-17 13:38:23', '0', 'São Paulo', 'BR', 'Sao Paulo', null, '-23.4733,-46.6658'), ('195', 'Luciano', 'contato.kadaicha@yahoo.com.br', '13', '54.94.161.246', '2015-04-17 13:38:56', '0', 'São Paulo', 'BR', 'Sao Paulo', null, '-23.4733,-46.6658'), ('196', 'Luciano', 'contato.kadaicha@yahoo.com.br', '13', '54.94.161.246', '2015-04-17 13:38:59', '0', 'São Paulo', 'BR', 'Sao Paulo', null, '-23.4733,-46.6658'), ('197', 'douglas', 'teste@teste.com', '13', '54.94.161.246', '2015-04-17 19:56:00', '0', 'São Paulo', 'BR', 'Sao Paulo', null, '-23.4733,-46.6658'), ('198', 'douglas', 'teste@teste.com', '13', '54.94.161.246', '2015-04-17 19:56:13', '0', 'São Paulo', 'BR', 'Sao Paulo', null, '-23.4733,-46.6658'), ('199', 'douglas', 'teste@teste.com', '13', '54.94.161.246', '2015-04-17 19:57:21', '0', 'São Paulo', 'BR', 'Sao Paulo', null, '-23.4733,-46.6658'), ('200', 'douglas', 'teste@teste.com', '13', '54.94.161.246', '2015-04-17 20:02:13', '0', 'São Paulo', 'BR', 'Sao Paulo', null, '-23.4733,-46.6658'), ('201', 'lu', 'luvi9@yahoo.com.br', '13', '54.94.161.246', '2015-04-17 21:32:45', '0', 'São Paulo', 'BR', 'Sao Paulo', null, '-23.4733,-46.6658'), ('202', 'lu', 'contato.kadaicha@yahoo.com.br', '13', '54.94.161.246', '2015-04-17 21:34:03', '0', 'São Paulo', 'BR', 'Sao Paulo', null, '-23.4733,-46.6658'), ('203', 'asd', '', '13', '54.94.161.246', '2015-04-20 20:56:58', '0', 'São Paulo', 'BR', 'Sao Paulo', null, '-23.4733,-46.6658'), ('204', 'caina', 'teste@aa.com', '13', '54.94.161.246', '2015-04-20 21:00:20', '0', 'São Paulo', 'BR', 'Sao Paulo', null, '-23.4733,-46.6658'), ('205', 'caina', 'teste@aa.com', '13', '54.94.161.246', '2015-04-20 21:06:44', '0', 'São Paulo', 'BR', 'Sao Paulo', null, '-23.4733,-46.6658'), ('206', 'caina', 'teste@aa.com', '13', '54.94.161.246', '2015-04-20 21:07:12', '0', 'São Paulo', 'BR', 'Sao Paulo', null, '-23.4733,-46.6658'), ('207', 'Douglas Caina', 'douglas@mbr.mx', '13', '54.94.161.246', '2015-04-20 21:08:03', '0', 'São Paulo', 'BR', 'Sao Paulo', null, '-23.4733,-46.6658');
COMMIT;

-- ----------------------------
--  Table structure for `company`
-- ----------------------------
DROP TABLE IF EXISTS `company`;
CREATE TABLE `company` (
  `id` int(255) NOT NULL AUTO_INCREMENT,
  `name` varchar(255) NOT NULL,
  `ftp_host` varchar(255) DEFAULT NULL,
  `ftp_user` varchar(255) DEFAULT NULL,
  `ftp_pass` varchar(255) DEFAULT NULL,
  `mysql_host` varchar(255) DEFAULT NULL,
  `mysql_user` varchar(255) DEFAULT NULL,
  `mysql_pass` varchar(255) DEFAULT NULL,
  `mysql_db` varchar(255) DEFAULT NULL,
  `status` int(1) NOT NULL DEFAULT '1',
  `upload_path` varchar(255) DEFAULT NULL,
  `profile_id` int(255) NOT NULL DEFAULT '0',
  `smtp_user` varchar(255) DEFAULT NULL,
  `smtp_password` varchar(255) DEFAULT NULL,
  `smtp_port` varchar(255) DEFAULT NULL,
  `smtp_host` varchar(255) DEFAULT NULL,
  `email_contact` varchar(255) DEFAULT NULL,
  PRIMARY KEY (`id`)
) ENGINE=InnoDB AUTO_INCREMENT=16 DEFAULT CHARSET=latin1;

-- ----------------------------
--  Records of `company`
-- ----------------------------
BEGIN;
INSERT INTO `company` VALUES ('1', 'Panda', 'www.mbr.mx', 'root', 'C0nn3c71v3', 'localhost', 'root', 'C0nn3c71v3', 'panda', '1', '', '91311646', 'sac-site@beirario.com.br', 's@k2012', '587', 'smtp.beirario.com.br', 'caina27@gmail.com'), ('5', 'Talenttare', '', '', '', 'mysql01.talenttare2.hospedagemdesites.ws', 'talenttare2', 'talento123', 'talenttare2', '1', 'http://www.talenttare.com.br/assets/upload/', '91316514', null, null, null, null, null), ('6', 'Brics', '', '', '', 'localhost', 'root', '', 'brics', '1', null, '0', null, null, null, null, null), ('7', 'Midia Imports', 'ftp.midiaimports.com.br', 'midiaimports', 'm1d151', 'mysql05-farm13.kinghost.net', 'midia', 'M1d14567', 'midia', '1', '', '81169057', null, null, null, null, null), ('8', 'Dizzany', '', '', '', 'baratheon0001.hospedagemdesites.ws', 'dizza_dizzany', 'pro587coes', 'dizzany_dizzany', '1', 'http://www.dizzany.com.br/2014/assets/upload/', '91963979', null, null, null, null, null), ('9', 'Lhama a Vista', '', '', '', 'localhost', 'root', 'C0nn3c71v3', 'lhamaavista', '1', 'www.lhamaavista.com.br/assets/upload/', '0', null, null, null, null, null), ('10', 'SOAE', '', '', '', 'localhost', 'root', 'C0nn3c71v3', 'soae', '1', 'http://www.mbr.mx/clientes/soae/assets/upload/', '0', null, null, null, null, null), ('11', 'Rossi', '', '', '', 'localhost', 'root', 'C0nn3c71v3', 'rossi', '1', 'http://www.mbr.mx/clientes/teste_images/', '0', null, null, null, null, null), ('12', 'Traços de Valor', '', '', '', 'bm14.webservidor.net', 'tracos_user', 'tr4c0s4s3r', 'tracos_db', '1', 'http://tracosdevalor.art.br/assets/upload/', '92403889', '', '', '', '', ''), ('13', 'Kadaicha', '', '', '', 'mysql.kadaicha.com.br', 'kadaicha', 's8u1y7', 'kadaicha', '1', 'http://www.kadaicha.com.br/assets/upload/', '97719874', 'sac-site@beirario.com.br', 's@k2012', '587', 'smtp.beirario.com.br', 'caina27@gmail.com'), ('14', 'JE', '', '', '', 'mysql01.jesky.hospedagemdesites.ws', 'jesky', 'zGz8B4ArRxTb', 'jesky', '1', 'http://www.jesky.com.br/assets/upload/', '0', 'sac-site@beirario.com.br', 's@k2012', '587', 'smtp.beirario.com.br', ''), ('15', 'EGA', 'ftp.egaconsultoria.com.br', 'panda@egaconsultoria.com.br', 'ZXCvbn123', '192.185.177.19', 'egaco297_teste', '12qwaszx', 'egaco297_panda', '1', 'http://www.egaconsultoria.com.br/homolog/assets/upload/', '100314309', '', '', '', '', '');
COMMIT;

-- ----------------------------
--  Table structure for `menu`
-- ----------------------------
DROP TABLE IF EXISTS `menu`;
CREATE TABLE `menu` (
  `id` int(250) NOT NULL AUTO_INCREMENT,
  `company_id` int(11) NOT NULL,
  `label` varchar(255) NOT NULL,
  PRIMARY KEY (`id`)
) ENGINE=InnoDB AUTO_INCREMENT=28 DEFAULT CHARSET=latin1;

-- ----------------------------
--  Records of `menu`
-- ----------------------------
BEGIN;
INSERT INTO `menu` VALUES ('3', '8', 'Serviços'), ('8', '8', 'Portfolio'), ('9', '6', 'Teste'), ('10', '8', 'Empresa'), ('11', '5', 'Configurar'), ('12', '5', 'Textos'), ('13', '10', 'Dicas Cidade'), ('14', '10', 'Palestras'), ('15', '10', 'Quiz'), ('16', '10', 'Transporte'), ('17', '12', 'Patrocinadores'), ('18', '12', 'Tradução'), ('19', '12', 'O Projeto'), ('21', '12', 'Apoiador/Patrocinador'), ('22', '13', 'Configurar'), ('23', '13', 'Portfólio'), ('24', '12', 'Obras'), ('25', '14', 'Sobre'), ('26', '14', 'Pacotes'), ('27', '15', 'Possibilidades');
COMMIT;

-- ----------------------------
--  Table structure for `module`
-- ----------------------------
DROP TABLE IF EXISTS `module`;
CREATE TABLE `module` (
  `id` int(255) NOT NULL AUTO_INCREMENT,
  `company_id` int(255) NOT NULL,
  `name` varchar(255) NOT NULL,
  `snippet_id` int(11) NOT NULL DEFAULT '0',
  `mysql_table` varchar(255) NOT NULL,
  `json_config` text NOT NULL,
  `list_order` int(11) NOT NULL DEFAULT '99',
  `icon` varchar(255) NOT NULL,
  `menu_id` int(255) DEFAULT NULL,
  `active` int(1) DEFAULT '1',
  PRIMARY KEY (`id`,`company_id`)
) ENGINE=InnoDB AUTO_INCREMENT=117 DEFAULT CHARSET=latin1;

-- ----------------------------
--  Records of `module`
-- ----------------------------
BEGIN;
INSERT INTO `module` VALUES ('1', '5', 'Banners', '0', 'banner', '{\n  \"primary_key\": \"id\",\n  \"labels\": {\n    \"name\": \"Nome\",\n    \"text\": \"Texto\",\n    \"link\": \"Link\",\n    \"teste_id\": \"ie\"\n  },\n  \"remove_list\": [\n    \"id\",\n    \"vehicles_id\"\n  ],\n  \"possible_actions\": [\n    \"c\",\n    \"r\",\n    \"u\",\n    \"d\"\n  ],\n  \"options\": {\n    \"foreign_keys\": {\n      \"teste_id\": {\n        \"table\": \"teste\",\n        \"field\": \"nome\",\n        \"label\": \"Teste mesmo\",\n        \"filter\": \"id\"\n        }\n      },\n        \"fields\": {\n          \"image\": {\n            \"plugin\": \"single_upload\",\n            \"size\": \"250x220\"\n          }\n    }\n  }\n}', '99', 'fa-desktop', null, '1'), ('2', '6', 'Business Meeting', '1', '', '', '99', 'fa-desktop', null, '1'), ('3', '7', 'Cores', '0', 'color', '{\n          \"permission\": \"Color.Content\",\n          \"path\": \"content/color\",\n          \"primary_key\": \"id\",\n          \"table\": \"color\",\n          \"module\": \"color/color_model\",\n          \"labels\": {\n            \"name\":\"Nome\"\n          },\n          \"remove_list\": [\n            \"id\"\n          ],\n          \"possible_actions\":[\n                \"c\",\"r\",\"u\",\"d\"\n          ],\n          \"options\": {\n            \"foreign_keys\": {\n              \"bf_guide\": {\n                \"table\": \"guide\",\n                \"field\": \"title\",\n                \"filter\": \"id\"\n              }\n            },\n            \"fields\": {\n              \"subtitle\":{\n                \"validation\":\"\"\n              },\n              \"date\":{\n                \"plugin\": \"datepicker\"\n              },\n              \"description\": {\n                \"plugin\": \"ckeditor\"\n              },\n              \"is_featured\":{\n                \"plugin\":\"active_box\"\n              },\n              \"cover_photo\": {\n                \"plugin\": \"single_upload\",\n                \"size\": \"250x220\"\n              }\n            }\n          }\n        }', '99', 'fa-list-alt', null, '1'), ('4', '6', 'Configurar', '0', 'configuration', '{\n          \"primary_key\": \"id\",\n          \"labels\": {\n            \"digits_lenght\": \"Numero de caracteres\",\n            \"time_change\": \"Tempo de permanencia (em milisegundos)\",\n            \"link\": \"Link\",\n            \"teste_id\": \"ie\"\n          },\n          \"remove_list\": [\n            \"id\",\"vehicles_id\"\n          ],\n          \"possible_actions\":[\n               \"u\"\n          ],\n          \"options\": {\n           \n          }\n        }', '99', 'fa-cog', '9', '1'), ('5', '8', 'Serviços', '0', 'services', '{\n  \"primary_key\": \"id\",\n  \"labels\": {\n    \"title\": \"Titulo\",\n    \"description\": \"Descrição\",\n    \"color\": \"Cor\",\n\"subtitle_part_1\":\"Subtitulo parte 1\",\n\"subtitle_part_2\":\"Subtitulo parte 2\"\n  },\n  \"remove_list\": [\n    \"id\",\"description\"\n  ],\n  \"possible_actions\": [\n    \"c\",\n    \"r\",\n    \"u\",\n    \"d\"\n  ],\n  \"options\": {\n    \"foreign_keys\": {\n      \"teste_id\": {\n        \"table\": \"teste\",\n        \"field\": \"nome\",\n        \"label\": \"Teste mesmo\",\n        \"filter\": \"id\"\n        }\n      },\n        \"fields\": {\n          \"photo\": {\n            \"plugin\": \"single_upload\",\n            \"size\": \"250x220\"\n          }\n    }\n  }\n}', '99', 'fa-desktop', '3', '1'), ('6', '8', 'Descrição', '0', 'service_description', '{\n  \"primary_key\": \"id\",\n  \"labels\": {\n    \"title\": \"titulo\",\n    \"description\": \"Descrição\"\n  },\n  \"remove_list\": [\n    \"id\"\n  ],\n  \"possible_actions\": [\n    \"u\"\n  ]\n}', '99', 'fa-desktop', '3', '0'), ('7', '8', 'Portfólio', '0', 'portfolio', '{\n  \"primary_key\": \"id\",\n  \"labels\": {\n    \"title\": \"titulo\",\n    \"description\": \"Descrição\"\n  },\n  \"remove_list\": [\n    \"id\"\n  ],\n  \"possible_actions\": [\n    \"u\"\n  ]\n}', '99', 'fa-table', '8', '1'), ('8', '8', 'Texto de capa', '0', 'portfolio_text', '{\n  \"primary_key\": \"id\",\n  \"labels\": {\n    \"title\": \"titulo\",\n    \"description\": \"Descrição\"\n  },\n  \"remove_list\": [\n    \"id\"\n  ],\n  \"possible_actions\": [\n    \"u\"\n  ]\n}', '99', 'fa-table', '8', '1'), ('9', '8', 'Texto Empresa', '0', 'texto_empresa', '{\"remove_list\":[\"id\"],\"primary_key\":\"id\",\"possible_actions\":[\"u\"],\"options\":{\"foreign_keys\":{\"bf_guide\":{\"label\":\"Cor\",\"filter\":\"id\",\"table\":\"guide\",\"field\":\"title\",\"insertable\":true}},\"fields\":{\"is_featured\":{\"plugin\":\"active_box\"},\"cover_photo\":{\"plugin\":\"single_upload\",\"size\":\"250x220\"},\"subtitle\":{\"validation\":\"\"},\"description\":{\"plugin\":\"ckeditor\"},\"date\":{\"plugin\":\"datepicker\"}}},\"labels\":{\"titulo\":\"Titulo\",\"descricao\":\"Descrição\"}}', '99', 'fa-desktop', '10', '1'), ('10', '8', 'Parcerias', '0', 'empresa_parcerias', '{\"labels\":{\"image\":\"logo\",\"link\":\"Link\"},\"primary_key\":\"id\",\"possible_actions\":[\"c\",\"r\",\"u\",\"d\"],\"options\":{\"foreign_keys\":{\"bf_guide\":{\"label\":\"Cor\",\"filter\":\"id\",\"table\":\"guide\",\"field\":\"title\",\"insertable\":true}},\"fields\":{\"subtitle\":{\"validation\":\"\"},\"date\":{\"plugin\":\"datepicker\"},\"description\":{\"plugin\":\"ckeditor\"},\"image\":{\"plugin\":\"single_upload\",\"size\":\"250x220\"},\"is_featured\":{\"plugin\":\"active_box\"}}},\"remove_list\":[\"id\"]}', '99', 'fa-bar-char', '10', '1'), ('11', '8', 'Equipe', '0', 'company_team', '{\"remove_list\":[\"id\"],\"primary_key\":\"id\",\"possible_actions\":[\"c\",\"r\",\"u\",\"d\"],\"options\":{\"foreign_keys\":{\"bf_guide\":{\"cargo\":\"Cargo\",\"nome\":\"Nome\",\"image\":\"Foto\"}},\"fields\":{\"image\":{\"plugin\":\"single_upload\",\"size\":\"250x220\"},\"is_featured\":{\"plugin\":\"active_box\"},\"subtitle\":{\"validation\":\"\"},\"description\":{\"plugin\":\"ckeditor\"},\"date\":{\"plugin\":\"datepicker\"}}},\"labels\":{\"image\":\"logo\",\"link\":\"Link\"}}', '99', 'fa-bar-char', '10', '1'), ('12', '8', 'Contato', '0', 'contact_data', '{\"labels\":{\"smtp_server\":\"Servidor SMTP\",\"text_mensagem\":\"Texto da mensagem\",\"smtp_pass\":\"Senha usuário SMTP\",\"email_contato\":\"Email receberá contato\",\"smtp_port\":\"Porta  SMTP\",\"text_complementar\":\"Texto complementar\",\"smtp_user\":\"Usuário SMTP\"},\"primary_key\":\"id\",\"possible_actions\":[\"u\"],\"remove_list\":[\"id\"]}', '99', 'fa-desktop', null, '1'), ('13', '9', 'Textos', '0', 'titulo', '{\"remove_list\":[\"id\"],\"primary_key\":\"id\",\"possible_actions\":[\"r\",\"u\"],\"labels\":{\"texto\":\"Texto\",\"titulo\":\"Titulo\"}}', '99', 'fa-bug', null, '1'), ('14', '5', 'Redes Sociais', '0', 'social_network', '{\n  \"primary_key\": \"id\",\n  \"labels\": {\n    \"name\": \"Nome\",\n    \"link\": \"Link\"\n  },\n  \"remove_list\": [\n    \"id\",\n    \"vehicles_id\"\n  ],\n  \"possible_actions\": [\n    \"r\",\n    \"u\"\n  ],\n  \"options\": {\n    \"foreign_keys\": {\n      \"teste_id\": {\n        \"table\": \"teste\",\n        \"field\": \"nome\",\n        \"label\": \"Teste mesmo\",\n        \"filter\": \"id\"\n      }\n    },\n    \"fields\": {\n      \"image\": {\n        \"plugin\": \"single_upload\",\n        \"size\": \"250x220\"\n      }\n    }\n  }\n}', '99', 'fa-cog', '11', '1'), ('15', '5', 'Texto o que é', '0', 'oquee_texto', '{\n  \"primary_key\": \"id\",\n  \"labels\": {\n    \n    \"texto\": \"Texto\"\n  },\n  \"remove_list\": [\n    \"id\",\n    \"vehicles_id\"\n  ],\n  \"possible_actions\": [\n    \"r\",\n    \"u\"\n  ],\n  \"options\": {\n    \"foreign_keys\": {\n      \"teste_id\": {\n        \"table\": \"teste\",\n        \"field\": \"nome\",\n        \"label\": \"Teste mesmo\",\n        \"filter\": \"id\"\n      }\n    },\n    \"fields\": {\n      \"image\": {\n        \"plugin\": \"single_upload\",\n        \"size\": \"250x220\"\n      }\n    }\n  }\n}', '99', 'fa-desktop', '12', '1'), ('17', '10', 'Categorias', '0', 'category', '{\n  \"primary_key\": \"id\",\n  \"labels\": {\n    \"name\": \"Nome\",\n    \"icon\": \"Icone\",\n\"icon_hover\":\"Icone selecionado\"\n  },\n  \"remove_list\": [\n    \"id\",\n    \"vehicles_id\"\n  ],\n  \"possible_actions\": [\n    \"c\",\n    \"r\",\n    \"u\",\n    \"d\"\n  ],\n  \"options\": {\n    \"foreign_keys\": {\n      \"teste_id\": {\n        \"table\": \"teste\",\n        \"field\": \"nome\",\n        \"label\": \"Teste mesmo\",\n        \"filter\": \"id\"\n      }\n    },\n    \"fields\": {\n      \"icon\": {\n        \"plugin\": \"single_upload\",\n        \"size\": \"250x220\"\n      }, \"icon_hover\": {\n        \"plugin\": \"single_upload\",\n        \"size\": \"250x220\"\n      }\n    }\n  }\n}', '99', 'fa-desktop', '13', '1'), ('18', '10', 'Itens', '0', 'city_itens', '{\n  \"primary_key\": \"id\",\n  \"labels\": {\n    \"name\": \"Nome\",\n    \"description\": \"Descrição\",\n    \"adress\": \"Endereço\",\n    \"phone\": \"Telefone\",\n\"category_id\":\"Categoria\"\n  },\n  \"remove_list\": [\n    \"id\"\n  ],\n  \"possible_actions\": [\n    \"c\",\n    \"r\",\n    \"u\",\n    \"d\"\n  ],\n  \"options\": {\n    \"foreign_keys\": {\n      \"category_id\": {\n        \"table\": \"category\",\n        \"field\": \"name\",\n        \"label\": \"Categoria\",\n        \"filter\": \"id\"\n      }\n    },\n    \"fields\": {\n      \"image\": {\n        \"plugin\": \"single_upload\",\n        \"size\": \"250x220\"\n      }\n    }\n  }\n}', '99', 'fa-desktop', '13', '1'), ('19', '5', 'Equipe', '0', 'equipe', '{\n  \"primary_key\": \"id\",\n  \"labels\": {\n    \"nome\": \"Nome\",\n    \"image\": \"Foto\",\n    \"facebook\": \"Facebook\",\n    \"linkedin\": \"LinkedIn\",\n    \"descricao\": \"Descrição\"\n  },\n  \"remove_list\": [\n    \"id\",\n    \"vehicles_id\",\n    \"descricao\"\n  ],\n  \"possible_actions\": [\n   \"c\",\n    \"r\",\n    \"u\",\n     \"d\"\n  ],\n  \"options\": {\n    \"foreign_keys\": {\n      \"teste_id\": {\n        \"table\": \"teste\",\n        \"field\": \"nome\",\n        \"label\": \"Teste mesmo\",\n        \"filter\": \"id\"\n      }\n    },\n    \"fields\": {\n      \"image\": {\n        \"plugin\": \"single_upload\",\n        \"size\": \"250x220\"\n      }\n    }\n  }\n}', '99', 'fa-user', null, '1'), ('20', '5', 'O que fazemos', '0', 'whatwedo', '{\n  \"primary_key\": \"id\",\n  \"labels\": {\n    \"nome\": \"Nome\",\n    \"description\": \"Descrição\"\n  },\n  \"remove_list\": [\n    \"id\",\n    \"description\"\n  ],\n  \"possible_actions\": [\n   \n    \"r\",\n    \"u\"\n    \n  ],\n  \"options\": {\n    \"foreign_keys\": {\n      \"teste_id\": {\n        \"table\": \"teste\",\n        \"field\": \"nome\",\n        \"label\": \"Teste mesmo\",\n        \"filter\": \"id\"\n      }\n    },\n    \"fields\": {\n      \"image\": {\n        \"plugin\": \"single_upload\",\n        \"size\": \"250x220\"\n      }\n    }\n  }\n}', '99', 'fa-list-alt', null, '1'), ('21', '10', 'Horários', '0', 'time', '{\n  \"primary_key\": \"id\",\n  \"labels\": {\n    \"name\": \"Horário\",\n    \"day_id\": \"Dia\"\n  },\n  \"remove_list\": [\n    \"id\"\n  ],\n  \"possible_actions\": [\n    \"c\",\n    \"r\",\n    \"u\",\n    \"d\"\n  ],\n  \"options\": {\n    \"foreign_keys\": {\n      \"day_id\": {\n        \"table\": \"day\",\n        \"field\": \"value\",\n        \"label\": \"Teste mesmo\",\n        \"filter\": \"id\"\n      }\n    },\n    \"fields\": {\n      \"image\": {\n        \"plugin\": \"single_upload\",\n        \"size\": \"250x220\"\n      }\n    }\n  }\n}', '99', 'fa-file', '14', '1'), ('22', '10', 'Dia', '0', 'day', '{\n  \"primary_key\": \"id\",\n  \"labels\": {\n    \"value\": \"valor\"\n  },\n  \"remove_list\": [\n    \"id\",\n    \"vehicles_id\"\n  ],\n  \"possible_actions\": [\n    \"c\",\n    \"r\",\n    \"u\",\n    \"d\"\n  ],\n  \"options\": {\n    \"foreign_keys\": {\n      \"teste_id\": {\n        \"table\": \"teste\",\n        \"field\": \"nome\",\n        \"label\": \"Teste mesmo\",\n        \"filter\": \"id\"\n      }\n    },\n    \"fields\": {\n      \"image\": {\n        \"plugin\": \"single_upload\",\n        \"size\": \"250x220\"\n      }\n    }\n  }\n}', '99', 'fa-bar-char', '14', '1'), ('23', '10', 'Palestras', '0', 'lecture', '{\n  \"primary_key\": \"id\",\n  \"labels\": {\n    \"name\": \"Nome\",\n    \"text\": \"Texto\",\n    \"link\": \"Link\",\n    \"teste_id\": \"ie\"\n  },\n  \"remove_list\": [\n    \"id\",\n    \"vehicles_id\"\n  ],\n  \"possible_actions\": [\n    \"c\",\n    \"r\",\n    \"u\",\n    \"d\"\n  ],\n  \"options\": {\n    \"foreign_keys\": {\n      \"time_id\": {\n        \"table\": \"time\",\n        \"field\": \"name\",\n        \"label\": \"Teste mesmo\",\n        \"filter\": \"id\"\n      }\n    },\n    \"fields\": {\n      \"image\": {\n        \"plugin\": \"single_upload\",\n        \"size\": \"250x220\"\n      }\n    }\n  }\n}', '99', 'fa-desktop', '14', '1'), ('24', '10', 'Mapa', '0', 'mapa', '{\n  \"primary_key\": \"id\",\n  \"labels\": {\n    \"mapa\": \"Mapa\",\n    \"legenda\": \"Legenda\"\n  },\n  \"remove_list\": [\n    \"id\",\n    \"vehicles_id\"\n  ],\n  \"possible_actions\": [\n    \"c\",\n    \"r\",\n    \"u\",\n    \"d\"\n  ],\n  \"options\": {\n    \"foreign_keys\": {\n      \"teste_id\": {\n        \"table\": \"teste\",\n        \"field\": \"nome\",\n        \"label\": \"Teste mesmo\",\n        \"filter\": \"id\"\n      }\n    },\n    \"fields\": {\n      \"mapa\": {\n        \"plugin\": \"single_upload\",\n        \"size\": \"250x220\"\n      },\n \"legenda\": {\n        \"plugin\": \"single_upload\",\n        \"size\": \"250x220\"\n      }\n    }\n  }\n}', '99', 'fa-cog', null, '1'), ('25', '10', 'Perguntas', '0', 'pergunta', '{\"remove_list\":[\"id\"],\"primary_key\":\"id\",\"possible_actions\":[\"c\",\"r\",\"u\",\"d\"],\"labels\":{\"multi\":\"Mais de uma\",\"titulo\":\"Pergunta\"}}', '99', 'fa-list-alt', '15', '1'), ('26', '10', 'Alternativas', '0', 'alternativas', '{\n  \"primary_key\": \"id\",\n  \"labels\": {\n    \"id_pergunta\": \"Pergunta\",\n    \"descricao\": \"Descrição\"\n  },\n  \"remove_list\": [\n    \"id\",\n    \"vehicles_id\"\n  ],\n  \"possible_actions\": [\n    \"c\",\n    \"r\",\n    \"u\",\n    \"d\"\n  ],\n  \"options\": {\n    \"foreign_keys\": {\n      \"id_pergunta\": {\n        \"table\": \"pergunta\",\n        \"field\": \"titulo\",\n        \"label\": \"Teste mesmo\",\n        \"filter\": \"id\"\n      }\n    },\n    \"fields\": {\n      \"image\": {\n        \"plugin\": \"single_upload\",\n        \"size\": \"250x220\"\n      }\n    }\n  }\n}', '99', 'fa-table', '15', '1'), ('27', '10', 'Rotas', '0', 'rotas', '{\n  \"primary_key\": \"id\",\n  \"labels\": {\n    \"name\": \"Nome\",\n    \"description\": \"Texto\",\n    \"link\": \"Link\",\n    \"teste_id\": \"ie\"\n  },\n  \"remove_list\": [\n    \"id\",\n    \"vehicles_id\"\n  ],\n  \"possible_actions\": [\n    \n    \"r\",\n    \"u\"\n\n  ],\n  \"options\": {\n    \"foreign_keys\": {\n      \"teste_id\": {\n        \"table\": \"teste\",\n        \"field\": \"nome\",\n        \"label\": \"Teste mesmo\",\n        \"filter\": \"id\"\n      }\n    },\n    \"fields\": {\n      \"image\": {\n        \"plugin\": \"single_upload\",\n        \"size\": \"250x220\"\n      }\n    }\n  }\n}', '99', 'fa-list-alt', '16', '1'), ('28', '10', 'Horários', '0', 'horarios', '{\n  \"primary_key\": \"id\",\n  \"labels\": {\n    \"name\": \"Nome\",\n    \"description\": \"Texto\",\n    \"link\": \"Link\",\n    \"teste_id\": \"ie\"\n  },\n  \"remove_list\": [\n    \"id\",\n    \"vehicles_id\"\n  ],\n  \"possible_actions\": [\n    \n    \"r\",\n    \"u\"\n  ],\n  \"options\": {\n    \"foreign_keys\": {\n      \"teste_id\": {\n        \"table\": \"teste\",\n        \"field\": \"nome\",\n        \"label\": \"Teste mesmo\",\n        \"filter\": \"id\"\n      }\n    },\n    \"fields\": {\n      \"image\": {\n        \"plugin\": \"single_upload\",\n        \"size\": \"250x220\"\n      }\n    }\n  }\n}', '99', 'fa-bar-char', '16', '1'), ('29', '11', 'Empreendimentos', '0', 'empreendimentos', '{\"remove_list\":[\"id\"],\"primary_key\":\"id\",\"possible_actions\":[\"c\",\"r\",\"u\",\"d\"],\"options\":{\"foreign_keys\":{\"mapa_id\":{\"label\":\"Teste mesmo\",\"filter\":\"id\",\"table\":\"mapa\",\"field\":\"descricao_mapa\"}},\"fields\":{\"cover\":{\"plugin\":\"single_upload\",\"size\":\"250x220\"}}},\"labels\":{\"cover\":\"Capa\",\"nome\":\"Nome\",\"mapa_id\":\"Mapa\"}}', '99', 'fa-desktop', null, '1'), ('30', '11', 'Imagens Empreendimentos', '0', 'empreendimento_imagem', '{\"labels\":{\"imagem\":\"Imagem\",\"empreendimentos_id\":\"Empreendimento\",\"description\":\"Descrição\"},\"primary_key\":\"id\",\"possible_actions\":[\"c\",\"r\",\"u\",\"d\"],\"options\":{\"foreign_keys\":{\"empreendimentos_id\":{\"label\":\"Teste mesmo\",\"filter\":\"id\",\"table\":\"empreendimentos\",\"field\":\"nome\"}},\"fields\":{\"imagem\":{\"plugin\":\"single_upload\",\"size\":\"250x220\"}}},\"remove_list\":[\"id\"]}', '99', 'fa-folder-o', null, '1'), ('31', '11', 'mapa', '0', 'mapa', '{\"remove_list\":[\"id\"],\"primary_key\":\"id\",\"possible_actions\":[\"c\",\"r\",\"u\",\"d\"],\"options\":{\"fields\":{\"mapa_imagem\":{\"plugin\":\"single_upload\",\"size\":\"250x220\"}}},\"labels\":{\"descricao_mapa\":\"Descricao\",\"mapa_imagem\":\"Imagem\"}}', '99', 'fa-desktop', null, '1'), ('32', '5', 'Clientes', '0', 'client', '{\"remove_list\":[\"id\",\"vehicles_id\"],\"primary_key\":\"id\",\"possible_actions\":[\"c\",\"r\",\"u\",\"d\"],\"options\":{\"foreign_keys\":{\"client_id\":{\"label\":\"Cliente\",\"filter\":\"id\",\"table\":\"client\",\"field\":\"nome\"}},\"fields\":{\"logo\":{\"plugin\":\"single_upload\",\"size\":\"250x220\"}}},\"labels\":{\"logo\":\"Logo\",\"nome\":\"Nome\",\"descricao\":\"Descrição\"}}', '99', 'fa-user', null, '1'), ('33', '5', 'Resultados', '0', 'cases', '{\"remove_list\":[\"id\",\"description\"],\"primary_key\":\"id\",\"possible_actions\":[\"c\",\"r\",\"u\",\"d\"],\"options\":{\"foreign_keys\":{\"client_id\":{\"label\":\"Cliente\",\"filter\":\"id\",\"table\":\"client\",\"field\":\"nome\"}},\"fields\":{\"image\":{\"plugin\":\"single_upload\",\"size\":\"250x220\"}}},\"labels\":{\"client_id\":\"Cliente\",\"name\":\"Nome\",\"image\":\"Imagem\",\"description\":\"Descrição\"}}', '99', 'fa-desktop', null, '1'), ('35', '5', 'SEO', '0', 'SEO', '{\"labels\":{\"title\":\"Titulo\",\"tags\":\"Tags\",\"description\":\"Descrição\"},\"primary_key\":\"id\",\"possible_actions\":[\"r\",\"u\"],\"remove_list\":[\"id\"]}', '99', 'fa-cog', '11', '1'), ('36', '5', 'Contato', '0', 'contact', '{\"remove_list\":[\"id\"],\"primary_key\":\"id\",\"possible_actions\":[\"r\",\"u\"],\"labels\":{\"email_receiv_contact\":\"Destinatário contatos\",\"email_send\":\"Email de disparo\",\"email_send_pass\":\"Senha email disparo\",\"email_smtp_port\":\"Porta SMTP\"}}', '99', 'fa-cog', '11', '1'), ('40', '5', 'Blog', '2', 'blog', '{\n  \"primary_key\": \"id\",\n  \"labels\": {\n    \"name\": \"Nome\",\n    \"text\": \"Texto\",\n    \"link\": \"Link\",\n    \"teste_id\": \"ie\"\n  },\n  \"remove_list\": [\n    \"id\"\n  ],\n  \"possible_actions\": [\n    \"c\",\n    \"r\",\n    \"u\",\n    \"d\"\n  ],\n  \"options\": {\n    \"foreign_keys\": {\n      \"teste_id\": {\n        \"table\": \"teste\",\n        \"field\": \"nome\",\n        \"label\": \"Teste mesmo\",\n        \"filter\": \"id\"\n      }\n    },\n    \"fields\": {\n      \"image\": {\n        \"plugin\": \"single_upload\",\n        \"size\": \"250x220\"\n      }\n    }\n  }\n}', '99', 'fa-list-alt', null, '1'), ('41', '12', 'Estilistas', '0', 'stylist', '{\n  \"primary_key\": \"id\",\n  \"labels\": {\n    \"name\": \"Nome\",\n    \"company_work\": \"Empresa Trabalha\",\n    \"description_pt\": \"Descrição PT\",\n\"description_en\": \"Descrição EN\",\n\"description_es\": \"Descrição ES\",\n\"email\":\"Email\",\n\"facebook\":\"Facebook\",\n\"twitter\":\"Twitter\",\n\"google_plus\":\"Google Plus\",\n\"linkedin\":\"Linked In\",\n\"thumb\":\"Miniatura\",\n\n    \"cover_photo\": \"Foto\"\n  },\n  \"remove_list\": [\n    \"id\",\"email\",\"facebook\",\"twitter\",\"google_plus\",\"linkedin\", \"description_pt\",\"description_en\",\"description_es\",\"thumb\"\n  ],\n  \"possible_actions\": [\n    \"c\",\n    \"r\",\n    \"u\",\n    \"d\"\n  ],\n  \"options\": {\n    \"foreign_keys\": {\n      \"teste_id\": {\n        \"table\": \"teste\",\n        \"field\": \"nome\",\n        \"label\": \"Teste mesmo\",\n        \"filter\": \"id\"\n      }\n    },\n    \"fields\": {\n      \"cover_photo\": {\n        \"plugin\": \"single_upload\",\n        \"size\": \"250x220\"\n      },\n\"thumb\": {\n        \"plugin\": \"single_upload\",\n        \"size\": \"250x220\"\n      }\n    }\n  }\n}', '99', 'fa-user', null, '1'), ('42', '9', 'Blog novo', '2', 'blabla', '{\n  \"primary_key\": \"id\",\n  \"labels\": {\n    \"name\": \"Nome\",\n    \"text\": \"Texto\",\n    \"link\": \"Link\",\n    \"teste_id\": \"ie\"\n  },\n  \"remove_list\": [\n    \"id\"\n  ],\n  \"possible_actions\": [\n    \"c\",\n    \"r\",\n    \"u\",\n    \"d\"\n  ],\n  \"options\": {\n    \"foreign_keys\": {\n      \"teste_id\": {\n        \"table\": \"teste\",\n        \"field\": \"nome\",\n        \"label\": \"Teste mesmo\",\n        \"filter\": \"id\"\n      }\n    },\n    \"fields\": {\n      \"image\": {\n        \"plugin\": \"single_upload\",\n        \"size\": \"250x220\"\n      }\n    }\n  }\n}', '99', 'fa-list-alt', null, '1'), ('43', '12', 'Frases', '0', 'quotes', '{\n  \"primary_key\": \"id\",\n  \"labels\": {\n    \"description_pt\": \"Frase PT\",\n    \"description_en\": \"Frase EN\",\n    \"description_es\": \"Frase ES\",\n\"writter\":\"Escritor\"\n  },\n  \"remove_list\": [\n    \"id\",\"description_en\",\"description_es\",\"writter\"\n  ],\n  \"possible_actions\": [\n    \"c\",\n    \"r\",\n    \"u\",\n    \"d\"\n  ],\n  \"options\": {\n    \"foreign_keys\": {\n      \"teste_id\": {\n        \"table\": \"teste\",\n        \"field\": \"nome\",\n        \"label\": \"Teste mesmo\",\n        \"filter\": \"id\"\n      }\n    },\n    \"fields\": {\n      \"image\": {\n        \"plugin\": \"single_upload\",\n        \"size\": \"250x220\"\n      }\n    }\n  }\n}', '99', 'fa-comment           ', null, '1'), ('44', '12', 'Blog', '2', 'Blog', '{\n  \"primary_key\": \"id\",\n  \"labels\": {\n    \"name\": \"Nome\",\n    \"text\": \"Texto\",\n    \"link\": \"Link\",\n    \"teste_id\": \"ie\"\n  },\n  \"remove_list\": [\n    \"id\"\n  ],\n  \"possible_actions\": [\n    \"c\",\n    \"r\",\n    \"u\",\n    \"d\"\n  ],\n  \"options\": {\n    \"foreign_keys\": {\n      \"teste_id\": {\n        \"table\": \"teste\",\n        \"field\": \"nome\",\n        \"label\": \"Teste mesmo\",\n        \"filter\": \"id\"\n      }\n    },\n    \"fields\": {\n      \"image\": {\n        \"plugin\": \"single_upload\",\n        \"size\": \"250x220\"\n      }\n    }\n  }\n}', '99', 'fa-camera-retro      ', null, '1'), ('45', '12', 'Tipos Patrocinio', '0', 'sponsorship_type', '{\n  \"primary_key\": \"id\",\n  \"labels\": {\n    \"title_pt\": \"Descritivo PT\",\n    \"title_en\": \"Descritivo EN\",\n    \"title_es\": \"Descritivo ES\"\n  },\n  \"remove_list\": [\n    \"id\"\n  ],\n  \"possible_actions\": [\n    \"c\",\n    \"r\",\n    \"u\",\n    \"d\"\n  ],\n  \"options\": {\n    \"foreign_keys\": {\n      \"teste_id\": {\n        \"table\": \"teste\",\n        \"field\": \"nome\",\n        \"label\": \"Teste mesmo\",\n        \"filter\": \"id\"\n      }\n    },\n    \"fields\": {\n      \"image\": {\n        \"plugin\": \"single_upload\",\n        \"size\": \"250x220\"\n      }\n    }\n  }\n}', '99', 'fa-leaf              ', '17', '0'), ('46', '12', 'Patrocinadores', '0', 'sponsorship', '{\n  \"primary_key\": \"id\",\n  \"labels\": {\n    \"name\": \"Nome\",\n    \"logo\": \"logo\",\n    \"link\": \"Link\",\n\"sponsorship_type_id\":\"Tipo de patrocínio\"\n  },\n  \"remove_list\": [\n    \"id\"\n  ],\n  \"possible_actions\": [\n    \"c\",\n    \"r\",\n    \"u\",\n    \"d\"\n  ],\n  \"options\": {\n    \"foreign_keys\": {\n      \"sponsorship_type_id\": {\n        \"table\": \"sponsorship_type\",\n        \"field\": \"title_pt\",\n        \"label\": \"Teste mesmo\",\n        \"filter\": \"id\"\n      }\n    },\n    \"fields\": {\n      \"logo\": {\n        \"plugin\": \"single_upload\",\n        \"size\": \"250x220\"\n      }\n    }\n  }\n}', '99', 'fa-desktop', '17', '0'), ('47', '12', 'Banners', '0', 'home_banners', '{\n  \"primary_key\": \"id\",\n  \"labels\": {\n    \"text_en\": \"Titulo EN\",\n    \"text_pt\": \"Titulo PT\",\n    \"text_es\": \"Titulo EN\",\n    \"photo\": \"Banner\"\n  },\n  \"remove_list\": [\n    \"id\"\n  ],\n  \"possible_actions\": [\n    \"c\",\n    \"r\",\n    \"u\",\n    \"d\"\n  ],\n  \"options\": {\n    \"foreign_keys\": {\n      \"teste_id\": {\n        \"table\": \"teste\",\n        \"field\": \"nome\",\n        \"label\": \"Teste mesmo\",\n        \"filter\": \"id\"\n      }\n    },\n    \"fields\": {\n      \"photo\": {\n        \"plugin\": \"single_upload\",\n        \"size\": \"250x220\"\n      }\n    }\n  }\n}', '99', 'fa-money             ', null, '1'), ('48', '12', 'Menu', '0', 'menu', '{\"labels\":{\"title_es\":\"Menu ES\",\"title_pt\":\"Menu PT\",\"title_en\":\"Menu EN\",\"link\":\"Link\"},\"primary_key\":\"id\",\"possible_actions\":[\"c\",\"r\",\"u\"],\"remove_list\":[\"id\"]}', '99', 'fa-book              ', '18', '1'), ('49', '12', 'Titulos WEBSITE', '0', 'website_titles', '{\n  \"possible_actions\": [\n    \"c\",\n    \"r\",\n    \"u\"\n  ],\n  \"labels\": {\n    \"title_pt\": \"Titulo PT\",\n    \"title_en\": \"Titulo EN\",\n    \"title_es\": \"Titulo ES\"\n  },\n  \"primary_key\": \"id\"\n}', '99', 'fa-book              ', '18', '1'), ('50', '12', 'Dados de Contato', '0', 'contact_data', '{\n  \"primary_key\": \"id\",\n  \"labels\": {\n    \"facebook_link\": \"Link Facebook\",\n    \"twitter_link\": \"Link Twitter\",\n    \"phone_ES\": \"Telefone ESP\",\n    \"email_display\": \"Email visivel\",\n    \"email_receive_contact\": \"Email Contato\",\n    \"smtp_user\": \"Email SMTP\",\n    \"smtp_pass\": \"Senha SMTP\",\n\"smtp_port\": \"Porta SMTP\"\n  },\n  \"remove_list\": [\n    \"id\"\n  ],\n  \"possible_actions\": [\n\n    \"r\",\n    \"u\"\n  ],\n  \"options\": {\n    \"foreign_keys\": {\n      \"teste_id\": {\n        \"table\": \"teste\",\n        \"field\": \"nome\",\n        \"label\": \"Teste mesmo\",\n        \"filter\": \"id\"\n      }\n    },\n    \"fields\": {\n      \"image\": {\n        \"plugin\": \"single_upload\",\n        \"size\": \"250x220\"\n      }\n    }\n  }\n}', '99', 'fa-inbox             ', null, '1'), ('51', '12', 'Textos', '0', 'translate_text', '{\n  \"primary_key\": \"id\",\n  \"labels\": {\n    \"text_pt\": \"Texto PT\",\n    \"text_en\": \"Texto EN\",\n    \"text_es\": \"Texto ES\",\n    \"teste_id\": \"ie\"\n  },\n  \"remove_list\": [\n    \"id\"\n  ],\n  \"possible_actions\": [\n    \"c\",\n    \"r\",\n    \"u\"\n  ],\n  \"options\": {\n    \"foreign_keys\": {\n      \"teste_id\": {\n        \"table\": \"teste\",\n        \"field\": \"nome\",\n        \"label\": \"Teste mesmo\",\n        \"filter\": \"id\"\n      }\n    },\n    \"fields\": {\n      \"image\": {\n        \"plugin\": \"single_upload\",\n        \"size\": \"250x220\"\n      }\n    }\n  }\n}', '99', 'fa-bar-chart-o', '18', '1'), ('52', '12', 'O Projeto', '0', 'tracos', '{\n  \"primary_key\": \"id\",\n  \"labels\": {\n    \"title_pt\": \"Titulo PT\",\n    \"title_en\": \"Titulo EN\",\n    \"title_es\": \"Titulo ES\",\n    \"photo\": \"Imagem\",\n    \"tags\": \"Tags\",\n    \"description_pt\": \"Descrição PT\",\n    \"description_en\": \"Descrição EN\",\n    \"description_es\": \"Descrição ES\",\n\"id_tracos_grid_size\":\"Disposição\",\n\"ordenation\":\"Ordem\",\n\"cover\":\"Capa Internas\",\n\"is_idealizadores\":\"É idealizador (1 para sim)\",\n\"custom_link\":\"Link customizado\"\n  },\n  \"remove_list\": [\n \"id\",\"tags\",\"title_en\",\"title_es\",\"description_pt\",\"description_en\",\"description_es\",\"is_idealizadores\",\"custom_link\"\n  ],\n  \"possible_actions\": [\n    \"c\",\n    \"r\",\n    \"u\",\n    \"d\"\n  ],\n  \"options\": {\n    \"foreign_keys\": {\n      \"id_tracos_grid_size\": {\n        \"table\": \"tracos_grid_size\",\n        \"field\": \"name\",\n        \"label\": \"Teste mesmo\",\n        \"filter\": \"id\"\n      }\n    },\n\n              \"is_idealizadores\":{\n                \"plugin\":\"active_box\"\n              },\n    \"fields\": {\n      \"photo\": {\n        \"plugin\": \"single_upload\",\n        \"size\": \"250x220\"\n      },\"cover\": {\n        \"plugin\": \"single_upload\",\n        \"size\": \"250x220\"\n      }\n    }\n  }\n}', '99', 'fa-magic             ', '19', '1'), ('53', '8', 'Caracteristicas', '0', 'caracteristics', '{\n  \"primary_key\": \"id\",\n  \"labels\": {\n    \"title\": \"Caracteristica\",\n    \"id_services\": \"Serviço\",\n    \"link\": \"Link\",\n    \"teste_id\": \"ie\"\n  },\n  \"remove_list\": [\n    \"id\"\n  ],\n  \"possible_actions\": [\n    \"c\",\n    \"r\",\n    \"u\",\n    \"d\"\n  ],\n  \"options\": {\n    \"foreign_keys\": {\n      \"id_services\": {\n        \"table\": \"services\",\n        \"field\": \"title\",\n        \"label\": \"Teste mesmo\",\n        \"filter\": \"id\"\n      }\n    },\n    \"fields\": {\n      \"photo\": {\n        \"plugin\": \"single_upload\",\n        \"size\": \"250x220\"\n      }\n    }\n  }\n}', '99', 'fa-list-alt', '3', '1'), ('54', '5', 'Texto Parallax', '0', 'text_parallax', '{\n  \"primary_key\": \"id\",\n  \"labels\": {\n    \"title\": \"Texto\",\n    \"text\": \"Texto\",\n    \"link\": \"Link\",\n    \"teste_id\": \"ie\"\n  },\n  \"remove_list\": [\n    \"id\"\n  ],\n  \"possible_actions\": [\n \n    \"r\",\n    \"u\"\n    \n  ],\n  \"options\": {\n    \"foreign_keys\": {\n      \"teste_id\": {\n        \"table\": \"teste\",\n        \"field\": \"nome\",\n        \"label\": \"Teste mesmo\",\n        \"filter\": \"id\"\n      }\n    },\n    \"fields\": {\n      \"image\": {\n        \"plugin\": \"single_upload\",\n        \"size\": \"250x220\"\n      }\n    }\n  }\n}', '99', 'fa-barcode           ', '11', '1'), ('55', '5', '', '0', '', '{\n  \"primary_key\": \"id\",\n  \"labels\": {\n    \"name\": \"Nome\",\n    \"text\": \"Texto\",\n    \"link\": \"Link\",\n    \"teste_id\": \"ie\"\n  },\n  \"remove_list\": [\n    \"id\"\n  ],\n  \"possible_actions\": [\n    \n    \"r\",\n    \"u\"\n   \n  ],\n  \"options\": {\n    \"foreign_keys\": {\n      \"teste_id\": {\n        \"table\": \"teste\",\n        \"field\": \"nome\",\n        \"label\": \"Teste mesmo\",\n        \"filter\": \"id\"\n      }\n    },\n    \"fields\": {\n      \"image\": {\n        \"plugin\": \"single_upload\",\n        \"size\": \"250x220\"\n      }\n    }\n  }\n}', '99', 'fa-bar-chart-o', '12', '1'), ('56', '8', 'Configurar', '0', 'configure', '{\n  \"primary_key\": \"id\",\n  \"labels\": {\n    \"facebook\": \"Facebook\",\n    \"email_contact\": \"Email de Contato\",\n    \"telefone\": \"Telefone\",\n    \"contact_text\": \"Texto de contato\"\n  },\n  \"remove_list\": [\n    \"id\"\n  ],\n  \"possible_actions\": [\n   \n    \"r\",\n    \"u\"\n    \n  ],\n  \"options\": {\n    \"foreign_keys\": {\n      \"teste_id\": {\n        \"table\": \"teste\",\n        \"field\": \"nome\",\n        \"label\": \"Teste mesmo\",\n        \"filter\": \"id\"\n      }\n    },\n    \"fields\": {\n      \"image\": {\n        \"plugin\": \"single_upload\",\n        \"size\": \"250x220\"\n      }\n    }\n  }\n}', '99', 'fa-cog', null, '1'), ('57', '12', 'Apoio e patrocinio', '0', 'support', '{\n  \"primary_key\": \"id\",\n  \"labels\": {\n    \"promotionalImage\": \"Imagem\",\n\"tipos_patrocinios_id\":\"Tipo de Patrocinios\",\n    \"description_pt\": \"Texto PT\",\n    \"title_pt\": \"Titulo PT\",\n    \"website\": \"Site\",\n\"title_en\":\"Titulo EN\",\n\"description_en\":\"Texto EN\",\n\"task_pt\":\"Trabalhou com (PT)\",\n\"task_en\":\"Trabalhou com (EN)\",\n\"ordenation\":\"Ordem\",\n\"companyName\":\"Nome Empresa\"\n  },\n  \"remove_list\": [\n    \"id\",\"description_pt\",\"website\",\"title_en\",\"description_en\",\"task_pt\",\"task_en\"\n  ],\n  \"possible_actions\": [\n    \"c\",\n    \"r\",\n    \"u\",\n    \"d\"\n  ],\n  \"options\": {\n    \"foreign_keys\": {\n      \"tipos_patrocinios_id\": {\n        \"table\": \"tipos_patrocinios\",\n        \"field\": \"identificador\",\n        \"label\": \"Patrocinios\",\n        \"filter\": \"id\"\n      }\n    },\n    \"fields\": {\n      \"promotionalImage\": {\n        \"plugin\": \"single_upload\",\n        \"size\": \"250x220\"\n      }\n    }\n  }\n}', '99', 'fa-star              ', '21', '1'), ('58', '12', 'Teste', '0', 'test', '{\n  \"primary_key\": \"id\",\n  \"labels\": {\n    \"name\": \"Nome\",\n    \"text\": \"Texto\",\n    \"link\": \"Link\",\n    \"teste_id\": \"ie\"\n  },\n  \"remove_list\": [\n    \"id\"\n  ],\n  \"possible_actions\": [\n    \"c\",\n    \"r\",\n    \"u\",\n    \"d\"\n  ],\n  \"options\": {\n    \"foreign_keys\": {\n      \"teste_id\": {\n        \"table\": \"teste\",\n        \"field\": \"nome\",\n        \"label\": \"Teste mesmo\",\n        \"filter\": \"id\"\n      }\n    },\n    \"fields\": {\n      \"imagem1\": {\n        \"plugin\": \"single_upload\",\n        \"size\": \"250x220\"\n      },\n\"imagem2\": {\n        \"plugin\": \"single_upload\",\n        \"size\": \"250x220\"\n      }\n    }\n  }\n}', '99', 'fa-folder-open', null, '0'), ('59', '12', 'Idealizadores', '0', 'idealizadores', '{\n  \"primary_key\": \"id\",\n  \"labels\": {\n    \"title\": \"Titulo\",\n    \"description\": \"Texto\",\n    \"image\": \"Imagem\"\n  },\n  \"remove_list\": [\n    \"id\",\"description\"\n  ],\n  \"possible_actions\": [\n    \"c\",\n    \"r\",\n    \"u\",\n    \"d\"\n  ],\n  \"options\": {\n    \"foreign_keys\": {\n      \"teste_id\": {\n        \"table\": \"teste\",\n        \"field\": \"nome\",\n        \"label\": \"Teste mesmo\",\n        \"filter\": \"id\"\n      }\n    },\n    \"fields\": {\n      \"image\": {\n        \"plugin\": \"single_upload\",\n        \"size\": \"250x220\"\n      }\n    }\n  }\n}', '99', 'fa-bar-chart-o', '19', '1'), ('60', '12', 'Equipe Técnica', '0', 'equipe', '{\n  \"primary_key\": \"id\",\n  \"labels\": {\n    \"title_pt\": \"Nome Empresa PT\",\n    \"title_en\": \"Nome Empresa EN\",\n    \"description_pt\": \"Descrição PT\",\n    \"description_en\": \"Descrição EN\",\n\"image\":\"Foto\"\n  },\n  \"remove_list\": [\n    \"id\",\"title_en\",\"description_en\",\"description_pt\"\n  ],\n  \"possible_actions\": [\n    \"c\",\n    \"r\",\n    \"u\",\n    \"d\"\n  ],\n  \"options\": {\n    \"foreign_keys\": {\n      \"teste_id\": {\n        \"table\": \"teste\",\n        \"field\": \"nome\",\n        \"label\": \"Teste mesmo\",\n        \"filter\": \"id\"\n      }\n    },\n    \"fields\": {\n      \"image\": {\n        \"plugin\": \"single_upload\",\n        \"size\": \"250x220\"\n      }\n    }\n  }\n}', '99', 'fa-ambulance         ', null, '1'), ('61', '1', 'Banner', '0', 'banner', '{\n  \"primary_key\": \"id\",\n  \"labels\": {\n    \"title\": \"Titulo maroto\",\n    \"text\": \"Texto\",\n    \"link\": \"Link\",\n    \"teste_id\": \"ie\"\n  },\n  \"remove_list\": [\n    \"id\"\n  ],\n  \"possible_actions\": [\n    \"c\",\n    \"r\",\n    \"u\",\n    \"d\"\n  ],\n  \"options\": {\n    \"foreign_keys\": {\n      \"teste_id\": {\n        \"table\": \"teste\",\n        \"field\": \"nome\",\n        \"label\": \"Teste mesmo\",\n        \"filter\": \"id\"\n      }\n    },\n    \"fields\": {\n      \"icon\": {\n        \"plugin\": \"single_upload\",\n        \"size\": \"250x220\"\n      }\n    }\n  }\n}', '99', 'fa-hdd               ', null, '1'), ('62', '1', 'Blog', '2', '', '{\n  \"primary_key\": \"id\",\n  \"labels\": {\n    \"name\": \"Nome\",\n    \"text\": \"Texto\",\n    \"link\": \"Link\",\n    \"teste_id\": \"ie\"\n  },\n  \"remove_list\": [\n    \"id\"\n  ],\n  \"possible_actions\": [\n    \"c\",\n    \"r\",\n    \"u\",\n    \"d\"\n  ],\n  \"options\": {\n    \"foreign_keys\": {\n      \"teste_id\": {\n        \"table\": \"teste\",\n        \"field\": \"nome\",\n        \"label\": \"Teste mesmo\",\n        \"filter\": \"id\"\n      }\n    },\n    \"fields\": {\n      \"image\": {\n        \"plugin\": \"single_upload\",\n        \"size\": \"250x220\"\n      }\n    }\n  }\n}', '99', 'fa-bar-chart-o', null, '1'), ('63', '12', 'Incentivador', '0', 'incentive', '{\n  \"primary_key\": \"id\",\n  \"labels\": {\n\"name\":\"Nome\",\n\"logo\":\"Logo\",\n\"position\":\"Posição\"\n  },\n  \"remove_list\": [\n    \"id\"\n  ],\n  \"possible_actions\": [\n    \"c\",\n    \"r\",\n    \"u\",\n    \"d\"\n  ],\n  \"options\": {\n    \"foreign_keys\": {\n      \"teste_id\": {\n        \"table\": \"teste\",\n        \"field\": \"nome\",\n        \"label\": \"Teste mesmo\",\n        \"filter\": \"id\"\n      }\n    },\n    \"fields\": {\n      \"logo\": {\n        \"plugin\": \"single_upload\",\n        \"size\": \"250x220\"\n      }\n    }\n  }\n}', '99', 'fa-star              ', '21', '1'), ('64', '12', 'Tipos', '0', 'tipos_patrocinios', '{\n  \"primary_key\": \"id\",\n  \"labels\": {\n    \"id\":\"\",\n\"identificador\":\"Identificador\",\n\"Imagem\":\"Imagem\",\n\"titulo_pt\":\"Título PT\",\n\"titulo_en\":\"Título_en\",\n\"descricao_pt\":\"Descrição PT\",\n\"descricao_en\":\"Descrição EN\"\n  },\n  \"remove_list\": [\n    \"id\"\n  ],\n  \"possible_actions\": [\n    \"c\",\n    \"r\",\n    \"u\",\n    \"d\"\n  ],\n  \"options\": {\n    \"foreign_keys\": {\n      \"teste_id\": {\n        \"table\": \"teste\",\n        \"field\": \"nome\",\n        \"label\": \"Teste mesmo\",\n        \"filter\": \"id\"\n      }\n    },\n    \"fields\": {\n      \"Imagem\": {\n        \"plugin\": \"single_upload\",\n        \"size\": \"250x220\"\n      }\n    }\n  }\n}', '99', 'fa-star              ', '21', '1'), ('65', '12', '', '0', '', '{\n  \"primary_key\": \"id\",\n  \"labels\": {\n    \"name\": \"Nome\",\n    \"text\": \"Texto\",\n    \"link\": \"Link\",\n    \"teste_id\": \"ie\"\n  },\n  \"remove_list\": [\n    \"id\"\n  ],\n  \"possible_actions\": [\n    \"c\",\n    \"r\",\n    \"u\",\n    \"d\"\n  ],\n  \"options\": {\n    \"foreign_keys\": {\n      \"teste_id\": {\n        \"table\": \"teste\",\n        \"field\": \"nome\",\n        \"label\": \"Teste mesmo\",\n        \"filter\": \"id\"\n      }\n    },\n    \"fields\": {\n      \"image\": {\n        \"plugin\": \"single_upload\",\n        \"size\": \"250x220\"\n      }\n    }\n  }\n}', '99', 'fa-star              ', null, '0'), ('66', '13', 'Menu', '0', 'menu', '{\n  \"primary_key\": \"id\",\n  \"labels\": {\n    \"id\":\"\",\n\"title\":\"Título\",\n\"link\":\"Link\"\n  },\n  \"remove_list\": [\n    \"id\"\n  ],\n  \"possible_actions\": [\n    \"r\",\n    \"u\"\n  ],\n  \"options\": {\n    \"foreign_keys\": {\n      \"teste_id\": {\n        \"table\": \"teste\",\n        \"field\": \"nome\",\n        \"label\": \"Teste mesmo\",\n        \"filter\": \"id\"\n      }\n    },\n    \"fields\": {\n      \"image\": {\n        \"plugin\": \"single_upload\",\n        \"size\": \"250x220\"\n      }\n    }\n  }\n}', '99', 'fa-list              ', '22', '1'), ('67', '13', 'Banners', '0', 'banner', '{\n  \"primary_key\": \"id\",\n  \"labels\": {\n    \"id\":\"\",\n\"title\":\"Título (opcional)\",\n\"description\":\"Descrição (opcional)\",\n\"image\":\"Imagem\",\n\"menu_id\":\"Vincular Menu (opcional)\"\n  },\n  \"remove_list\": [\n    \"id\"\n  ],\n  \"possible_actions\": [\n    \"c\",\n    \"r\",\n    \"u\",\n    \"d\"\n  ],\n  \"options\": {\n    \"foreign_keys\": {\n      \"menu_id\": {\n        \"table\": \"menu\",\n        \"field\": \"title\",\n        \"label\": \"Teste mesmo\",\n        \"filter\": \"id\"\n      }\n    },\n    \"fields\": {\n      \"image\": {\n        \"plugin\": \"single_upload\",\n        \"size\": \"250x220\"\n      }\n    }\n  }\n}', '99', 'fa-print             ', null, '1'), ('68', '13', 'Sobre', '0', 'about', '{\n  \"primary_key\": \"id\",\n  \"labels\": {\n    \"id\":\"\",\n\"title\":\"Título\",\n\"description\":\"Descrição\",\n\"image\":\"Imagem Destaque\",\n\"background\":\"Background\"\n  },\n  \"remove_list\": [\n    \"id\",\"description\",\"imagem\",\"background\"\n  ],\n  \"possible_actions\": [\n    \"r\",\n    \"u\"\n  ],\n  \"options\": {\n    \"foreign_keys\": {\n      \"teste_id\": {\n        \"table\": \"teste\",\n        \"field\": \"nome\",\n        \"label\": \"Teste mesmo\",\n        \"filter\": \"id\"\n      }\n    },\n    \"fields\": {\n      \"image\": {\n        \"plugin\": \"single_upload\",\n        \"size\": \"250x220\"\n      },\n\"background\": {\n        \"plugin\": \"single_upload\",\n        \"size\": \"250x220\"\n      }\n    }\n  }\n}', '99', 'fa-heart             ', null, '1'), ('69', '13', 'Imagens', '0', 'portfolio_image', '{\n  \"primary_key\": \"id\",\n  \"labels\": {\n    \"id\":\"\",\n\"title\":\"Título\",\n\"description\":\"Descrição\",\n\"image\":\"Imagem (1024x768)\"\n  },\n  \"remove_list\": [\n    \"id\",\"portfolio_id\"\n  ],\n\"blacklist\":[\n\"portfolio_id\"\n],\n  \"possible_actions\": [\n    \"c\",\n    \"u\",\n    \"d\"\n  ],\n  \"options\": {\n    \"foreign_keys\": {\n      \"teste_id\": {\n        \"table\": \"teste\",\n        \"field\": \"nome\",\n        \"label\": \"Teste mesmo\",\n        \"filter\": \"id\"\n      }\n    },\n    \"fields\": {\n      \"image\": {\n        \"plugin\": \"single_upload\",\n        \"size\": \"250x220\"\n      }\n    }\n  }\n}', '99', 'fa-bar-chart-o', null, '0'), ('70', '13', 'Categorias', '0', 'portfolio_categoria', '{\n  \"primary_key\": \"id\",\n  \"labels\": {\n    \"id\":\"\",\n\"title\":\"Título\"\n  },\n  \"remove_list\": [\n    \"id\"\n  ],\n  \"possible_actions\": [\n    \"c\",\n    \"r\",\n    \"u\",\n    \"d\"\n  ],\n  \"options\": {\n    \"foreign_keys\": {\n      \"teste_id\": {\n        \"table\": \"teste\",\n        \"field\": \"nome\",\n        \"label\": \"Teste mesmo\",\n        \"filter\": \"id\"\n      }\n    },\n    \"fields\": {\n      \"image\": {\n        \"plugin\": \"single_upload\",\n        \"size\": \"250x220\"\n      }\n    }\n  }\n}', '99', 'fa-star              ', '23', '1'), ('71', '13', '', '0', '', '{\n  \"primary_key\": \"id\",\n  \"labels\": {\n    \"name\": \"Nome\",\n    \"text\": \"Texto\",\n    \"link\": \"Link\",\n    \"teste_id\": \"ie\"\n  },\n  \"remove_list\": [\n    \"id\"\n  ],\n  \"possible_actions\": [\n    \"c\",\n    \"r\",\n    \"u\",\n    \"d\"\n  ],\n  \"options\": {\n    \"foreign_keys\": {\n      \"teste_id\": {\n        \"table\": \"teste\",\n        \"field\": \"nome\",\n        \"label\": \"Teste mesmo\",\n        \"filter\": \"id\"\n      }\n    },\n    \"fields\": {\n      \"image\": {\n        \"plugin\": \"single_upload\",\n        \"size\": \"250x220\"\n      }\n    }\n  }\n}', '99', 'fa-bar-chart-o', null, '0'), ('72', '13', 'Portfólio', '0', 'portfolio', '{\n  \"primary_key\": \"id\",\n  \"labels\": {\n    \"id\":\"\",\n\"title\":\"Título\",\n\"portfolio_categoria\":\"Categoria\",\n\"cover\":\"Capa\",\n\"description\":\"Descrição\"\n  },\n  \"remove_list\": [\n    \"id\"\n  ],\n  \"possible_actions\": [\n    \"c\",\n    \"r\",\n    \"u\",\n    \"d\"\n  ],\n  \"components\": {\n    \"out_of_form\": {\n      \"onetomany\": {\n        \"table\": \"portfolio_image\",\n    \"texto_header\":\"Imagens do portfólio\",\n        \"fieldKey\": \"portfolio_id\",\n        \"myfieldKey\": \"id\"\n      }\n    }\n  },\n  \"options\": {\n    \"foreign_keys\": {\n      \"portfolio_categoria\": {\n        \"table\": \"portfolio_categoria\",\n        \"field\": \"title\",\n        \"label\": \"Teste mesmo\",\n        \"filter\": \"id\"\n      }\n    },\n    \"fields\": {\n      \"cover\": {\n        \"plugin\": \"single_upload\",\n        \"size\": \"250x220\"\n      }\n    }\n  }\n}', '99', 'fa-bar-chart-o', '23', '1'), ('73', '13', 'Videos', '0', 'portfolio_video', '{\n  \"primary_key\": \"id\",\n  \"labels\": {\n    \"id\":\"\",\n\"title\":\"Título\",\n\"youtube_link\":\"Link Youtube\",\n\"cover\":\"Capa\",\n\"description\":\"Descrição\"\n  },\n  \"remove_list\": [\n    \"id\",\"description\"\n  ],\n  \"possible_actions\": [\n    \"c\",\n    \"r\",\n    \"u\",\n    \"d\"\n  ],\n  \"options\": {\n    \"foreign_keys\": {\n      \"teste_id\": {\n        \"table\": \"teste\",\n        \"field\": \"nome\",\n        \"label\": \"Teste mesmo\",\n        \"filter\": \"id\"\n      }\n    },\n    \"fields\": {\n      \"cover\": {\n        \"plugin\": \"single_upload\",\n        \"size\": \"250x220\"\n      }\n    }\n  }\n}', '99', 'fa-star              ', '23', '1'), ('74', '13', 'Dados do Site', '0', 'website_data', '{\n  \"primary_key\": \"id\",\n  \"labels\": {\n    \"id\":\"\",\n\"phone\":\"Numero Telefone\",\n\"adress\":\"Endereço\",\n\"contact_email\":\"Email contato\",\n\"facebook_link\":\"Link Facebook\",\n\"twitter_link\":\"Link Twitter\",\n\"linkedin_link\":\"Link Linked In\",\n\"youtube_link\":\"Link Youtube\",\n\"parallax_image\":\"Imagem Fundo (Hd)\",\n\"contact_parallax_image\":\"Imagem Fundo Dados Contato\",\n\"website_title\":\"Título do site\",\n\"logotipo\":\"Logotipo\"\n  },\n  \"remove_list\": [\n    \"id\",\"facebook_link\",\"twitter_link\",\"youtube_link\",\"parallax_image\",\"contact_parallax_image\"\n  ],\n  \"possible_actions\": [\n\n    \"r\",\n    \"u\"\n  ],\n  \n  \"options\": {\n    \"foreign_keys\": {\n      \"teste_id\": {\n        \"table\": \"teste\",\n        \"field\": \"nome\",\n        \"label\": \"Teste mesmo\",\n        \"filter\": \"id\"\n      }\n    },\n    \"fields\": {\n      \"parallax_image\": {\n        \"plugin\": \"single_upload\",\n        \"size\": \"250x220\"\n      },\n\"contact_parallax_image\":{\n        \"plugin\": \"single_upload\",\n        \"size\": \"250x220\"\n      },\n\"logotipo\":{\n        \"plugin\": \"single_upload\",\n        \"size\": \"250x220\"\n      }\n    }\n  }\n}', '99', 'fa-bar-chart-o', '22', '1'), ('75', '13', 'Textos do site', '0', 'website_text', '{\n  \"primary_key\": \"id\",\n  \"labels\": {\n    \"id\":\"\",\n\"page\":\"Página\",\n\"description\":\"Descrição\"\n  },\n  \"remove_list\": [\n    \"id\",\"description\"\n  ],\n  \"possible_actions\": [\n    \"r\",\n    \"u\"\n  ],\n  \"options\": {\n    \"foreign_keys\": {\n      \"teste_id\": {\n        \"table\": \"teste\",\n        \"field\": \"nome\",\n        \"label\": \"Teste mesmo\",\n        \"filter\": \"id\"\n      }\n    },\n    \"fields\": {\n      \"image\": {\n        \"plugin\": \"single_upload\",\n        \"size\": \"250x220\"\n      }\n    }\n  }\n}', '99', 'fa-bar-chart-o', '22', '1'), ('76', '13', 'Serviços', '0', 'services', '{\n  \"primary_key\": \"id\",\n  \"labels\": {\n    \"id\":\"\",\n\"title\":\"Título\",\n\"description\":\"Descrição\",\n\"image\":\"Imagem\",\n\"website_title\":\"Título do site\"\n  },\n  \"remove_list\": [\n    \"id\",\"description\"\n  ],\n  \"possible_actions\": [\n    \"c\",\n    \"r\",\n    \"u\",\n    \"d\"\n  ],\n  \"options\": {\n    \"foreign_keys\": {\n      \"teste_id\": {\n        \"table\": \"teste\",\n        \"field\": \"nome\",\n        \"label\": \"Teste mesmo\",\n        \"filter\": \"id\"\n      }\n    },\n    \"fields\": {\n      \"image\": {\n        \"plugin\": \"single_upload\",\n        \"size\": \"250x220\"\n      }\n    }\n  }\n}', '99', 'fa-bolt              ', null, '1'), ('77', '12', 'Obras', '0', 'obra_arte', '{\n  \"primary_key\": \"id\",\n  \"labels\": {\n    \"id\":\"\",\n\"titulo_pt\":\"Titulo PT\",\n\"titulo_en\":\"Titulo EN\",\n\"stylist_id\":\"Estilista\",\n\"descricao_pt\":\"Descrição PT\",\n\"descricao_en\":\"Descrição EN\",\n\"estrelas\":\"Estrelas\",\n\"arte\":\"Imagem Obra\"\n  },\n  \"remove_list\": [\n    \"id\",\"descricao_pt\",\"descricao_en\",\"titulo_en\",\"arte\"\n  ],\n  \"possible_actions\": [\n    \"c\",\n    \"r\",\n    \"u\",\n    \"d\"\n  ],\n  \n  \"options\": {\n    \"foreign_keys\": {\n      \"stylist_id\": {\n        \"table\": \"stylist\",\n        \"field\": \"name\",\n        \"label\": \"Teste mesmo\",\n        \"filter\": \"id\"\n      }\n    },\n    \"fields\": {\n      \"arte\": {\n        \"plugin\": \"single_upload\",\n        \"size\": \"250x220\"\n      }\n    }\n  }\n}', '99', 'fa-github            ', '24', '1'), ('78', '12', 'Interessados', '0', 'obra_arte_interesse', '{\n  \"primary_key\": \"id\",\n  \"labels\": {\n    \"id\":\"\",\n\"obra_arte_id\":\"Obra de arte\",\n\"nome\":\"Nome\",\n\"email\":\"Email\",\n\"celular\":\"Celular\",\n\"telefone_fixo\":\"Telefone Fixo\"\n  },\n  \"remove_list\": [\n    \"id\"\n  ],\n  \"possible_actions\": [\n    \"c\",\n    \"r\",\n    \"u\",\n    \"d\"\n  ],\n  \"options\": {\n    \"foreign_keys\": {\n      \"obra_arte_id\": {\n        \"table\": \"obra_arte\",\n        \"field\": \"titulo_pt\",\n        \"label\": \"Teste mesmo\",\n        \"filter\": \"id\"\n      }\n    },\n    \"fields\": {\n      \"image\": {\n        \"plugin\": \"single_upload\",\n        \"size\": \"250x220\"\n      }\n    }\n  }\n}', '99', 'fa-bar-chart-o', '24', '1'), ('79', '12', 'Textos', '0', 'texto_obras', '{\n  \"primary_key\": \"id\",\n  \"labels\": {\n    \"id\":\"\",\n\"title_pt\":\"Título PT\",\n\"title_en\":\"Título EN\",\n\"description_pt\":\"Descrição PT\",\n\"description_en\":\"Descrição EN\"\n  },\n  \"remove_list\": [\n    \"id\",\"title_en\",\"description_pt\",\"description_en\"\n  ],\n  \"possible_actions\": [\n \n    \"r\",\n    \"u\"\n  ],\n  \"options\": {\n    \"foreign_keys\": {\n      \"teste_id\": {\n        \"table\": \"teste\",\n        \"field\": \"nome\",\n        \"label\": \"Teste mesmo\",\n        \"filter\": \"id\"\n      }\n    },\n    \"fields\": {\n      \"image\": {\n        \"plugin\": \"single_upload\",\n        \"size\": \"250x220\"\n      }\n    }\n  }\n}', '99', 'fa-bar-chart-o', '24', '1'), ('80', '14', 'Banners', '0', 'banner', '{\n  \"primary_key\": \"id\",\n  \"labels\": {\n    \"id\":\"\",\n\"title\":\"Titulo\",\n\"link\":\"Link\",\n\"image_position\":\"Ordem(ex:1,2,3)\",\n\"image\":\"Imagem\"\n  },\n  \"remove_list\": [\n    \"id\",\"link\"\n  ],\n  \"possible_actions\": [\n    \"c\",\n    \"r\",\n    \"u\",\n    \"d\"\n  ],\n  \"options\": {\n    \"foreign_keys\": {\n      \"teste_id\": {\n        \"table\": \"teste\",\n        \"field\": \"nome\",\n        \"label\": \"Teste mesmo\",\n        \"filter\": \"id\"\n      }\n    },\n    \"fields\": {\n      \"image\": {\n        \"plugin\": \"single_upload\",\n        \"size\": \"250x220\"\n      }\n    }\n  }\n}', '99', 'fa-leaf              ', null, '1'), ('81', '14', 'Pacotes', '0', 'package', '{\n    \"primary_key\": \"id\",\n    \"labels\": {\n        \"id\": \"\",\n        \"title\": \"Título\",\n        \"subtitle\": \"Título Descrição\",\n        \"channels\": \"Canais\",\n        \"price\": \"Preço\",\n        \"description\": \"Descrição\",\n        \"color\": \"Cor em hexa (ex. #fff000)\",\n\"color_border\": \"Cor da borda em hexa (ex. #fff000)\",\n\"color_arrow\": \"Cor da seta em hexa (ex. #fff000)\",\n\"package_category_id\":\"Categoria\",\n\"position\":\"Posição\"\n    },\n    \"remove_list\": [\n        \"id\",\n        \"subtitle\",\n        \"description\",\"channels\", \"price\",  \"color\",\"color_border\",\"color_arrow\"\n    ],\n    \"possible_actions\": [\n        \"c\",\n        \"r\",\n        \"u\",\n        \"d\"\n    ],\n    \"components\": {\n        \"out_of_form\": {\n            \"onetomany\": {\n                \"table\": \"package_detail\",\n                \"texto_header\": \"Destaques do pacote\",\n                \"fieldKey\": \"package_id\",\n                \"myfieldKey\": \"id\"\n            },\n            \"multiselectbox\": {\n                \"text_header\": \"Selecione os canais vinculados\",\n                \"table\": \"channel\",\n                \"field_display\": \"title\",\n                \"record_on\": {\n                    \"table\": \"package_channel\",\n                    \"my_field\": \"package_id\",\n                    \"foreign_element\": \"channel_id\"\n                }\n            }\n        }\n    },\n    \"options\": {\n        \"foreign_keys\": {\n            \"package_category_id\": {\n                \"table\": \"package_category\",\n                \"field\": \"title\",\n                \"label\": \"Teste mesmo\",\n                \"filter\": \"id\"\n            }\n        },\n        \"fields\": {\n            \"image\": {\n                \"plugin\": \"single_upload\",\n                \"size\": \"250x220\"\n            }\n        }\n    }\n}', '99', 'fa-bookmark          ', '26', '1'), ('82', '14', 'Detalhes do Pacote', '0', 'package_detail', '{\n  \"primary_key\": \"id\",\n  \"labels\": {\n    \"id\":\"\",\n\"title\":\"Título\",\n\"subtitle\":\"Subtitulo\",\n\"boxed\":\"\",\n\"package_id\":\"\"\n  },\n  \"remove_list\": [\n    \"id\",\"package_id\"\n  ],\n\"blacklist\":[\n\"package_id\"\n],\n  \"possible_actions\": [\n    \"c\",\n    \"r\",\n    \"u\",\n    \"d\"\n  ],\n  \"options\": {\n    \"foreign_keys\": {\n      \"teste_id\": {\n        \"table\": \"teste\",\n        \"field\": \"nome\",\n        \"label\": \"Teste mesmo\",\n        \"filter\": \"id\"\n      }\n    },\n    \"fields\": {\n      \"image\": {\n        \"plugin\": \"single_upload\",\n        \"size\": \"250x220\"\n      }\n    }\n  }\n}', '99', 'fa-bar-chart-o', null, '0'), ('83', '14', 'Video', '0', 'about_video', '{\n  \"primary_key\": \"id\",\n  \"labels\": {\n    \"id\":\"\",\n\"title\":\"Título\",\n\"subtitle\":\"Subtitulo\",\n\"video\":\"Link Youtube\"\n  },\n  \"remove_list\": [\n    \"id\"\n  ],\n  \"possible_actions\": [\n   \n    \"r\",\n    \"u\"\n    \n  ],\n  \"options\": {\n    \"foreign_keys\": {\n      \"teste_id\": {\n        \"table\": \"teste\",\n        \"field\": \"nome\",\n        \"label\": \"Teste mesmo\",\n        \"filter\": \"id\"\n      }\n    },\n    \"fields\": {\n      \"image\": {\n        \"plugin\": \"single_upload\",\n        \"size\": \"250x220\"\n      }\n    }\n  }\n}', '99', 'fa-comment           ', '25', '1'), ('84', '14', 'Sobre', '0', 'about', '{\n  \"primary_key\": \"id\",\n  \"labels\": {\n    \"id\":\"\",\n\"title\":\"Título\",\n\"description\":\"Texto\",\n\"mission\":\"Missão\",\n\"vision\":\"Visão\",\n\"values\":\"Valores\"\n  },\n  \"remove_list\": [\n    \"id\",\"description\",\"mission\",\"vision\",\"values\"\n  ],\n  \"possible_actions\": [\n \n    \"r\",\n    \"u\"\n  \n  ],\n  \n  \"options\": {\n    \"foreign_keys\": {\n      \"teste_id\": {\n        \"table\": \"teste\",\n        \"field\": \"nome\",\n        \"label\": \"Teste mesmo\",\n        \"filter\": \"id\"\n      }\n    },\n    \"fields\": {\n      \"image\": {\n        \"plugin\": \"single_upload\",\n        \"size\": \"250x220\"\n      }\n    }\n  }\n}', '99', 'fa-comment           ', '25', '1'), ('85', '14', 'Imagens', '0', 'about_images', '{\n  \"primary_key\": \"id\",\n  \"labels\": {\n    \"id\":\"\",\n\"title\":\"Titulo\",\n\"image\":\"Imagem\"\n  },\n  \"remove_list\": [\n    \"id\"\n  ],\n  \"possible_actions\": [\n    \"c\",\n    \"r\",\n    \"u\",\n    \"d\"\n  ],\n \n  \"options\": {\n    \"foreign_keys\": {\n      \"teste_id\": {\n        \"table\": \"teste\",\n        \"field\": \"nome\",\n        \"label\": \"Teste mesmo\",\n        \"filter\": \"id\"\n      }\n    },\n    \"fields\": {\n      \"image\": {\n        \"plugin\": \"single_upload\",\n        \"size\": \"250x220\"\n      }\n    }\n  }\n}', '99', 'fa-comment           ', '25', '1'), ('86', '14', 'Caracteristicas', '0', 'about_features', '{\n  \"primary_key\": \"id\",\n  \"labels\": {\n    \"id\":\"\",\n\"title\":\"Titulo\",\n\"element_order\":\"Ordenação\",\n\"icon\":\"Icone\"\n  },\n  \"remove_list\": [\n    \"id\"\n  ],\n  \"possible_actions\": [\n    \"c\",\n    \"r\",\n    \"u\",\n    \"d\"\n  ],\n  \n  \"options\": {\n    \"foreign_keys\": {\n      \"teste_id\": {\n        \"table\": \"teste\",\n        \"field\": \"nome\",\n        \"label\": \"Teste mesmo\",\n        \"filter\": \"id\"\n      }\n    },\n    \"fields\": {\n      \"icon\": {\n        \"plugin\": \"single_upload\",\n        \"size\": \"250x220\"\n      }\n    }\n  }\n}', '99', 'fa-comment           ', '25', '1'), ('87', '14', 'Categoria - Canais', '0', 'channel_category', '{\n  \"primary_key\": \"id\",\n  \"labels\": {\n    \"id\":\"\",\n\"title\":\"Nome\",\n\"icon\":\"Icone\"\n  },\n  \"remove_list\": [\n    \"id\"\n  ],\n  \"possible_actions\": [\n    \"c\",\n    \"r\",\n    \"u\",\n    \"d\"\n  ],\n\n  \"options\": {\n    \"foreign_keys\": {\n      \"teste_id\": {\n        \"table\": \"teste\",\n        \"field\": \"nome\",\n        \"label\": \"Teste mesmo\",\n        \"filter\": \"id\"\n      }\n    },\n    \"fields\": {\n      \"icon\": {\n        \"plugin\": \"single_upload\",\n        \"size\": \"250x220\"\n      }\n    }\n  }\n}', '99', 'fa-comment           ', '26', '1'), ('88', '14', 'Channel', '0', '', '{\n  \"primary_key\": \"id\",\n  \"labels\": {\n    \"name\": \"Nome\",\n    \"text\": \"Texto\",\n    \"link\": \"Link\",\n    \"teste_id\": \"ie\"\n  },\n  \"remove_list\": [\n    \"id\"\n  ],\n  \"possible_actions\": [\n    \"c\",\n    \"r\",\n    \"u\",\n    \"d\"\n  ],\n  \"components\": {\n    \"_out_of_form\": {\n      \"onetomany\": {\n        \"table\": \"ligacao\",\n		\"texto_header\":\"Teste de vinculo\",\n        \"fieldKey\": \"id_teste\",\n        \"myfieldKey\": \"id\"\n      }\n    }\n  },\n  \"options\": {\n    \"foreign_keys\": {\n      \"teste_id\": {\n        \"table\": \"teste\",\n        \"field\": \"nome\",\n        \"label\": \"Teste mesmo\",\n        \"filter\": \"id\"\n      }\n    },\n    \"fields\": {\n      \"image\": {\n        \"plugin\": \"single_upload\",\n        \"size\": \"250x220\"\n      }\n    }\n  }\n}', '99', 'fa-bar-chart-o', '26', '0'), ('89', '14', 'Canal', '0', 'channel', '{\n  \"primary_key\": \"id\",\n  \"labels\": {\n    \"id\":\"\",\n\"title\":\"Nome\",\n\"channel_category_id\":\"Categoria\",\n\"icon\":\"Icone\"\n  },\n  \"remove_list\": [\n    \"id\"\n  ],\n  \"possible_actions\": [\n    \"c\",\n    \"r\",\n    \"u\",\n    \"d\"\n  ],\n \n  \"options\": {\n    \"foreign_keys\": {\n      \"channel_category_id\": {\n        \"table\": \"channel_category\",\n        \"field\": \"title\",\n        \"label\": \"Teste mesmo\",\n        \"filter\": \"id\"\n      }\n    },\n    \"fields\": {\n      \"icon\": {\n        \"plugin\": \"single_upload\",\n        \"size\": \"250x220\"\n      }\n    }\n  }\n}', '99', 'fa-bar-chart-o', '26', '1'), ('90', '14', 'Fique ligado', '2', '', '{\n  \"primary_key\": \"id\",\n  \"labels\": {\n    \"name\": \"Nome\",\n    \"text\": \"Texto\",\n    \"link\": \"Link\",\n    \"teste_id\": \"ie\"\n  },\n  \"remove_list\": [\n    \"id\"\n  ],\n  \"possible_actions\": [\n    \"c\",\n    \"r\",\n    \"u\",\n    \"d\"\n  ],\n  \"components\": {\n    \"_out_of_form\": {\n      \"onetomany\": {\n        \"table\": \"ligacao\",\n		\"texto_header\":\"Teste de vinculo\",\n        \"fieldKey\": \"id_teste\",\n        \"myfieldKey\": \"id\"\n      }\n    }\n  },\n  \"options\": {\n    \"foreign_keys\": {\n      \"teste_id\": {\n        \"table\": \"teste\",\n        \"field\": \"nome\",\n        \"label\": \"Teste mesmo\",\n        \"filter\": \"id\"\n      }\n    },\n    \"fields\": {\n      \"image\": {\n        \"plugin\": \"single_upload\",\n        \"size\": \"250x220\"\n      }\n    }\n  }\n}', '99', 'fa-tag               ', null, '1'), ('91', '14', 'Pop Ups', '0', 'pop_ups', '{\n    \"primary_key\": \"id\",\n    \"labels\": {\n        \"id\": \"\",\n        \"title\": \"Título\",\n        \"link\": \"Link\",\n        \"active\": \"Ativo\",\n        \"image\": \"Imagem\"\n    },\n    \"remove_list\": [\n        \"id\"\n    ],\n    \"possible_actions\": [\n        \"c\",\n        \"r\",\n        \"u\",\n        \"d\"\n    ],\n    \"options\": {\n        \"foreign_keys\": {\n            \"teste_id\": {\n                \"table\": \"teste\",\n                \"field\": \"nome\",\n                \"label\": \"Teste mesmo\",\n                \"filter\": \"id\"\n            }\n        },\n        \"fields\": {\n            \"image\": {\n                \"plugin\": \"single_upload\",\n                \"size\": \"250x220\"\n            },\n            \"active\": {\n                \"plugin\": \"active_box\"\n            }\n        }\n    }\n}', '99', 'fa-bolt              ', null, '1'), ('92', '14', 'Configurar', '0', 'configure', '{\n  \"primary_key\": \"id\",\n  \"labels\": {\n    \"id\":\"\",\n\"website_title\":\"Titulo do site\",\n\"website_description\":\"Descrição site\",\n\"website_phone\":\"Telefone contato\",\n\"facebook_link\":\"Link Facebook\",\n\"website_address\":\"Endereço\",\n\"legal_information\":\"Informações Legais\",\n\"logo\":\"Logo do topo\",\n\"zopim\":\"Código Zopim\"\n  },\n  \"remove_list\": [\n    \"id\",\"website_phone\",\"facebook_link\",\"website_description\",\"website_address\",\"legal_information\",\"zopim\"\n  ],\n  \"possible_actions\": [\n   \n    \"r\",\n    \"u\"\n  ],\n\n  \"options\": {\n    \"foreign_keys\": {\n      \"teste_id\": {\n        \"table\": \"teste\",\n        \"field\": \"nome\",\n        \"label\": \"Teste mesmo\",\n        \"filter\": \"id\"\n      }\n    },\n    \"fields\": {\n      \"logo\": {\n        \"plugin\": \"single_upload\",\n        \"size\": \"250x220\"\n      }\n    }\n  }\n}', '99', 'fa-sitemap           ', null, '1'), ('93', '14', '', '0', '', '{\n  \"primary_key\": \"id\",\n  \"labels\": {\n    \"name\": \"Nome\",\n    \"text\": \"Texto\",\n    \"link\": \"Link\",\n    \"teste_id\": \"ie\"\n  },\n  \"remove_list\": [\n    \"id\"\n  ],\n  \"possible_actions\": [\n\n    \"r\",\n    \"u\"\n   \n  ],\n  \"components\": {\n    \"_out_of_form\": {\n      \"onetomany\": {\n        \"table\": \"ligacao\",\n		\"texto_header\":\"Teste de vinculo\",\n        \"fieldKey\": \"id_teste\",\n        \"myfieldKey\": \"id\"\n      }\n    }\n  },\n  \"options\": {\n    \"foreign_keys\": {\n      \"teste_id\": {\n        \"table\": \"teste\",\n        \"field\": \"nome\",\n        \"label\": \"Teste mesmo\",\n        \"filter\": \"id\"\n      }\n    },\n    \"fields\": {\n      \"logo\": {\n        \"plugin\": \"single_upload\",\n        \"size\": \"250x220\"\n      }\n    }\n  }\n}', '99', 'fa-bar-chart-o', null, '0'), ('94', '14', '', '0', '', '{\n  \"primary_key\": \"id\",\n  \"labels\": {\n    \"name\": \"Nome\",\n    \"text\": \"Texto\",\n    \"link\": \"Link\",\n    \"teste_id\": \"ie\"\n  },\n  \"remove_list\": [\n    \"id\"\n  ],\n  \"possible_actions\": [\n    \"c\",\n    \"r\",\n    \"u\",\n    \"d\"\n  ],\n  \"components\": {\n    \"_out_of_form\": {\n      \"onetomany\": {\n        \"table\": \"ligacao\",\n		\"texto_header\":\"Teste de vinculo\",\n        \"fieldKey\": \"id_teste\",\n        \"myfieldKey\": \"id\"\n      }\n    }\n  },\n  \"options\": {\n    \"foreign_keys\": {\n      \"teste_id\": {\n        \"table\": \"teste\",\n        \"field\": \"nome\",\n        \"label\": \"Teste mesmo\",\n        \"filter\": \"id\"\n      }\n    },\n    \"fields\": {\n      \"logo\": {\n        \"plugin\": \"single_upload\",\n        \"size\": \"250x220\"\n      }\n    }\n  }\n}', '99', 'fa-bar-chart-o', null, '0'), ('95', '14', 'Cat. de pacotes', '0', 'package_category', '{\n  \"primary_key\": \"id\",\n  \"labels\": {\n    \"id\":\"\",\n\"title\":\"Título\"\n  },\n  \"remove_list\": [\n    \"id\"\n  ],\n  \"possible_actions\": [\n    \"c\",\n    \"r\",\n    \"u\",\n    \"d\"\n  ],\n  \n  \"options\": {\n    \"foreign_keys\": {\n      \"teste_id\": {\n        \"table\": \"teste\",\n        \"field\": \"nome\",\n        \"label\": \"Teste mesmo\",\n        \"filter\": \"id\"\n      }\n    },\n    \"fields\": {\n      \"image\": {\n        \"plugin\": \"single_upload\",\n        \"size\": \"250x220\"\n      }\n    }\n  }\n}', '99', 'fa-bookmark          ', '26', '1'), ('96', '14', 'Auto Atendimento', '0', 'auto_link', '{\n  \"primary_key\": \"id\",\n  \"labels\": {\n    \"id\":\"\",\n\"title\":\"Nome\",\n\"link\":\"Link\"\n  },\n  \"remove_list\": [\n    \"id\"\n  ],\n  \"possible_actions\": [\n    \"c\",\n    \"r\",\n    \"u\",\n    \"d\"\n  ],\n  \"options\": {\n    \"foreign_keys\": {\n      \"teste_id\": {\n        \"table\": \"teste\",\n        \"field\": \"nome\",\n        \"label\": \"Teste mesmo\",\n        \"filter\": \"id\"\n      }\n    },\n    \"fields\": {\n      \"image\": {\n        \"plugin\": \"single_upload\",\n        \"size\": \"250x220\"\n      }\n    }\n  }\n}', '99', 'fa-check             ', null, '1'), ('104', '15', 'Início', '0', 'website_home', '{\n  \"primary_key\": \"id\",\n  \"labels\": {\n    \"id\":\"\",\n\"title\":\"Título\",\n\"description\":\"Descrição\",\n\"background_image\":\"Imagem fundo (1024x768)\",\n\"use_video\":\"Usar Vídeo\"\n  },\n  \"remove_list\": [\n    \"id\",\"background_image\",\"description\"\n  ],\n  \"possible_actions\": [\n    \"r\",\n    \"u\"\n  ],\n\n  \"options\": {\n    \"foreign_keys\": {\n      \"teste_id\": {\n        \"table\": \"teste\",\n        \"field\": \"nome\",\n        \"label\": \"Teste mesmo\",\n        \"filter\": \"id\"\n      }\n    },\n    \"fields\": {\n      \"background_image\": {\n        \"plugin\": \"single_upload\",\n        \"size\": \"250x220\"\n      },\n    \"use_video\": {\n        \"plugin\": \"active_box\"\n      }\n    }\n  }\n}', '99', 'fa-home              ', null, '1');
INSERT INTO `module` VALUES ('105', '15', 'Sobre', '0', 'website_about', '{\n  \"primary_key\": \"id\",\n  \"labels\": {\n    \"id\":\"\",\n\"title\":\"Título\",\n\"description\":\"Descrição\"\n  },\n  \"remove_list\": [\n    \"id\",\"description\"\n  ],\n  \"possible_actions\": [\n  \n    \"r\",\n    \"u\"\n    \n  ],\n  \"components\": {\n    \"out_of_form\": {\n      \"onetomany\": {\n        \"table\": \"website_about_detail\",\n    \"texto_header\":\"Detalhes\",\n        \"fieldKey\": \"website_about_id\",\n        \"myfieldKey\": \"id\"\n      }\n    }\n  },\n  \"options\": {\n    \"foreign_keys\": {\n      \"teste_id\": {\n        \"table\": \"teste\",\n        \"field\": \"nome\",\n        \"label\": \"Teste mesmo\",\n        \"filter\": \"id\"\n      }\n    },\n    \"fields\": {\n      \"image\": {\n        \"plugin\": \"single_upload\",\n        \"size\": \"250x220\"\n      }\n    }\n  }\n}', '99', 'fa-cog               ', null, '1'), ('106', '15', 'Sobre detalhes', '0', 'website_about_detail', '{\n  \"primary_key\": \"id\",\n  \"labels\": {\n    \"id\":\"\",\n\"title\":\"Título\",\n\"description\":\"Descrição\",\n\"icon\":\"ícone\",\n\"image\":\"Imagem\",\n\"website_about_id\":\"\"\n  },\n  \"remove_list\": [\n    \"id\",\"website_about_id\",\"mngr_token\"\n  ],\n\"blacklist\":[\n\"mngr_token\"\n],\n  \"possible_actions\": [\n    \"c\",\n    \"r\",\n    \"u\",\n    \"d\"\n  ],\n  \"options\": {\n    \"foreign_keys\": {\n      \"teste_id\": {\n        \"table\": \"teste\",\n        \"field\": \"nome\",\n        \"label\": \"Teste mesmo\",\n        \"filter\": \"id\"\n      }\n    },\n    \"fields\": {\n      \"image\": {\n        \"plugin\": \"single_upload\",\n        \"size\": \"250x220\"\n      }\n    }\n  }\n}', '99', 'fa-bar-chart-o', null, '0'), ('107', '15', 'Vídeo', '0', 'website_video', '{\n  \"primary_key\": \"id\",\n  \"labels\": {\n    \"id\":\"\",\n\"title\":\"Título\",\n\"video_detail\":\"Título no rodapé\",\n\"description\":\"Descrição\",\n\"youtube_link\":\"Link do youtube\"\n  },\n  \"remove_list\": [\n    \"id\",\"description\",\"video_detail\"\n  ],\n  \"possible_actions\": [\n   \n    \"r\",\n    \"u\"\n    \n  ],\n  \"options\": {\n    \"foreign_keys\": {\n      \"teste_id\": {\n        \"table\": \"teste\",\n        \"field\": \"nome\",\n        \"label\": \"Teste mesmo\",\n        \"filter\": \"id\"\n      }\n    },\n    \"fields\": {\n      \"image\": {\n        \"plugin\": \"single_upload\",\n        \"size\": \"250x220\"\n      }\n    }\n  }\n}', '99', 'fa-play              ', null, '1'), ('108', '15', 'Área de atuação', '0', 'website_field_text', '{\n  \"primary_key\": \"id\",\n  \"labels\": {\n    \"id\":\"\",\n\"title\":\"Título\",\n\"mngr_token\":\"\"\n  },\n  \"remove_list\": [\n    \"id\"\n  ],\n  \"possible_actions\": [\n   \n    \"r\",\n    \"u\"\n  ],\n  \"components\": {\n    \"out_of_form\": {\n      \"onetomany\": {\n        \"table\": \"website_field\",\n    \"texto_header\":\"Áreas de atuação\",\n        \"fieldKey\": \"website_field_text_id\",\n        \"myfieldKey\": \"id\"\n      }\n    }\n  },\n  \"options\": {\n    \"foreign_keys\": {\n      \"teste_id\": {\n        \"table\": \"teste\",\n        \"field\": \"nome\",\n        \"label\": \"Teste mesmo\",\n        \"filter\": \"id\"\n      }\n    },\n    \"fields\": {\n      \"image\": {\n        \"plugin\": \"single_upload\",\n        \"size\": \"250x220\"\n      }\n    }\n  }\n}', '99', 'fa-laptop            ', null, '1'), ('109', '15', 'Área de atuação detalhe', '0', 'website_field', '{\n  \"primary_key\": \"id\",\n  \"labels\": {\n    \"id\":\"\",\n\"title\":\"Título\",\n\"description\":\"Descrição\",\n\"icon\":\"Ícone (80x80)\",\n\"website_field_text_id\":\"\",\n\"mngr_token\":\"\"\n  },\n  \"remove_list\": [\n    \"id\",\"website_field_text_id\"\n  ],\n\"blacklist\":[\n            \"website_field_text_id\"\n          ]\n,\n  \"possible_actions\": [\n    \"c\",\n    \"r\",\n    \"u\",\n    \"d\"\n  ],\n  \"options\": {\n    \"foreign_keys\": {\n      \"teste_id\": {\n        \"table\": \"teste\",\n        \"field\": \"nome\",\n        \"label\": \"Teste mesmo\",\n        \"filter\": \"id\"\n      }\n    },\n    \"fields\": {\n      \"icon\": {\n        \"plugin\": \"single_upload\",\n        \"size\": \"250x220\"\n      }\n    }\n  }\n}', '99', 'fa-bar-chart-o', null, '0'), ('110', '15', 'Soluções', '0', 'website_solution_text', '{\n  \"primary_key\": \"id\",\n  \"labels\": {\n    \"id\":\"\",\n\"title\":\"Título\",\n\"description\":\"Descrição\",\n\"image\":\"Imagem\",\n\"mngr_token\":\"\"\n  },\n  \"remove_list\": [\n    \"id\"\n  ],\n  \"possible_actions\": [\n    \"r\",\n    \"u\"\n  ],\n  \"components\": {\n    \"out_of_form\": {\n      \"onetomany\": {\n        \"table\": \"website_solution\",\n    \"texto_header\":\"Soluções\",\n        \"fieldKey\": \"website_solution_text_id\",\n        \"myfieldKey\": \"id\"\n      }\n    }\n  },\n  \"options\": {\n    \"foreign_keys\": {\n      \"teste_id\": {\n        \"table\": \"teste\",\n        \"field\": \"nome\",\n        \"label\": \"Teste mesmo\",\n        \"filter\": \"id\"\n      }\n    },\n    \"fields\": {\n      \"image\": {\n        \"plugin\": \"single_upload\",\n        \"size\": \"250x220\"\n      }\n    }\n  }\n}', '99', 'fa-certificate       ', null, '1'), ('111', '15', 'Soluções detalhes', '0', 'website_solution', '{\n  \"primary_key\": \"id\",\n  \"labels\": {\n    \"id\":\"\",\n\"title\":\"Título\",\n\"description\":\"Descrição\",\n\"icon\":\"Ícone\",\n\"website_solution_text_id\":\"\",\n\"mngr_token\":\"\"\n  },\n  \"remove_list\": [\n    \"id\",\"mngr_token\"\n  ],\n\"blacklist\":[\n            \"website_solution_text_id\"\n          ]\n,\n  \"possible_actions\": [\n    \"c\",\n    \"r\",\n    \"u\",\n    \"d\"\n  ],\n  \"options\": {\n    \"foreign_keys\": {\n      \"teste_id\": {\n        \"table\": \"teste\",\n        \"field\": \"nome\",\n        \"label\": \"Teste mesmo\",\n        \"filter\": \"id\"\n      }\n    },\n    \"fields\": {\n      \n    }\n  }\n}', '99', 'fa-bar-chart-o', null, '0'), ('112', '15', 'Serviços', '0', 'website_service_text', '{\n  \"primary_key\": \"id\",\n  \"labels\": {\n    \"id\":\"\",\n\"title\":\"Título\",\n\"description\":\"Descrição\",\n\"image\":\"Imagem (590x510)\",\n\"mngr_token\":\"\"\n  },\n  \"remove_list\": [\n    \"id\",\"description\"\n  ],\n  \"possible_actions\": [\n\n    \"r\",\n    \"u\"\n  ],\n  \"components\": {\n    \"out_of_form\": {\n      \"onetomany\": {\n        \"table\": \"website_service\",\n    \"texto_header\":\"Serviços\",\n        \"fieldKey\": \"website_service_text_id\",\n        \"myfieldKey\": \"id\"\n      }\n    }\n  },\n  \"options\": {\n    \"foreign_keys\": {\n      \"teste_id\": {\n        \"table\": \"teste\",\n        \"field\": \"nome\",\n        \"label\": \"Teste mesmo\",\n        \"filter\": \"id\"\n      }\n    },\n    \"fields\": {\n      \"image\": {\n        \"plugin\": \"single_upload\",\n        \"size\": \"250x220\"\n      }\n    }\n  }\n}', '99', 'fa-fire              ', null, '1'), ('113', '15', 'Serviços detalhes', '0', 'website_service', '{\n  \"primary_key\": \"id\",\n  \"labels\": {\n    \"id\":\"\",\n\"title\":\"Título\",\n\"description\":\"Descrição\",\n\"icon\":\"Ícone do font awesome\",\n\"website_service_text_id\":\"\",\n\"mngr_token\":\"\"\n  },\n  \"remove_list\": [\n    \"id\",\"mngr_token\"\n  ],\n\"blacklist\":[\n            \"website_service_text_id\"\n          ]\n,\n  \"possible_actions\": [\n    \"c\",\n    \"r\",\n    \"u\",\n    \"d\"\n  ],\n  \"options\": {\n    \"foreign_keys\": {\n      \"teste_id\": {\n        \"table\": \"teste\",\n        \"field\": \"nome\",\n        \"label\": \"Teste mesmo\",\n        \"filter\": \"id\"\n      }\n    },\n    \"fields\": {\n     \n    }\n  }\n}', '99', 'fa-bar-chart-o', null, '0'), ('114', '15', 'Perguntas', '0', 'website_question_text', '{\n  \"primary_key\": \"id\",\n  \"labels\": {\n    \"id\":\"\",\n\"title\":\"Título\",\n\"description\":\"Descrição\",\n\"image\":\"Imagem (230x360)\",\n\"mngr_token\":\"\"\n  },\n  \"remove_list\": [\n    \"id\",\"description\"\n  ],\n  \"possible_actions\": [\n \n    \"r\",\n    \"u\"\n  ],\n  \"components\": {\n    \"out_of_form\": {\n      \"onetomany\": {\n        \"table\": \"website_question\",\n    \"texto_header\":\"Perguntas\",\n        \"fieldKey\": \"website_question_text_id\",\n        \"myfieldKey\": \"id\"\n      }\n    }\n  },\n  \"options\": {\n    \"foreign_keys\": {\n      \"teste_id\": {\n        \"table\": \"teste\",\n        \"field\": \"nome\",\n        \"label\": \"Teste mesmo\",\n        \"filter\": \"id\"\n      }\n    },\n    \"fields\": {\n      \"image\": {\n        \"plugin\": \"single_upload\",\n        \"size\": \"250x220\"\n      }\n    }\n  }\n}', '99', 'fa-plane             ', null, '1'), ('115', '15', 'Pergunta detalhes', '0', 'website_question', '{\n  \"primary_key\": \"id\",\n  \"labels\": {\n    \"id\":\"\",\n\"question\":\"Pergunta\",\n\"answer\":\"Resposta\",\n\"website_question_text_it\":\"\",\n\"mngr_token\":\"\"\n  },\n  \"remove_list\": [\n    \"id\"\n  ],\n\"blacklist\":[\n            \"website_question_text_it\"\n          ]\n,\n  \"possible_actions\": [\n    \"c\",\n    \"r\",\n    \"u\",\n    \"d\"\n  ],\n  \"options\": {\n    \"foreign_keys\": {\n      \"teste_id\": {\n        \"table\": \"teste\",\n        \"field\": \"nome\",\n        \"label\": \"Teste mesmo\",\n        \"filter\": \"id\"\n      }\n    },\n    \"fields\": {\n      \"image\": {\n        \"plugin\": \"single_upload\",\n        \"size\": \"250x220\"\n      }\n    }\n  }\n}', '99', 'fa-bar-chart-o', null, '0'), ('116', '15', 'Contato', '0', 'website_contact_data', '{\n  \"primary_key\": \"id\",\n  \"labels\": {\n    \"id\":\"\",\n\"title\":\"Título\",\n\"description\":\"Descrição\",\n\"address\":\"Endereço\",\n\"phone\":\"Telefone\",\n\"public_email\":\"Email de contato\",\n\"email_recive_contact\":\"Email que recebe contato\"\n  },\n  \"remove_list\": [\n    \"id\",\n\"description\",\n\"address\",\n\"phone\",\n\"public_email\",\"email_recive_contact\"\n  ],\n  \"possible_actions\": [\n    \n    \"r\",\n    \"u\"\n  ],\n  \"options\": {\n    \"foreign_keys\": {\n      \"teste_id\": {\n        \"table\": \"teste\",\n        \"field\": \"nome\",\n        \"label\": \"Teste mesmo\",\n        \"filter\": \"id\"\n      }\n    },\n    \"fields\": {\n      \"image\": {\n        \"plugin\": \"single_upload\",\n        \"size\": \"250x220\"\n      }\n    }\n  }\n}', '99', 'fa-circle            ', null, '1');
COMMIT;

-- ----------------------------
--  Table structure for `module_icon_name`
-- ----------------------------
DROP TABLE IF EXISTS `module_icon_name`;
CREATE TABLE `module_icon_name` (
  `name` varchar(90) NOT NULL,
  `description` varchar(60) NOT NULL
) ENGINE=InnoDB DEFAULT CHARSET=latin1;

-- ----------------------------
--  Records of `module_icon_name`
-- ----------------------------
BEGIN;
INSERT INTO `module_icon_name` VALUES ('fa-bar-chart-o', 'Graphyc'), ('fa-bug', 'Bug'), ('fa-cog', 'Configure'), ('fa-desktop', 'Desktop'), ('fa-file', 'File'), ('fa-folder-open', 'Folder Open'), ('fa-list-alt', 'Form'), ('fa-table', 'Table'), ('fa-user', 'Users'), ('fa-asterisk          ', 'fa-asterisk           '), ('fa-ban-circle        ', 'fa-ban-circle         '), ('fa-bar-chart         ', 'fa-bar-chart          '), ('fa-barcode           ', 'fa-barcode            '), ('fa-beaker            ', 'fa-beaker             '), ('fa-beer              ', 'fa-beer               '), ('fa-bell              ', 'fa-bell               '), ('fa-bell-alt          ', 'fa-bell-alt           '), ('fa-bolt              ', 'fa-bolt               '), ('fa-book              ', 'fa-book               '), ('fa-bookmark          ', 'fa-bookmark           '), ('fa-bookmark-empty    ', 'fa-bookmark-empty     '), ('fa-briefcase         ', 'fa-briefcase          '), ('fa-bullhorn          ', 'fa-bullhorn           '), ('fa-calendar          ', 'fa-calendar           '), ('fa-camera            ', 'fa-camera             '), ('fa-camera-retro      ', 'fa-camera-retro       '), ('fa-certificate       ', 'fa-certificate        '), ('fa-check             ', 'fa-check              '), ('fa-check-empty       ', 'fa-check-empty        '), ('fa-circle            ', 'fa-circle             '), ('fa-circle-blank      ', 'fa-circle-blank       '), ('fa-cloud             ', 'fa-cloud              '), ('fa-cloud-download    ', 'fa-cloud-download     '), ('fa-cloud-upload      ', 'fa-cloud-upload       '), ('fa-coffee            ', 'fa-coffee             '), ('fa-cog               ', 'fa-cog                '), ('fa-cogs              ', 'fa-cogs               '), ('fa-comment           ', 'fa-comment            '), ('fa-comment-alt       ', 'fa-comment-alt        '), ('fa-comments          ', 'fa-comments           '), ('fa-comments-alt      ', 'fa-comments-alt       '), ('fa-credit-card       ', 'fa-credit-card        '), ('fa-dashboard         ', 'fa-dashboard          '), ('fa-desktop           ', 'fa-desktop            '), ('fa-download          ', 'fa-download           '), ('fa-download-alt      ', 'fa-download-alt       '), ('fa-edit              ', 'fa-edit               '), ('fa-envelope          ', 'fa-envelope           '), ('fa-envelope-alt      ', 'fa-envelope-alt       '), ('fa-exchange          ', 'fa-exchange           '), ('fa-exclamation-sign  ', 'fa-exclamation-sign   '), ('fa-external-link     ', 'fa-external-link      '), ('fa-eye-close         ', 'fa-eye-close          '), ('fa-eye-open          ', 'fa-eye-open           '), ('fa-facetime-video    ', 'fa-facetime-video     '), ('fa-fighter-jet       ', 'fa-fighter-jet        '), ('fa-film              ', 'fa-film               '), ('fa-filter            ', 'fa-filter             '), ('fa-fire              ', 'fa-fire               '), ('fa-flag              ', 'fa-flag               '), ('fa-folder-close      ', 'fa-folder-close       '), ('fa-folder-open       ', 'fa-folder-open        '), ('fa-folder-close-alt  ', 'fa-folder-close-alt   '), ('fa-folder-open-alt   ', 'fa-folder-open-alt    '), ('fa-food              ', 'fa-food               '), ('fa-gift              ', 'fa-gift               '), ('fa-glass             ', 'fa-glass              '), ('fa-globe             ', 'fa-globe              '), ('fa-group             ', 'fa-group              '), ('fa-hdd               ', 'fa-hdd                '), ('fa-headphones        ', 'fa-headphones         '), ('fa-heart             ', 'fa-heart              '), ('fa-heart-empty       ', 'fa-heart-empty        '), ('fa-home              ', 'fa-home               '), ('fa-inbox             ', 'fa-inbox              '), ('fa-info-sign         ', 'fa-info-sign          '), ('fa-key               ', 'fa-key                '), ('fa-leaf              ', 'fa-leaf               '), ('fa-laptop            ', 'fa-laptop             '), ('fa-legal             ', 'fa-legal              '), ('fa-lemon             ', 'fa-lemon              '), ('fa-lightbulb         ', 'fa-lightbulb          '), ('fa-lock              ', 'fa-lock               '), ('fa-unlock            ', 'fa-unlock             '), ('fa-magic             ', 'fa-magic              '), ('fa-magnet            ', 'fa-magnet             '), ('fa-map-marker        ', 'fa-map-marker         '), ('fa-minus             ', 'fa-minus              '), ('fa-minus-sign        ', 'fa-minus-sign         '), ('fa-mobile-phone      ', 'fa-mobile-phone       '), ('fa-money             ', 'fa-money              '), ('fa-move              ', 'fa-move               '), ('fa-music             ', 'fa-music              '), ('fa-off               ', 'fa-off                '), ('fa-ok                ', 'fa-ok                 '), ('fa-ok-circle         ', 'fa-ok-circle          '), ('fa-ok-sign           ', 'fa-ok-sign            '), ('fa-pencil            ', 'fa-pencil             '), ('fa-picture           ', 'fa-picture            '), ('fa-plane             ', 'fa-plane              '), ('fa-plus              ', 'fa-plus               '), ('fa-plus-sign         ', 'fa-plus-sign          '), ('fa-print             ', 'fa-print              '), ('fa-pushpin           ', 'fa-pushpin            '), ('fa-qrcode            ', 'fa-qrcode             '), ('fa-question-sign     ', 'fa-question-sign      '), ('fa-quote-left        ', 'fa-quote-left         '), ('fa-quote-right       ', 'fa-quote-right        '), ('fa-random            ', 'fa-random             '), ('fa-refresh           ', 'fa-refresh            '), ('fa-remove            ', 'fa-remove             '), ('fa-remove-circle     ', 'fa-remove-circle      '), ('fa-remove-sign       ', 'fa-remove-sign        '), ('fa-reorder           ', 'fa-reorder            '), ('fa-reply             ', 'fa-reply              '), ('fa-resize-horizontal ', 'fa-resize-horizontal  '), ('fa-resize-vertical   ', 'fa-resize-vertical    '), ('fa-retweet           ', 'fa-retweet            '), ('fa-road              ', 'fa-road               '), ('fa-rss               ', 'fa-rss                '), ('fa-screenshot        ', 'fa-screenshot         '), ('fa-search            ', 'fa-search             '), ('fa-share             ', 'fa-share              '), ('fa-share-alt         ', 'fa-share-alt          '), ('fa-shopping-cart     ', 'fa-shopping-cart      '), ('fa-signal            ', 'fa-signal             '), ('fa-signin            ', 'fa-signin             '), ('fa-signout           ', 'fa-signout            '), ('fa-sitemap           ', 'fa-sitemap            '), ('fa-sort              ', 'fa-sort               '), ('fa-sort-down         ', 'fa-sort-down          '), ('fa-sort-up           ', 'fa-sort-up            '), ('fa-spinner           ', 'fa-spinner            '), ('fa-star              ', 'fa-star               '), ('fa-star-empty        ', 'fa-star-empty         '), ('fa-star-half         ', 'fa-star-half          '), ('fa-tablet            ', 'fa-tablet             '), ('fa-tag               ', 'fa-tag                '), ('fa-tags              ', 'fa-tags               '), ('fa-tasks             ', 'fa-tasks              '), ('fa-thumbs-down       ', 'fa-thumbs-down        '), ('fa-thumbs-up         ', 'fa-thumbs-up          '), ('fa-time              ', 'fa-time               '), ('fa-tint              ', 'fa-tint               '), ('fa-trash             ', 'fa-trash              '), ('fa-trophy            ', 'fa-trophy             '), ('fa-truck             ', 'fa-truck              '), ('fa-umbrella          ', 'fa-umbrella           '), ('fa-upload            ', 'fa-upload             '), ('fa-upload-alt        ', 'fa-upload-alt         '), ('fa-user              ', 'fa-user               '), ('fa-user-md           ', 'fa-user-md            '), ('fa-volume-off        ', 'fa-volume-off         '), ('fa-volume-down       ', 'fa-volume-down        '), ('fa-volume-up         ', 'fa-volume-up          '), ('fa-warning-sign      ', 'fa-warning-sign       '), ('fa-wrench            ', 'fa-wrench             '), ('fa-zoom-in           ', 'fa-zoom-in            '), ('fa-zoom-out          ', 'fa-zoom-out           '), ('fa-file              ', 'fa-file               '), ('fa-file-alt          ', 'fa-file-alt           '), ('fa-cut               ', 'fa-cut                '), ('fa-copy              ', 'fa-copy               '), ('fa-paste             ', 'fa-paste              '), ('fa-save              ', 'fa-save               '), ('fa-undo              ', 'fa-undo               '), ('fa-repeat            ', 'fa-repeat             '), ('fa-text-height       ', 'fa-text-height        '), ('fa-text-width        ', 'fa-text-width         '), ('fa-align-left        ', 'fa-align-left         '), ('fa-align-center      ', 'fa-align-center       '), ('fa-align-right       ', 'fa-align-right        '), ('fa-align-justify     ', 'fa-align-justify      '), ('fa-indent-left       ', 'fa-indent-left        '), ('fa-indent-right      ', 'fa-indent-right       '), ('fa-font              ', 'fa-font               '), ('fa-bold              ', 'fa-bold               '), ('fa-italic            ', 'fa-italic             '), ('fa-strikethrough     ', 'fa-strikethrough      '), ('fa-underline         ', 'fa-underline          '), ('fa-link              ', 'fa-link               '), ('fa-paper-clip        ', 'fa-paper-clip         '), ('fa-columns           ', 'fa-columns            '), ('fa-table             ', 'fa-table              '), ('fa-th-large          ', 'fa-th-large           '), ('fa-th                ', 'fa-th                 '), ('fa-th-list           ', 'fa-th-list            '), ('fa-list              ', 'fa-list               '), ('fa-list-ol           ', 'fa-list-ol            '), ('fa-list-ul           ', 'fa-list-ul            '), ('fa-list-alt          ', 'fa-list-alt           '), ('fa-angle-left        ', 'fa-angle-left         '), ('fa-angle-right       ', 'fa-angle-right        '), ('fa-angle-up          ', 'fa-angle-up           '), ('fa-angle-down        ', 'fa-angle-down         '), ('fa-arrow-down        ', 'fa-arrow-down         '), ('fa-arrow-left        ', 'fa-arrow-left         '), ('fa-arrow-right       ', 'fa-arrow-right        '), ('fa-arrow-up          ', 'fa-arrow-up           '), ('fa-caret-down        ', 'fa-caret-down         '), ('fa-caret-left        ', 'fa-caret-left         '), ('fa-caret-right       ', 'fa-caret-right        '), ('fa-caret-up          ', 'fa-caret-up           '), ('fa-chevron-down      ', 'fa-chevron-down       '), ('fa-chevron-left      ', 'fa-chevron-left       '), ('fa-chevron-right     ', 'fa-chevron-right      '), ('fa-chevron-up        ', 'fa-chevron-up         '), ('fa-circle-arrow-down ', 'fa-circle-arrow-down  '), ('fa-circle-arrow-left ', 'fa-circle-arrow-left  '), ('fa-circle-arrow-right', 'fa-circle-arrow-right '), ('fa-circle-arrow-up   ', 'fa-circle-arrow-up    '), ('fa-double-angle-left ', 'fa-double-angle-left  '), ('fa-double-angle-right', 'fa-double-angle-right '), ('fa-double-angle-up   ', 'fa-double-angle-up    '), ('fa-double-angle-down ', 'fa-double-angle-down  '), ('fa-hand-down         ', 'fa-hand-down          '), ('fa-hand-left         ', 'fa-hand-left          '), ('fa-hand-right        ', 'fa-hand-right         '), ('fa-hand-up           ', 'fa-hand-up            '), ('fa-circle            ', 'fa-circle             '), ('fa-circle-blank      ', 'fa-circle-blank       '), ('ideo Player Icons      ', 'ideo Player Icons       '), ('fa-play-circle       ', 'fa-play-circle        '), ('fa-play              ', 'fa-play               '), ('fa-pause             ', 'fa-pause              '), ('fa-stop              ', 'fa-stop               '), ('fa-step-backward     ', 'fa-step-backward      '), ('fa-fast-backward     ', 'fa-fast-backward      '), ('fa-backward          ', 'fa-backward           '), ('fa-forward           ', 'fa-forward            '), ('fa-fast-forward      ', 'fa-fast-forward       '), ('fa-step-forward      ', 'fa-step-forward       '), ('fa-eject             ', 'fa-eject              '), ('fa-fullscreen        ', 'fa-fullscreen         '), ('fa-resize-full       ', 'fa-resize-full        '), ('fa-resize-small      ', 'fa-resize-small       '), ('fa-phone             ', 'fa-phone              '), ('fa-phone-sign        ', 'fa-phone-sign         '), ('fa-facebook          ', 'fa-facebook           '), ('fa-facebook-sign     ', 'fa-facebook-sign      '), ('fa-twitter           ', 'fa-twitter            '), ('fa-twitter-sign      ', 'fa-twitter-sign       '), ('fa-github            ', 'fa-github             '), ('fa-github-alt        ', 'fa-github-alt         '), ('fa-github-sign       ', 'fa-github-sign        '), ('fa-linkedin          ', 'fa-linkedin           '), ('fa-linkedin-sign     ', 'fa-linkedin-sign      '), ('fa-pinterest         ', 'fa-pinterest          '), ('fa-pinterest-sign    ', 'fa-pinterest-sign     '), ('fa-google-plus       ', 'fa-google-plus        '), ('fa-google-plus-sign  ', 'fa-google-plus-sign   '), ('fa-sign-blank        ', 'fa-sign-blank         '), ('fa-ambulance         ', 'fa-ambulance          '), ('fa-beaker            ', 'fa-beaker             '), ('fa-h-sign            ', 'fa-h-sign             '), ('fa-hospital          ', 'fa-hospital           '), ('fa-medkit            ', 'fa-medkit             '), ('fa-plus-sign-alt     ', 'fa-plus-sign-alt      '), ('fa-stethoscope       ', 'fa-stethoscope        ');
COMMIT;

-- ----------------------------
--  Table structure for `snippet`
-- ----------------------------
DROP TABLE IF EXISTS `snippet`;
CREATE TABLE `snippet` (
  `id` int(11) NOT NULL AUTO_INCREMENT,
  `module_name` varchar(255) NOT NULL,
  `label` varchar(255) NOT NULL,
  `run_command` text,
  PRIMARY KEY (`id`)
) ENGINE=InnoDB AUTO_INCREMENT=3 DEFAULT CHARSET=latin1;

-- ----------------------------
--  Records of `snippet`
-- ----------------------------
BEGIN;
INSERT INTO `snippet` VALUES ('1', 'brics_business_meeting', 'Brics Meeting', ''), ('2', 'blog', 'Blog', 'blog/blog_model/runBasicSql');
COMMIT;

-- ----------------------------
--  Table structure for `snippet_menu`
-- ----------------------------
DROP TABLE IF EXISTS `snippet_menu`;
CREATE TABLE `snippet_menu` (
  `id` int(11) NOT NULL AUTO_INCREMENT,
  `snippet_id` int(11) NOT NULL,
  `label` varchar(60) NOT NULL,
  `controller` varchar(100) NOT NULL,
  `method` varchar(100) NOT NULL,
  PRIMARY KEY (`id`)
) ENGINE=InnoDB AUTO_INCREMENT=5 DEFAULT CHARSET=latin1;

-- ----------------------------
--  Records of `snippet_menu`
-- ----------------------------
BEGIN;
INSERT INTO `snippet_menu` VALUES ('1', '1', 'Meeting', 'business_meeting', 'listing'), ('2', '1', 'Categorias', 'business_meeting', 'categories_manager'), ('3', '2', 'Posts', 'lib_generic/method/blog/blog', 'listar'), ('4', '2', 'Comentários', 'lib_generic/method/blog/blog', 'aprove_comments');
COMMIT;

-- ----------------------------
--  Table structure for `users`
-- ----------------------------
DROP TABLE IF EXISTS `users`;
CREATE TABLE `users` (
  `id` int(255) NOT NULL AUTO_INCREMENT,
  `name` varchar(255) NOT NULL,
  `username` varchar(255) NOT NULL,
  `password` varchar(255) NOT NULL,
  `company_id` int(255) NOT NULL,
  `is_developer` int(1) NOT NULL DEFAULT '0',
  PRIMARY KEY (`id`)
) ENGINE=InnoDB AUTO_INCREMENT=14 DEFAULT CHARSET=latin1;

-- ----------------------------
--  Records of `users`
-- ----------------------------
BEGIN;
INSERT INTO `users` VALUES ('1', 'Douglas', 'caina', 'c4ca4238a0b923820dcc509a6f75849b', '1', '1'), ('2', 'BRICS', 'BRICS', '73acd9a5972130b75066c82595a1fae3', '6', '0'), ('3', 'Eduardo', 'eduardo', 'e579a44c183b6f6e52fa926107dd16f4', '10', '0'), ('4', 'talenttare', 'talenttare', 'e80fb477eb2c9ec84169cce5fcd5cbce', '5', '0'), ('5', 'Dizzany', 'dizzany', '25d55ad283aa400af464c76d713c07ad', '8', '0'), ('6', 'Traços de Valor', 'contato@tracosdevalor.art.br', 'e8559f48470612967eb618da90892cd3', '12', '0'), ('7', 'Marcelo', 'marcelo', 'c4ca4238a0b923820dcc509a6f75849b', '12', '0'), ('9', 'Gustavo', 'gcarazzai', '67c6a1e7ce56d3d6fa748ab6d9af3fd7', '1', '1'), ('10', 'Luciano', 'holograma', 'a40c461e283bf913885878b61edc32ce', '13', '0'), ('11', 'Nick Peterson', 'Nick', 'd91db9bf81fe5465ecad8638a9276113', '14', '0'), ('12', 'Janilce Wiederkehr', 'jani', 'b06de9a78a5eb6e8219d01df98e9b8cc', '14', '0'), ('13', 'Jennifer', 'jennifer', 'e09bc2703cd202b4280d48e9178e0d43', '14', '0');
COMMIT;

-- ----------------------------
--  Table structure for `users_log`
-- ----------------------------
DROP TABLE IF EXISTS `users_log`;
CREATE TABLE `users_log` (
  `users_id` int(255) NOT NULL,
  `login_date` timestamp NOT NULL DEFAULT CURRENT_TIMESTAMP,
  KEY `login_date` (`login_date`)
) ENGINE=InnoDB DEFAULT CHARSET=latin1;

-- ----------------------------
--  Records of `users_log`
-- ----------------------------
BEGIN;
INSERT INTO `users_log` VALUES ('1', '2014-11-09 14:39:10'), ('8', '2014-11-09 14:40:56'), ('1', '2014-11-09 14:41:27'), ('6', '2014-11-10 13:59:29'), ('6', '2014-11-10 14:07:53'), ('1', '2014-11-10 19:02:14'), ('1', '2014-11-11 13:16:37'), ('1', '2014-11-11 18:18:00'), ('1', '2014-11-12 19:09:25'), ('6', '2014-11-13 11:10:31'), ('6', '2014-11-14 16:01:25'), ('9', '2014-11-14 20:57:52'), ('1', '2014-11-14 21:01:51'), ('6', '2014-11-15 03:01:14'), ('6', '2014-11-15 14:10:42'), ('6', '2014-11-17 14:04:46'), ('1', '2014-11-17 16:38:19'), ('6', '2014-11-17 17:19:47'), ('6', '2014-11-17 18:03:45'), ('6', '2014-11-17 18:52:01'), ('6', '2014-11-19 02:23:50'), ('4', '2014-11-19 15:26:50'), ('1', '2014-11-19 19:54:51'), ('1', '2014-11-19 20:07:45'), ('1', '2014-11-19 20:11:04'), ('6', '2014-11-19 20:52:51'), ('6', '2014-11-19 21:18:11'), ('6', '2014-11-19 23:53:30'), ('6', '2014-11-20 00:41:06'), ('1', '2014-11-20 10:58:12'), ('1', '2014-11-20 10:58:14'), ('1', '2014-11-20 11:19:32'), ('1', '2014-11-20 11:40:49'), ('6', '2014-11-20 13:03:16'), ('1', '2014-11-20 13:14:52'), ('1', '2014-11-20 13:17:08'), ('1', '2014-11-20 13:17:54'), ('6', '2014-11-20 16:31:40'), ('1', '2014-11-20 16:49:20'), ('6', '2014-11-20 17:09:42'), ('1', '2014-11-21 11:36:35'), ('6', '2014-11-22 14:17:24'), ('6', '2014-11-22 16:41:44'), ('5', '2014-11-25 12:00:27'), ('9', '2014-11-25 12:04:01'), ('5', '2014-11-25 17:20:49'), ('1', '2014-11-26 19:14:51'), ('9', '2014-11-26 21:32:29'), ('5', '2014-11-27 11:25:24'), ('1', '2014-11-27 11:32:03'), ('1', '2014-11-27 15:53:47'), ('9', '2014-11-27 16:28:28'), ('9', '2014-11-27 18:56:21'), ('6', '2014-11-28 00:21:08'), ('1', '2014-11-28 12:38:21'), ('1', '2014-11-28 16:20:16'), ('6', '2014-11-28 16:54:19'), ('6', '2014-11-28 19:33:25'), ('6', '2014-11-28 21:44:29'), ('6', '2014-11-28 21:52:34'), ('6', '2014-12-01 17:15:19'), ('1', '2014-12-02 17:35:56'), ('1', '2014-12-03 11:53:31'), ('1', '2014-12-03 15:51:17'), ('4', '2014-12-03 16:04:45'), ('1', '2014-12-03 17:23:57'), ('1', '2014-12-05 15:55:23'), ('1', '2014-12-05 16:37:41'), ('1', '2014-12-05 16:40:49'), ('1', '2014-12-05 19:49:01'), ('1', '2014-12-05 20:24:34'), ('1', '2014-12-08 11:50:33'), ('9', '2014-12-08 12:03:27'), ('1', '2014-12-08 15:33:42'), ('6', '2014-12-14 16:01:24'), ('6', '2014-12-14 16:01:42'), ('6', '2014-12-14 16:01:42'), ('1', '2014-12-17 12:57:08'), ('4', '2014-12-17 13:54:34'), ('1', '2014-12-17 16:07:45'), ('6', '2014-12-17 16:21:35'), ('1', '2014-12-17 19:03:47'), ('9', '2014-12-17 20:10:26'), ('1', '2014-12-18 11:09:19'), ('6', '2014-12-18 16:06:59'), ('1', '2014-12-18 16:56:22'), ('6', '2014-12-18 19:57:24'), ('6', '2014-12-18 19:57:37'), ('6', '2014-12-18 19:57:49'), ('4', '2014-12-19 16:22:27'), ('6', '2014-12-19 16:22:44'), ('1', '2014-12-21 23:26:13'), ('1', '2014-12-22 13:48:12'), ('4', '2014-12-22 15:29:48'), ('1', '2014-12-22 16:38:13'), ('6', '2014-12-23 15:26:32'), ('1', '2014-12-23 23:43:05'), ('1', '2014-12-26 11:18:28'), ('9', '2014-12-26 18:40:08'), ('1', '2014-12-26 18:49:16'), ('9', '2014-12-26 18:49:34'), ('9', '2014-12-26 18:51:23'), ('1', '2014-12-26 18:52:28'), ('6', '2015-01-05 19:38:51'), ('6', '2015-01-06 00:09:41'), ('6', '2015-01-06 01:24:18'), ('1', '2015-01-06 01:24:54'), ('4', '2015-01-06 15:42:06'), ('4', '2015-01-12 16:41:26'), ('1', '2015-01-12 16:51:08'), ('1', '2015-01-12 18:29:41'), ('4', '2015-01-12 19:32:58'), ('4', '2015-01-12 19:55:23'), ('4', '2015-01-13 18:45:57'), ('4', '2015-01-13 18:54:59'), ('4', '2015-01-13 19:30:28'), ('4', '2015-01-13 19:51:12'), ('9', '2015-01-14 12:33:07'), ('1', '2015-01-14 21:04:46'), ('1', '2015-01-15 17:47:54'), ('4', '2015-01-22 15:31:29'), ('1', '2015-01-22 16:02:39'), ('1', '2015-01-26 09:07:25'), ('1', '2015-01-26 10:51:14'), ('1', '2015-01-26 14:56:28'), ('1', '2015-01-27 10:47:57'), ('1', '2015-01-28 11:30:13'), ('1', '2015-02-09 09:38:59'), ('1', '2015-02-10 17:41:18'), ('1', '2015-02-10 23:36:55'), ('1', '2015-02-11 10:53:58'), ('1', '2015-02-12 10:19:11'), ('1', '2015-02-12 13:55:30'), ('1', '2015-02-18 13:14:44'), ('1', '2015-02-18 14:24:31'), ('1', '2015-02-20 14:37:36'), ('1', '2015-02-20 15:29:57'), ('1', '2015-02-21 21:56:40'), ('1', '2015-02-21 21:58:22'), ('1', '2015-02-21 22:00:09'), ('1', '2015-02-21 22:06:05'), ('1', '2015-02-21 23:10:36'), ('1', '2015-02-22 03:26:47'), ('1', '2015-02-23 00:15:03'), ('1', '2015-02-23 08:52:26'), ('1', '2015-02-23 16:54:04'), ('1', '2015-02-25 15:16:04'), ('1', '2015-02-26 09:45:42'), ('1', '2015-03-09 18:37:45'), ('1', '2015-03-10 10:18:14'), ('1', '2015-03-13 10:15:48'), ('1', '2015-03-13 13:19:35'), ('1', '2015-03-17 14:12:56'), ('1', '2015-03-17 17:25:56'), ('1', '2015-03-18 18:00:48'), ('1', '2015-03-20 15:36:41'), ('1', '2014-11-09 14:39:10'), ('8', '2014-11-09 14:40:56'), ('1', '2014-11-09 14:41:27'), ('6', '2014-11-10 13:59:29'), ('6', '2014-11-10 14:07:53'), ('1', '2014-11-10 19:02:14'), ('1', '2014-11-11 13:16:37'), ('1', '2014-11-11 18:18:00'), ('1', '2014-11-12 19:09:25'), ('6', '2014-11-13 11:10:31'), ('6', '2014-11-14 16:01:25'), ('9', '2014-11-14 20:57:52'), ('1', '2014-11-14 21:01:51'), ('6', '2014-11-15 03:01:14'), ('6', '2014-11-15 14:10:42'), ('6', '2014-11-17 14:04:46'), ('1', '2014-11-17 16:38:19'), ('6', '2014-11-17 17:19:47'), ('6', '2014-11-17 18:03:45'), ('6', '2014-11-17 18:52:01'), ('6', '2014-11-19 02:23:50'), ('4', '2014-11-19 15:26:50'), ('1', '2014-11-19 19:54:51'), ('1', '2014-11-19 20:07:45'), ('1', '2014-11-19 20:11:04'), ('6', '2014-11-19 20:52:51'), ('6', '2014-11-19 21:18:11'), ('6', '2014-11-19 23:53:30'), ('6', '2014-11-20 00:41:06'), ('1', '2014-11-20 10:58:12'), ('1', '2014-11-20 10:58:14'), ('1', '2014-11-20 11:19:32'), ('1', '2014-11-20 11:40:49'), ('6', '2014-11-20 13:03:16'), ('1', '2014-11-20 13:14:52'), ('1', '2014-11-20 13:17:08'), ('1', '2014-11-20 13:17:54'), ('6', '2014-11-20 16:31:40'), ('1', '2014-11-20 16:49:20'), ('6', '2014-11-20 17:09:42'), ('1', '2014-11-21 11:36:35'), ('6', '2014-11-22 14:17:24'), ('6', '2014-11-22 16:41:44'), ('5', '2014-11-25 12:00:27'), ('9', '2014-11-25 12:04:01'), ('5', '2014-11-25 17:20:49'), ('1', '2014-11-26 19:14:51'), ('9', '2014-11-26 21:32:29'), ('5', '2014-11-27 11:25:24'), ('1', '2014-11-27 11:32:03'), ('1', '2014-11-27 15:53:47'), ('9', '2014-11-27 16:28:28'), ('9', '2014-11-27 18:56:21'), ('6', '2014-11-28 00:21:08'), ('1', '2014-11-28 12:38:21'), ('1', '2014-11-28 16:20:16'), ('6', '2014-11-28 16:54:19'), ('6', '2014-11-28 19:33:25'), ('6', '2014-11-28 21:44:29'), ('6', '2014-11-28 21:52:34'), ('6', '2014-12-01 17:15:19'), ('1', '2014-12-02 17:35:56'), ('1', '2014-12-03 11:53:31'), ('1', '2014-12-03 15:51:17'), ('4', '2014-12-03 16:04:45'), ('1', '2014-12-03 17:23:57'), ('1', '2014-12-05 15:55:23'), ('1', '2014-12-05 16:37:41'), ('1', '2014-12-05 16:40:49'), ('1', '2014-12-05 19:49:01'), ('1', '2014-12-05 20:24:34'), ('1', '2014-12-08 11:50:33'), ('9', '2014-12-08 12:03:27'), ('1', '2014-12-08 15:33:42'), ('6', '2014-12-14 16:01:24'), ('6', '2014-12-14 16:01:42'), ('6', '2014-12-14 16:01:42'), ('1', '2014-12-17 12:57:08'), ('4', '2014-12-17 13:54:34'), ('1', '2014-12-17 16:07:45'), ('6', '2014-12-17 16:21:35'), ('1', '2014-12-17 19:03:47'), ('9', '2014-12-17 20:10:26'), ('1', '2014-12-18 11:09:19'), ('6', '2014-12-18 16:06:59'), ('1', '2014-12-18 16:56:22'), ('6', '2014-12-18 19:57:24'), ('6', '2014-12-18 19:57:37'), ('6', '2014-12-18 19:57:49'), ('4', '2014-12-19 16:22:27'), ('6', '2014-12-19 16:22:44'), ('1', '2014-12-21 23:26:13'), ('1', '2014-12-22 13:48:12'), ('4', '2014-12-22 15:29:48'), ('1', '2014-12-22 16:38:13'), ('6', '2014-12-23 15:26:32'), ('1', '2014-12-23 23:43:05'), ('1', '2014-12-26 11:18:28'), ('9', '2014-12-26 18:40:08'), ('1', '2014-12-26 18:49:16'), ('9', '2014-12-26 18:49:34'), ('9', '2014-12-26 18:51:23'), ('1', '2014-12-26 18:52:28'), ('6', '2015-01-05 19:38:51'), ('6', '2015-01-06 00:09:41'), ('6', '2015-01-06 01:24:18'), ('1', '2015-01-06 01:24:54'), ('4', '2015-01-06 15:42:06'), ('4', '2015-01-12 16:41:26'), ('1', '2015-01-12 16:51:08'), ('1', '2015-01-12 18:29:41'), ('4', '2015-01-12 19:32:58'), ('4', '2015-01-12 19:55:23'), ('4', '2015-01-13 18:45:57'), ('4', '2015-01-13 18:54:59'), ('4', '2015-01-13 19:30:28'), ('4', '2015-01-13 19:51:12'), ('9', '2015-01-14 12:33:07'), ('1', '2015-01-14 21:04:46'), ('1', '2015-01-15 17:47:54'), ('4', '2015-01-22 15:31:29'), ('1', '2015-01-22 16:02:39'), ('1', '2015-01-28 10:53:23'), ('6', '2015-01-31 18:42:21'), ('6', '2015-01-31 18:44:03'), ('6', '2015-02-02 16:16:24'), ('6', '2015-02-02 16:29:16'), ('6', '2015-02-02 16:29:35'), ('6', '2015-02-02 19:10:56'), ('6', '2015-02-02 19:13:49'), ('6', '2015-02-02 19:15:55'), ('6', '2015-02-02 19:17:40'), ('1', '2015-02-09 11:17:03'), ('1', '2015-02-09 11:30:54'), ('1', '2015-02-09 11:31:11'), ('1', '2015-02-09 11:41:18'), ('1', '2015-02-09 11:42:38'), ('1', '2015-02-09 11:43:04'), ('1', '2015-02-09 11:44:11'), ('1', '2015-02-09 11:46:32'), ('1', '2015-02-09 11:47:36'), ('1', '2015-02-09 16:47:33'), ('9', '2015-02-09 16:47:52'), ('9', '2015-02-09 21:02:21'), ('10', '2015-02-09 21:05:45'), ('10', '2015-02-09 21:24:22'), ('6', '2015-02-09 23:55:57'), ('9', '2015-02-10 11:50:12'), ('1', '2015-02-10 13:39:30'), ('1', '2015-02-10 15:32:56'), ('1', '2015-02-10 17:52:52'), ('1', '2015-02-10 19:18:50'), ('10', '2015-02-10 21:57:19'), ('1', '2015-02-11 12:51:27'), ('9', '2015-02-11 17:16:12'), ('9', '2015-02-11 17:17:41'), ('4', '2015-02-11 20:04:16'), ('1', '2015-02-12 12:24:10'), ('1', '2015-02-13 14:24:40'), ('1', '2015-02-13 18:40:47'), ('1', '2015-02-18 10:51:00'), ('1', '2015-02-19 11:24:58'), ('1', '2015-02-20 18:48:13'), ('9', '2015-02-20 19:31:13'), ('10', '2015-02-20 20:18:02'), ('10', '2015-02-20 20:18:45'), ('10', '2015-02-20 21:02:28'), ('10', '2015-02-20 22:19:08'), ('10', '2015-02-21 01:50:48'), ('1', '2015-02-22 02:10:54'), ('1', '2015-02-22 06:13:48'), ('1', '2015-02-23 03:13:48'), ('1', '2015-02-23 20:37:42'), ('1', '2015-02-25 18:22:47'), ('1', '2015-02-26 12:47:18'), ('1', '2015-02-27 12:01:57'), ('1', '2015-02-27 17:05:01'), ('1', '2015-03-01 22:21:41'), ('1', '2015-03-02 11:16:56'), ('1', '2015-03-02 16:42:32'), ('1', '2015-03-02 21:27:25'), ('1', '2015-03-03 12:23:47'), ('1', '2015-03-05 16:55:24'), ('1', '2015-03-05 20:33:33'), ('11', '2015-03-06 00:40:38'), ('11', '2015-03-06 01:51:06'), ('11', '2015-03-06 12:53:04'), ('1', '2015-03-06 13:06:49'), ('1', '2015-03-09 17:28:02'), ('1', '2015-03-09 18:18:37'), ('11', '2015-03-09 21:53:50'), ('11', '2015-03-10 14:31:57'), ('12', '2015-03-10 18:20:48'), ('6', '2015-03-11 02:58:38'), ('11', '2015-03-11 16:08:59'), ('1', '2015-03-11 19:42:56'), ('9', '2015-03-11 20:40:14'), ('11', '2015-03-11 20:40:15'), ('11', '2015-03-11 21:48:50'), ('9', '2015-03-12 17:03:59'), ('11', '2015-03-12 18:26:24'), ('11', '2015-03-13 01:21:45'), ('1', '2015-03-13 19:28:12'), ('11', '2015-03-13 19:58:45'), ('1', '2015-03-16 11:58:26'), ('11', '2015-03-16 20:01:29'), ('13', '2015-03-16 20:04:14'), ('13', '2015-03-17 11:36:49'), ('1', '2015-03-17 19:19:58'), ('1', '2015-03-19 19:34:31'), ('1', '2015-03-20 18:06:53'), ('1', '2015-03-20 20:08:43'), ('1', '2015-03-20 17:27:33'), ('1', '2015-03-23 09:09:35'), ('1', '2015-03-23 09:09:40'), ('1', '2015-03-23 13:51:40'), ('1', '2015-03-23 13:51:46'), ('1', '2015-03-24 10:17:13'), ('1', '2015-03-24 14:03:11'), ('1', '2015-03-24 14:12:21'), ('1', '2015-03-24 15:33:44'), ('1', '2015-03-24 15:33:46'), ('1', '2015-03-30 17:54:33'), ('1', '2015-03-30 17:56:44'), ('1', '2015-03-31 12:52:30'), ('1', '2015-04-01 18:38:21'), ('1', '2015-04-01 19:16:15'), ('1', '2015-04-02 13:10:58'), ('6', '2015-04-02 17:58:23'), ('6', '2015-04-02 17:59:12'), ('6', '2015-04-02 17:59:56'), ('6', '2015-04-02 18:00:16'), ('6', '2015-04-02 18:01:06'), ('11', '2015-04-03 01:15:23'), ('11', '2015-04-03 01:40:52'), ('1', '2015-04-04 18:23:15'), ('6', '2015-04-05 19:53:56'), ('1', '2015-04-06 11:49:15'), ('1', '2015-04-06 17:09:24'), ('9', '2015-04-06 19:13:46'), ('1', '2015-04-06 19:14:33'), ('11', '2015-04-06 19:31:48'), ('11', '2015-04-06 19:33:16'), ('11', '2015-04-06 19:33:28'), ('11', '2015-04-06 19:35:58'), ('11', '2015-04-06 20:46:18'), ('11', '2015-04-06 20:48:26'), ('11', '2015-04-06 20:50:08'), ('11', '2015-04-06 20:50:37'), ('11', '2015-04-06 21:09:29'), ('11', '2015-04-06 21:56:02'), ('11', '2015-04-06 21:56:30'), ('11', '2015-04-07 01:00:52'), ('11', '2015-04-07 01:04:15'), ('11', '2015-04-07 01:07:43'), ('9', '2015-04-07 01:10:27'), ('9', '2015-04-07 01:13:30'), ('9', '2015-04-07 01:13:30'), ('9', '2015-04-07 01:13:30'), ('9', '2015-04-07 01:13:30'), ('9', '2015-04-07 01:13:30'), ('9', '2015-04-07 01:13:30'), ('9', '2015-04-07 01:13:30'), ('9', '2015-04-07 01:13:30'), ('9', '2015-04-07 01:13:30'), ('9', '2015-04-07 01:13:30'), ('9', '2015-04-07 01:13:30'), ('9', '2015-04-07 01:13:30'), ('9', '2015-04-07 01:13:53'), ('9', '2015-04-07 01:17:10'), ('9', '2015-04-07 01:17:10'), ('1', '2015-04-07 01:17:55'), ('1', '2015-04-07 01:20:32'), ('1', '2015-04-07 01:22:45'), ('1', '2015-04-07 01:22:45'), ('1', '2015-04-07 01:31:09'), ('1', '2015-04-07 01:34:04'), ('11', '2015-04-07 01:36:32'), ('11', '2015-04-07 01:38:32'), ('11', '2015-04-07 01:38:40'), ('11', '2015-04-07 01:39:49'), ('11', '2015-04-07 01:44:30'), ('14', '2015-04-07 01:45:31'), ('11', '2015-04-07 01:52:28'), ('1', '2015-04-07 16:56:12'), ('1', '2015-04-07 17:21:18'), ('1', '2015-04-07 17:21:44'), ('1', '2015-04-07 17:22:04'), ('11', '2015-04-07 18:48:54'), ('11', '2015-04-07 18:49:57'), ('11', '2015-04-07 18:54:14'), ('11', '2015-04-07 18:56:01'), ('11', '2015-04-08 12:17:59'), ('12', '2015-04-08 13:48:52'), ('9', '2015-04-08 14:05:14'), ('9', '2015-04-08 14:08:24'), ('9', '2015-04-08 14:21:43'), ('9', '2015-04-08 20:51:41'), ('11', '2015-04-08 21:58:00'), ('10', '2015-04-08 23:45:34'), ('10', '2015-04-09 00:08:05'), ('1', '2015-04-09 13:10:45'), ('9', '2015-04-09 13:17:57'), ('1', '2015-04-09 17:33:02'), ('1', '2015-04-09 17:33:05'), ('9', '2015-04-09 19:13:55'), ('1', '2015-04-09 21:11:50'), ('10', '2015-04-09 21:54:48'), ('11', '2015-04-10 04:27:25'), ('1', '2015-04-10 13:15:48'), ('9', '2015-04-10 14:47:46'), ('9', '2015-04-10 17:11:08'), ('1', '2015-04-10 17:15:52'), ('9', '2015-04-10 17:43:13'), ('10', '2015-04-10 17:56:30'), ('6', '2015-04-12 21:57:44'), ('6', '2015-04-12 21:58:43'), ('6', '2015-04-12 22:01:21'), ('6', '2015-04-12 22:01:39'), ('6', '2015-04-12 22:42:54'), ('6', '2015-04-12 22:43:23'), ('6', '2015-04-12 22:44:45'), ('6', '2015-04-12 22:44:49'), ('1', '2015-04-13 01:33:28'), ('1', '2015-04-13 01:34:23'), ('1', '2015-04-13 01:40:31'), ('1', '2015-04-13 01:40:38'), ('1', '2015-04-13 01:40:41'), ('1', '2015-04-13 01:40:50'), ('1', '2015-04-13 01:40:56'), ('1', '2015-04-13 01:42:08'), ('1', '2015-04-13 01:42:18'), ('1', '2015-04-13 01:42:47'), ('1', '2015-04-13 01:43:06'), ('1', '2015-04-13 01:43:31'), ('1', '2015-04-13 01:44:02'), ('1', '2015-04-13 01:45:18'), ('1', '2015-04-13 01:45:43'), ('1', '2015-04-13 01:46:50'), ('1', '2015-04-13 01:47:03'), ('1', '2015-04-13 01:52:39'), ('1', '2015-04-13 02:00:08'), ('1', '2015-04-13 02:02:19'), ('1', '2015-04-13 02:05:02'), ('1', '2015-04-13 02:06:33'), ('1', '2015-04-13 02:06:59'), ('1', '2015-04-13 02:09:45'), ('1', '2015-04-13 02:12:21'), ('1', '2015-04-13 02:15:21'), ('6', '2015-04-13 13:18:16'), ('1', '2015-04-13 13:31:15'), ('6', '2015-04-13 13:34:03'), ('6', '2015-04-13 13:34:37'), ('6', '2015-04-13 13:35:09'), ('6', '2015-04-13 13:36:20'), ('6', '2015-04-13 13:38:00'), ('1', '2015-04-13 13:53:46'), ('1', '2015-04-13 13:53:57'), ('1', '2015-04-13 13:58:14'), ('1', '2015-04-13 13:58:35'), ('6', '2015-04-13 14:51:16'), ('6', '2015-04-13 16:06:47'), ('6', '2015-04-13 17:01:09'), ('6', '2015-04-14 00:25:29'), ('1', '2015-04-14 14:00:58'), ('1', '2015-04-14 14:03:12'), ('1', '2015-04-14 14:35:27'), ('1', '2015-04-14 16:41:23'), ('11', '2015-04-14 19:22:31'), ('10', '2015-04-14 20:34:53'), ('10', '2015-04-14 23:21:06'), ('1', '2015-04-15 12:49:15'), ('9', '2015-04-15 14:15:46'), ('10', '2015-04-15 23:41:33'), ('9', '2015-04-17 13:08:02'), ('11', '2015-04-17 17:28:15'), ('9', '2015-04-17 18:07:50'), ('9', '2015-04-17 21:31:25'), ('10', '2015-04-17 22:27:57'), ('10', '2015-04-18 19:23:59'), ('6', '2015-04-19 20:45:35'), ('1', '2015-04-20 16:44:20'), ('9', '2015-04-20 18:06:24'), ('1', '2015-04-22 14:33:32'), ('10', '2015-04-22 16:51:03'), ('10', '2015-04-23 11:59:58');
COMMIT;

SET FOREIGN_KEY_CHECKS = 1;
