/*
 Navicat MySQL Data Transfer

 Source Server         : Localhost
 Source Server Type    : MySQL
 Source Server Version : 100119
 Source Host           : localhost
 Source Database       : clemar

 Target Server Type    : MySQL
 Target Server Version : 100119
 File Encoding         : utf-8

 Date: 11/28/2016 23:22:38 PM
*/

SET NAMES utf8mb4;
SET FOREIGN_KEY_CHECKS = 0;

-- ----------------------------
--  Table structure for `ci_sessions`
-- ----------------------------
DROP TABLE IF EXISTS `ci_sessions`;
CREATE TABLE `ci_sessions` (
  `session_id` varchar(40) NOT NULL DEFAULT '0',
  `ip_address` varchar(16) NOT NULL DEFAULT '0',
  `user_agent` varchar(250) NOT NULL,
  `last_activity` int(10) unsigned NOT NULL DEFAULT '0',
  `user_data` text NOT NULL,
  PRIMARY KEY (`session_id`)
) ENGINE=InnoDB DEFAULT CHARSET=utf8;

-- ----------------------------
--  Records of `ci_sessions`
-- ----------------------------
BEGIN;
INSERT INTO `ci_sessions` VALUES ('3ea50b446858fadc11829abbc31921e0', '189.6.235.18', 'Mozilla/5.0 (Windows NT 10.0; WOW64; rv:50.0) Gecko/20100101 Firefox/50.0', '1480315939', 'a:2:{s:9:\"user_data\";s:0:\"\";s:4:\"user\";s:1270:\"O:8:\"stdClass\":14:{s:7:\"user_id\";s:2:\"36\";s:18:\"developer_group_id\";s:1:\"0\";s:5:\"level\";s:1:\"1\";s:7:\"role_id\";s:2:\"10\";s:4:\"role\";s:5:\"teste\";s:11:\"facebook_id\";N;s:4:\"name\";s:10:\"Bruno Lois\";s:12:\"company_name\";s:10:\"vivi sushi\";s:10:\"profile_id\";s:1:\"1\";s:10:\"company_id\";s:1:\"1\";s:11:\"upload_path\";s:35:\"http://www.vivisushi.com.br/upload/\";s:9:\"developer\";s:1:\"0\";s:7:\"modules\";a:2:{i:0;O:8:\"stdClass\":14:{s:2:\"id\";s:3:\"294\";s:11:\"mysql_table\";s:0:\"\";s:4:\"name\";s:4:\"Blog\";s:4:\"icon\";s:21:\"fa-bullhorn          \";s:10:\"snippet_id\";s:1:\"2\";s:7:\"menu_id\";s:1:\"2\";s:10:\"controller\";s:28:\"lib_generic/method/blog/blog\";s:6:\"method\";s:6:\"listar\";s:5:\"label\";s:5:\"Posts\";s:10:\"block_name\";s:7:\"Website\";s:11:\"module_name\";s:4:\"blog\";s:10:\"menu_label\";s:4:\"Blog\";s:10:\"menu_count\";s:1:\"2\";s:5:\"badge\";s:1:\"0\";}i:1;O:8:\"stdClass\":14:{s:2:\"id\";s:3:\"294\";s:11:\"mysql_table\";s:0:\"\";s:4:\"name\";s:4:\"Blog\";s:4:\"icon\";s:21:\"fa-bullhorn          \";s:10:\"snippet_id\";s:1:\"2\";s:7:\"menu_id\";s:1:\"2\";s:10:\"controller\";s:28:\"lib_generic/method/blog/blog\";s:6:\"method\";s:15:\"aprove_comments\";s:5:\"label\";s:12:\"Comentários\";s:10:\"block_name\";s:7:\"Website\";s:11:\"module_name\";s:4:\"blog\";s:10:\"menu_label\";s:4:\"Blog\";s:10:\"menu_count\";s:1:\"2\";s:5:\"badge\";s:1:\"0\";}}s:13:\"selected_menu\";N;}\";}'), ('49624e138f9d691da74ba607fa3d1193', '189.6.235.18', 'Mozilla/5.0 (Windows NT 10.0; WOW64; rv:50.0) Gecko/20100101 Firefox/50.0', '1480317249', ''), ('6a8f6b525853b044e4957726a53c28a7', '::1', 'Mozilla/5.0 (Macintosh; Intel Mac OS X 10_12_1) AppleWebKit/537.36 (KHTML, like Gecko) Chrome/54.0.2840.87 Safari/537.36', '1480379496', 'a:2:{s:9:\"user_data\";s:0:\"\";s:4:\"user\";s:814:\"O:8:\"stdClass\":14:{s:7:\"user_id\";s:1:\"1\";s:18:\"developer_group_id\";s:1:\"1\";s:5:\"level\";s:1:\"1\";s:7:\"role_id\";s:1:\"1\";s:4:\"role\";s:13:\"Desenvolvedor\";s:11:\"facebook_id\";s:15:\"935471979826551\";s:4:\"name\";s:13:\"Douglas Caina\";s:12:\"company_name\";s:6:\"Clemar\";s:10:\"profile_id\";s:1:\"0\";s:10:\"company_id\";s:1:\"1\";s:11:\"upload_path\";s:0:\"\";s:9:\"developer\";s:1:\"1\";s:7:\"modules\";a:1:{i:0;O:8:\"stdClass\":14:{s:2:\"id\";s:3:\"287\";s:11:\"mysql_table\";s:0:\"\";s:4:\"name\";s:9:\"Usuários\";s:4:\"icon\";s:21:\"fa-user              \";s:10:\"snippet_id\";s:1:\"6\";s:7:\"menu_id\";N;s:10:\"controller\";s:15:\"screen/listing/\";s:6:\"method\";s:0:\"\";s:5:\"label\";s:9:\"Usuários\";s:10:\"block_name\";s:7:\"Sistema\";s:11:\"module_name\";s:8:\"usuarios\";s:10:\"menu_label\";s:8:\"Usuário\";s:10:\"menu_count\";s:1:\"0\";s:5:\"badge\";s:1:\"0\";}}s:13:\"selected_menu\";N;}\";}'), ('8e7a1d12b29c6f504c1772be8756b45e', '201.37.162.31', 'Mozilla/5.0 (Windows NT 6.3; WOW64) AppleWebKit/537.36 (KHTML, like Gecko) Chrome/54.0.2840.99 Safari/537.36', '1480328997', ''), ('dd5a2e3ec46ce57e12252569ee9d9f38', '189.6.235.18', 'Mozilla/5.0 (Windows NT 10.0; WOW64; rv:50.0) Gecko/20100101 Firefox/50.0', '1480317249', ''), ('e620d5638cadb5440c5a640613826d96', '66.249.83.158', 'Mozilla/5.0 (X11; Linux x86_64) AppleWebKit/537.36 (KHTML, like Gecko) Chrome/49.0.2623.75 Safari/537.36 Google Favicon', '1480370630', ''), ('f2e658b4b45117039e192736ce3b9789', '66.249.83.158', 'Mozilla/5.0 (X11; Linux x86_64) AppleWebKit/537.36 (KHTML, like Gecko) Chrome/49.0.2623.75 Safari/537.36 Google Favicon', '1480370630', '');
COMMIT;

-- ----------------------------
--  Table structure for `client_email_information`
-- ----------------------------
DROP TABLE IF EXISTS `client_email_information`;
CREATE TABLE `client_email_information` (
  `id` int(255) NOT NULL AUTO_INCREMENT,
  `name` varchar(255) DEFAULT NULL,
  `email` varchar(255) DEFAULT NULL,
  `email_to` varchar(255) DEFAULT NULL,
  `company_id` int(255) DEFAULT NULL,
  `subject` varchar(255) DEFAULT NULL,
  `message` text,
  `ip` varchar(255) DEFAULT NULL,
  `send_date` timestamp NOT NULL DEFAULT CURRENT_TIMESTAMP,
  `phone_number` varchar(255) DEFAULT NULL,
  `city` varchar(255) DEFAULT NULL,
  `country` varchar(255) DEFAULT NULL,
  `region` varchar(255) DEFAULT NULL,
  `postal` varchar(255) DEFAULT NULL,
  `loc` varchar(255) DEFAULT NULL,
  `error` int(1) DEFAULT '0',
  `error_message` varchar(255) DEFAULT NULL,
  `notified` tinyint(1) NOT NULL DEFAULT '0',
  PRIMARY KEY (`id`),
  KEY `company_id` (`company_id`),
  KEY `notified` (`notified`)
) ENGINE=InnoDB DEFAULT CHARSET=latin1;

-- ----------------------------
--  Table structure for `company`
-- ----------------------------
DROP TABLE IF EXISTS `company`;
CREATE TABLE `company` (
  `id` int(255) NOT NULL AUTO_INCREMENT,
  `name` varchar(255) NOT NULL,
  `ftp_host` varchar(255) DEFAULT NULL,
  `ftp_user` varchar(255) DEFAULT NULL,
  `ftp_pass` varchar(255) DEFAULT NULL,
  `mysql_host` varchar(255) DEFAULT NULL,
  `mysql_user` varchar(255) DEFAULT NULL,
  `mysql_pass` varchar(255) DEFAULT NULL,
  `mysql_db` varchar(255) DEFAULT NULL,
  `status` int(1) NOT NULL DEFAULT '1',
  `upload_path` varchar(255) DEFAULT NULL,
  `profile_id` int(255) NOT NULL DEFAULT '0',
  `smtp_user` varchar(255) DEFAULT NULL,
  `smtp_password` varchar(255) DEFAULT NULL,
  `smtp_port` varchar(255) DEFAULT NULL,
  `email_contact` varchar(255) DEFAULT NULL,
  `developer_group_id` int(255) NOT NULL DEFAULT '0',
  `created_at` timestamp NOT NULL DEFAULT CURRENT_TIMESTAMP,
  `created` tinyint(1) NOT NULL DEFAULT '0',
  `email` varchar(255) NOT NULL,
  `phone` varchar(255) NOT NULL,
  `observation` text NOT NULL,
  PRIMARY KEY (`id`)
) ENGINE=InnoDB AUTO_INCREMENT=2 DEFAULT CHARSET=latin1;

-- ----------------------------
--  Records of `company`
-- ----------------------------
BEGIN;
INSERT INTO `company` VALUES ('1', 'Clemar', null, null, null, 'localhost', 'root', '', 'clemar', '1', '', '0', null, null, null, null, '1', '2016-09-25 17:01:39', '1', '', '', '');
COMMIT;

-- ----------------------------
--  Table structure for `developer_group`
-- ----------------------------
DROP TABLE IF EXISTS `developer_group`;
CREATE TABLE `developer_group` (
  `id` int(255) NOT NULL AUTO_INCREMENT,
  `title` varchar(255) DEFAULT NULL,
  PRIMARY KEY (`id`)
) ENGINE=InnoDB AUTO_INCREMENT=2 DEFAULT CHARSET=latin1;

-- ----------------------------
--  Records of `developer_group`
-- ----------------------------
BEGIN;
INSERT INTO `developer_group` VALUES ('1', 'Vivi');
COMMIT;

-- ----------------------------
--  Table structure for `menu`
-- ----------------------------
DROP TABLE IF EXISTS `menu`;
CREATE TABLE `menu` (
  `id` int(250) NOT NULL AUTO_INCREMENT,
  `company_id` int(11) NOT NULL,
  `label` varchar(255) NOT NULL,
  PRIMARY KEY (`id`)
) ENGINE=InnoDB AUTO_INCREMENT=56 DEFAULT CHARSET=latin1;

-- ----------------------------
--  Records of `menu`
-- ----------------------------
BEGIN;
INSERT INTO `menu` VALUES ('3', '8', 'Serviços'), ('8', '8', 'Portfolio'), ('9', '6', 'Teste'), ('10', '8', 'Empresa'), ('11', '5', 'Configurar'), ('12', '5', 'Textos'), ('13', '10', 'Dicas Cidade'), ('14', '10', 'Palestras'), ('15', '10', 'Quiz'), ('16', '10', 'Transporte'), ('17', '12', 'Patrocinadores'), ('18', '12', 'Tradução'), ('19', '12', 'O Projeto'), ('21', '12', 'Apoiador/Patrocinador'), ('22', '13', 'Configurar'), ('23', '13', 'Portfólio'), ('24', '12', 'Obras'), ('25', '14', 'Sobre'), ('26', '14', 'Pacotes'), ('27', '15', 'Possibilidades'), ('28', '16', 'Duvidas'), ('29', '18', 'Portfólio'), ('30', '25', 'Produtos'), ('31', '29', 'Galeria'), ('32', '29', 'Duvidas'), ('33', '29', 'Setores'), ('34', '39', 'Configurar'), ('35', '41', 'Onde Encontrar'), ('36', '41', 'Produtos'), ('37', '43', 'Portfolio'), ('38', '41', 'Na Mídia'), ('40', '14', 'Banda Larga'), ('43', '49', 'news'), ('44', '49', 'Galeria de Imagens'), ('45', '49', 'videos'), ('46', '43', 'Enquete'), ('47', '53', 'Serviços'), ('48', '55', 'Etapa 1'), ('49', '55', 'Etapa 2'), ('51', '55', 'Etapa 3'), ('52', '55', 'Etapa 4'), ('53', '55', 'Etapa 5'), ('54', '1', 'Cardápio'), ('55', '1', 'Cardápio Light');
COMMIT;

-- ----------------------------
--  Table structure for `mngr_languages`
-- ----------------------------
DROP TABLE IF EXISTS `mngr_languages`;
CREATE TABLE `mngr_languages` (
  `id` int(11) NOT NULL AUTO_INCREMENT,
  `identification` varchar(20) NOT NULL,
  PRIMARY KEY (`id`),
  KEY `mngr_languages_identification` (`identification`)
) ENGINE=InnoDB AUTO_INCREMENT=5 DEFAULT CHARSET=utf8;

-- ----------------------------
--  Records of `mngr_languages`
-- ----------------------------
BEGIN;
INSERT INTO `mngr_languages` VALUES ('2', 'EN'), ('3', 'ES'), ('4', 'ITA'), ('1', 'PT');
COMMIT;

-- ----------------------------
--  Table structure for `module`
-- ----------------------------
DROP TABLE IF EXISTS `module`;
CREATE TABLE `module` (
  `id` int(255) NOT NULL AUTO_INCREMENT,
  `company_id` int(255) NOT NULL,
  `name` varchar(255) NOT NULL,
  `snippet_id` int(11) NOT NULL DEFAULT '0',
  `mysql_table` varchar(255) NOT NULL,
  `json_config` text NOT NULL,
  `list_order` int(11) NOT NULL DEFAULT '99',
  `icon` varchar(255) NOT NULL,
  `menu_id` int(255) DEFAULT NULL,
  `active` int(1) DEFAULT '1',
  `is_valid` tinyint(1) NOT NULL DEFAULT '1',
  `problem_message` varchar(255) DEFAULT NULL,
  PRIMARY KEY (`id`,`company_id`),
  KEY `company_id` (`company_id`,`menu_id`,`is_valid`)
) ENGINE=InnoDB AUTO_INCREMENT=297 DEFAULT CHARSET=latin1;

-- ----------------------------
--  Records of `module`
-- ----------------------------
BEGIN;
INSERT INTO `module` VALUES ('1', '5', 'Banners', '0', 'banner', '{\n  \"primary_key\": \"id\",\n  \"labels\": {\n    \"name\": \"Nome\",\n    \"text\": \"Texto\",\n    \"link\": \"Link\",\n    \"teste_id\": \"ie\"\n  },\n  \"remove_list\": [\n    \"id\",\n    \"vehicles_id\"\n  ],\n  \"possible_actions\": [\n    \"c\",\n    \"r\",\n    \"u\",\n    \"d\"\n  ],\n  \"options\": {\n    \"foreign_keys\": {\n      \"teste_id\": {\n        \"table\": \"teste\",\n        \"field\": \"nome\",\n        \"label\": \"Teste mesmo\",\n        \"filter\": \"id\"\n        }\n      },\n        \"fields\": {\n          \"image\": {\n            \"plugin\": \"single_upload\",\n            \"size\": \"250x220\"\n          }\n    }\n  }\n}', '99', 'fa-desktop', null, '1', '1', null), ('2', '6', 'Business Meeting', '1', '', '', '99', 'fa-desktop', null, '1', '1', null), ('3', '7', 'Cores', '0', 'color', '{\n          \"permission\": \"Color.Content\",\n          \"path\": \"content/color\",\n          \"primary_key\": \"id\",\n          \"table\": \"color\",\n          \"module\": \"color/color_model\",\n          \"labels\": {\n            \"name\":\"Nome\"\n          },\n          \"remove_list\": [\n            \"id\"\n          ],\n          \"possible_actions\":[\n                \"c\",\"r\",\"u\",\"d\"\n          ],\n          \"options\": {\n            \"foreign_keys\": {\n              \"bf_guide\": {\n                \"table\": \"guide\",\n                \"field\": \"title\",\n                \"filter\": \"id\"\n              }\n            },\n            \"fields\": {\n              \"subtitle\":{\n                \"validation\":\"\"\n              },\n              \"date\":{\n                \"plugin\": \"datepicker\"\n              },\n              \"description\": {\n                \"plugin\": \"ckeditor\"\n              },\n              \"is_featured\":{\n                \"plugin\":\"active_box\"\n              },\n              \"cover_photo\": {\n                \"plugin\": \"single_upload\",\n                \"size\": \"250x220\"\n              }\n            }\n          }\n        }', '99', 'fa-list-alt', null, '1', '1', null), ('4', '6', 'Configurar', '0', 'configuration', '{\n          \"primary_key\": \"id\",\n          \"labels\": {\n            \"digits_lenght\": \"Numero de caracteres\",\n            \"time_change\": \"Tempo de permanencia (em milisegundos)\",\n            \"link\": \"Link\",\n            \"teste_id\": \"ie\"\n          },\n          \"remove_list\": [\n            \"id\",\"vehicles_id\"\n          ],\n          \"possible_actions\":[\n               \"u\"\n          ],\n          \"options\": {\n           \n          }\n        }', '99', 'fa-cog', '9', '1', '1', null), ('5', '8', 'Serviços', '0', 'services', '{\n  \"primary_key\": \"id\",\n  \"labels\": {\n    \"title\": \"Titulo\",\n    \"description\": \"Descrição\",\n    \"color\": \"Cor\",\n\"subtitle_part_1\":\"Subtitulo parte 1\",\n\"subtitle_part_2\":\"Subtitulo parte 2\"\n  },\n  \"remove_list\": [\n    \"id\",\"description\"\n  ],\n  \"possible_actions\": [\n    \"c\",\n    \"r\",\n    \"u\",\n    \"d\"\n  ],\n  \"options\": {\n    \"foreign_keys\": {\n      \"teste_id\": {\n        \"table\": \"teste\",\n        \"field\": \"nome\",\n        \"label\": \"Teste mesmo\",\n        \"filter\": \"id\"\n        }\n      },\n        \"fields\": {\n          \"photo\": {\n            \"plugin\": \"single_upload\",\n            \"size\": \"250x220\"\n          }\n    }\n  }\n}', '99', 'fa-desktop', '3', '1', '1', null), ('6', '8', 'Descrição', '0', 'service_description', '{\n  \"primary_key\": \"id\",\n  \"labels\": {\n    \"title\": \"titulo\",\n    \"description\": \"Descrição\"\n  },\n  \"remove_list\": [\n    \"id\"\n  ],\n  \"possible_actions\": [\n    \"u\"\n  ]\n}', '99', 'fa-desktop', '3', '0', '1', null), ('7', '8', 'Portfólio', '0', 'portfolio', '{\n  \"primary_key\": \"id\",\n  \"labels\": {\n    \"title\": \"titulo\",\n    \"description\": \"Descrição\"\n  },\n  \"remove_list\": [\n    \"id\"\n  ],\n  \"possible_actions\": [\n    \"u\"\n  ]\n}', '99', 'fa-table', '8', '1', '1', null), ('8', '8', 'Texto de capa', '0', 'portfolio_text', '{\n  \"primary_key\": \"id\",\n  \"labels\": {\n    \"title\": \"titulo\",\n    \"description\": \"Descrição\"\n  },\n  \"remove_list\": [\n    \"id\"\n  ],\n  \"possible_actions\": [\n    \"u\"\n  ]\n}', '99', 'fa-table', '8', '1', '1', null), ('9', '8', 'Texto Empresa', '0', 'texto_empresa', '{\"remove_list\":[\"id\"],\"primary_key\":\"id\",\"possible_actions\":[\"u\"],\"options\":{\"foreign_keys\":{\"bf_guide\":{\"label\":\"Cor\",\"filter\":\"id\",\"table\":\"guide\",\"field\":\"title\",\"insertable\":true}},\"fields\":{\"is_featured\":{\"plugin\":\"active_box\"},\"cover_photo\":{\"plugin\":\"single_upload\",\"size\":\"250x220\"},\"subtitle\":{\"validation\":\"\"},\"description\":{\"plugin\":\"ckeditor\"},\"date\":{\"plugin\":\"datepicker\"}}},\"labels\":{\"titulo\":\"Titulo\",\"descricao\":\"Descrição\"}}', '99', 'fa-desktop', '10', '1', '1', null), ('10', '8', 'Parcerias', '0', 'empresa_parcerias', '{\"labels\":{\"image\":\"logo\",\"link\":\"Link\"},\"primary_key\":\"id\",\"possible_actions\":[\"c\",\"r\",\"u\",\"d\"],\"options\":{\"foreign_keys\":{\"bf_guide\":{\"label\":\"Cor\",\"filter\":\"id\",\"table\":\"guide\",\"field\":\"title\",\"insertable\":true}},\"fields\":{\"subtitle\":{\"validation\":\"\"},\"date\":{\"plugin\":\"datepicker\"},\"description\":{\"plugin\":\"ckeditor\"},\"image\":{\"plugin\":\"single_upload\",\"size\":\"250x220\"},\"is_featured\":{\"plugin\":\"active_box\"}}},\"remove_list\":[\"id\"]}', '99', 'fa-bar-char', '10', '1', '1', null), ('11', '8', 'Equipe', '0', 'company_team', '{\"remove_list\":[\"id\"],\"primary_key\":\"id\",\"possible_actions\":[\"c\",\"r\",\"u\",\"d\"],\"options\":{\"foreign_keys\":{\"bf_guide\":{\"cargo\":\"Cargo\",\"nome\":\"Nome\",\"image\":\"Foto\"}},\"fields\":{\"image\":{\"plugin\":\"single_upload\",\"size\":\"250x220\"},\"is_featured\":{\"plugin\":\"active_box\"},\"subtitle\":{\"validation\":\"\"},\"description\":{\"plugin\":\"ckeditor\"},\"date\":{\"plugin\":\"datepicker\"}}},\"labels\":{\"image\":\"logo\",\"link\":\"Link\"}}', '99', 'fa-bar-char', '10', '1', '1', null), ('12', '8', 'Contato', '0', 'contact_data', '{\"labels\":{\"smtp_server\":\"Servidor SMTP\",\"text_mensagem\":\"Texto da mensagem\",\"smtp_pass\":\"Senha usuário SMTP\",\"email_contato\":\"Email receberá contato\",\"smtp_port\":\"Porta  SMTP\",\"text_complementar\":\"Texto complementar\",\"smtp_user\":\"Usuário SMTP\"},\"primary_key\":\"id\",\"possible_actions\":[\"u\"],\"remove_list\":[\"id\"]}', '99', 'fa-desktop', null, '1', '1', null), ('13', '9', 'Textos', '0', 'titulo', '{\"remove_list\":[\"id\"],\"primary_key\":\"id\",\"possible_actions\":[\"r\",\"u\"],\"labels\":{\"texto\":\"Texto\",\"titulo\":\"Titulo\"}}', '99', 'fa-bug', null, '1', '1', null), ('14', '5', 'Redes Sociais', '0', 'social_network', '{\n  \"primary_key\": \"id\",\n  \"labels\": {\n    \"name\": \"Nome\",\n    \"link\": \"Link\"\n  },\n  \"remove_list\": [\n    \"id\",\n    \"vehicles_id\"\n  ],\n  \"possible_actions\": [\n    \"r\",\n    \"u\"\n  ],\n  \"options\": {\n    \"foreign_keys\": {\n      \"teste_id\": {\n        \"table\": \"teste\",\n        \"field\": \"nome\",\n        \"label\": \"Teste mesmo\",\n        \"filter\": \"id\"\n      }\n    },\n    \"fields\": {\n      \"image\": {\n        \"plugin\": \"single_upload\",\n        \"size\": \"250x220\"\n      }\n    }\n  }\n}', '99', 'fa-cog', '11', '1', '1', null), ('15', '5', 'Texto o que é', '0', 'oquee_texto', '{\n  \"primary_key\": \"id\",\n  \"labels\": {\n    \n    \"texto\": \"Texto\"\n  },\n  \"remove_list\": [\n    \"id\",\n    \"vehicles_id\"\n  ],\n  \"possible_actions\": [\n    \"r\",\n    \"u\"\n  ],\n  \"options\": {\n    \"foreign_keys\": {\n      \"teste_id\": {\n        \"table\": \"teste\",\n        \"field\": \"nome\",\n        \"label\": \"Teste mesmo\",\n        \"filter\": \"id\"\n      }\n    },\n    \"fields\": {\n      \"image\": {\n        \"plugin\": \"single_upload\",\n        \"size\": \"250x220\"\n      }\n    }\n  }\n}', '99', 'fa-desktop', '12', '1', '1', null), ('17', '10', 'Categorias', '0', 'category', '{\n  \"primary_key\": \"id\",\n  \"labels\": {\n    \"name\": \"Nome\",\n    \"icon\": \"Icone\",\n\"icon_hover\":\"Icone selecionado\"\n  },\n  \"remove_list\": [\n    \"id\",\n    \"vehicles_id\"\n  ],\n  \"possible_actions\": [\n    \"c\",\n    \"r\",\n    \"u\",\n    \"d\"\n  ],\n  \"options\": {\n    \"foreign_keys\": {\n      \"teste_id\": {\n        \"table\": \"teste\",\n        \"field\": \"nome\",\n        \"label\": \"Teste mesmo\",\n        \"filter\": \"id\"\n      }\n    },\n    \"fields\": {\n      \"icon\": {\n        \"plugin\": \"single_upload\",\n        \"size\": \"250x220\"\n      }, \"icon_hover\": {\n        \"plugin\": \"single_upload\",\n        \"size\": \"250x220\"\n      }\n    }\n  }\n}', '99', 'fa-desktop', '13', '1', '1', null), ('18', '10', 'Itens', '0', 'city_itens', '{\n  \"primary_key\": \"id\",\n  \"labels\": {\n    \"name\": \"Nome\",\n    \"description\": \"Descrição\",\n    \"adress\": \"Endereço\",\n    \"phone\": \"Telefone\",\n\"category_id\":\"Categoria\"\n  },\n  \"remove_list\": [\n    \"id\"\n  ],\n  \"possible_actions\": [\n    \"c\",\n    \"r\",\n    \"u\",\n    \"d\"\n  ],\n  \"options\": {\n    \"foreign_keys\": {\n      \"category_id\": {\n        \"table\": \"category\",\n        \"field\": \"name\",\n        \"label\": \"Categoria\",\n        \"filter\": \"id\"\n      }\n    },\n    \"fields\": {\n      \"image\": {\n        \"plugin\": \"single_upload\",\n        \"size\": \"250x220\"\n      }\n    }\n  }\n}', '99', 'fa-desktop', '13', '1', '1', null), ('19', '5', 'Equipe', '0', 'equipe', '{\n    \"primary_key\": \"id\",\n    \"labels\": {\n        \"nome\": \"Nome\",\n        \"image\": \"Foto\",\n        \"facebook\": \"Facebook\",\n        \"linkedin\": \"LinkedIn\",\n        \"descricao\": \"Descrição\"\n    },\n    \"remove_list\": [\n        \"id\",\n        \"vehicles_id\",\n        \"descricao\",\n        \"linkedin\"\n    ],\n    \"possible_actions\": [\n        \"c\",\n        \"r\",\n        \"u\",\n        \"d\"\n    ],\n    \"options\": {\n        \"fields\": {\n            \"image\": {\n                \"plugin\": \"single_upload\",\n                \"size\": \"250x220\"\n            }\n        }\n    }\n}', '99', 'fa-user', null, '1', '1', 'Não ocorreu nenhum erro'), ('20', '5', 'O que fazemos', '0', 'whatwedo', '{\n  \"primary_key\": \"id\",\n  \"labels\": {\n    \"nome\": \"Nome\",\n    \"description\": \"Descrição\"\n  },\n  \"remove_list\": [\n    \"id\",\n    \"description\"\n  ],\n  \"possible_actions\": [\n   \n    \"r\",\n    \"u\"\n    \n  ],\n  \"options\": {\n    \"foreign_keys\": {\n      \"teste_id\": {\n        \"table\": \"teste\",\n        \"field\": \"nome\",\n        \"label\": \"Teste mesmo\",\n        \"filter\": \"id\"\n      }\n    },\n    \"fields\": {\n      \"image\": {\n        \"plugin\": \"single_upload\",\n        \"size\": \"250x220\"\n      }\n    }\n  }\n}', '99', 'fa-list-alt', null, '1', '1', null), ('21', '10', 'Horários', '0', 'time', '{\n  \"primary_key\": \"id\",\n  \"labels\": {\n    \"name\": \"Horário\",\n    \"day_id\": \"Dia\"\n  },\n  \"remove_list\": [\n    \"id\"\n  ],\n  \"possible_actions\": [\n    \"c\",\n    \"r\",\n    \"u\",\n    \"d\"\n  ],\n  \"options\": {\n    \"foreign_keys\": {\n      \"day_id\": {\n        \"table\": \"day\",\n        \"field\": \"value\",\n        \"label\": \"Teste mesmo\",\n        \"filter\": \"id\"\n      }\n    },\n    \"fields\": {\n      \"image\": {\n        \"plugin\": \"single_upload\",\n        \"size\": \"250x220\"\n      }\n    }\n  }\n}', '99', 'fa-file', '14', '1', '1', null), ('22', '10', 'Dia', '0', 'day', '{\n  \"primary_key\": \"id\",\n  \"labels\": {\n    \"value\": \"valor\"\n  },\n  \"remove_list\": [\n    \"id\",\n    \"vehicles_id\"\n  ],\n  \"possible_actions\": [\n    \"c\",\n    \"r\",\n    \"u\",\n    \"d\"\n  ],\n  \"options\": {\n    \"foreign_keys\": {\n      \"teste_id\": {\n        \"table\": \"teste\",\n        \"field\": \"nome\",\n        \"label\": \"Teste mesmo\",\n        \"filter\": \"id\"\n      }\n    },\n    \"fields\": {\n      \"image\": {\n        \"plugin\": \"single_upload\",\n        \"size\": \"250x220\"\n      }\n    }\n  }\n}', '99', 'fa-bar-char', '14', '1', '1', null), ('23', '10', 'Palestras', '0', 'lecture', '{\n  \"primary_key\": \"id\",\n  \"labels\": {\n    \"name\": \"Nome\",\n    \"text\": \"Texto\",\n    \"link\": \"Link\",\n    \"teste_id\": \"ie\"\n  },\n  \"remove_list\": [\n    \"id\",\n    \"vehicles_id\"\n  ],\n  \"possible_actions\": [\n    \"c\",\n    \"r\",\n    \"u\",\n    \"d\"\n  ],\n  \"options\": {\n    \"foreign_keys\": {\n      \"time_id\": {\n        \"table\": \"time\",\n        \"field\": \"name\",\n        \"label\": \"Teste mesmo\",\n        \"filter\": \"id\"\n      }\n    },\n    \"fields\": {\n      \"image\": {\n        \"plugin\": \"single_upload\",\n        \"size\": \"250x220\"\n      }\n    }\n  }\n}', '99', 'fa-desktop', '14', '1', '1', null), ('24', '10', 'Mapa', '0', 'mapa', '{\n  \"primary_key\": \"id\",\n  \"labels\": {\n    \"mapa\": \"Mapa\",\n    \"legenda\": \"Legenda\"\n  },\n  \"remove_list\": [\n    \"id\",\n    \"vehicles_id\"\n  ],\n  \"possible_actions\": [\n    \"c\",\n    \"r\",\n    \"u\",\n    \"d\"\n  ],\n  \"options\": {\n    \"foreign_keys\": {\n      \"teste_id\": {\n        \"table\": \"teste\",\n        \"field\": \"nome\",\n        \"label\": \"Teste mesmo\",\n        \"filter\": \"id\"\n      }\n    },\n    \"fields\": {\n      \"mapa\": {\n        \"plugin\": \"single_upload\",\n        \"size\": \"250x220\"\n      },\n \"legenda\": {\n        \"plugin\": \"single_upload\",\n        \"size\": \"250x220\"\n      }\n    }\n  }\n}', '99', 'fa-cog', null, '1', '1', null), ('25', '10', 'Perguntas', '0', 'pergunta', '{\"remove_list\":[\"id\"],\"primary_key\":\"id\",\"possible_actions\":[\"c\",\"r\",\"u\",\"d\"],\"labels\":{\"multi\":\"Mais de uma\",\"titulo\":\"Pergunta\"}}', '99', 'fa-list-alt', '15', '1', '1', null), ('26', '10', 'Alternativas', '0', 'alternativas', '{\n  \"primary_key\": \"id\",\n  \"labels\": {\n    \"id_pergunta\": \"Pergunta\",\n    \"descricao\": \"Descrição\"\n  },\n  \"remove_list\": [\n    \"id\",\n    \"vehicles_id\"\n  ],\n  \"possible_actions\": [\n    \"c\",\n    \"r\",\n    \"u\",\n    \"d\"\n  ],\n  \"options\": {\n    \"foreign_keys\": {\n      \"id_pergunta\": {\n        \"table\": \"pergunta\",\n        \"field\": \"titulo\",\n        \"label\": \"Teste mesmo\",\n        \"filter\": \"id\"\n      }\n    },\n    \"fields\": {\n      \"image\": {\n        \"plugin\": \"single_upload\",\n        \"size\": \"250x220\"\n      }\n    }\n  }\n}', '99', 'fa-table', '15', '1', '1', null), ('27', '10', 'Rotas', '0', 'rotas', '{\n  \"primary_key\": \"id\",\n  \"labels\": {\n    \"name\": \"Nome\",\n    \"description\": \"Texto\",\n    \"link\": \"Link\",\n    \"teste_id\": \"ie\"\n  },\n  \"remove_list\": [\n    \"id\",\n    \"vehicles_id\"\n  ],\n  \"possible_actions\": [\n    \n    \"r\",\n    \"u\"\n\n  ],\n  \"options\": {\n    \"foreign_keys\": {\n      \"teste_id\": {\n        \"table\": \"teste\",\n        \"field\": \"nome\",\n        \"label\": \"Teste mesmo\",\n        \"filter\": \"id\"\n      }\n    },\n    \"fields\": {\n      \"image\": {\n        \"plugin\": \"single_upload\",\n        \"size\": \"250x220\"\n      }\n    }\n  }\n}', '99', 'fa-list-alt', '16', '1', '1', null), ('28', '10', 'Horários', '0', 'horarios', '{\n  \"primary_key\": \"id\",\n  \"labels\": {\n    \"name\": \"Nome\",\n    \"description\": \"Texto\",\n    \"link\": \"Link\",\n    \"teste_id\": \"ie\"\n  },\n  \"remove_list\": [\n    \"id\",\n    \"vehicles_id\"\n  ],\n  \"possible_actions\": [\n    \n    \"r\",\n    \"u\"\n  ],\n  \"options\": {\n    \"foreign_keys\": {\n      \"teste_id\": {\n        \"table\": \"teste\",\n        \"field\": \"nome\",\n        \"label\": \"Teste mesmo\",\n        \"filter\": \"id\"\n      }\n    },\n    \"fields\": {\n      \"image\": {\n        \"plugin\": \"single_upload\",\n        \"size\": \"250x220\"\n      }\n    }\n  }\n}', '99', 'fa-bar-char', '16', '1', '1', null), ('29', '11', 'Empreendimentos', '0', 'empreendimentos', '{\"remove_list\":[\"id\"],\"primary_key\":\"id\",\"possible_actions\":[\"c\",\"r\",\"u\",\"d\"],\"options\":{\"foreign_keys\":{\"mapa_id\":{\"label\":\"Teste mesmo\",\"filter\":\"id\",\"table\":\"mapa\",\"field\":\"descricao_mapa\"}},\"fields\":{\"cover\":{\"plugin\":\"single_upload\",\"size\":\"250x220\"}}},\"labels\":{\"cover\":\"Capa\",\"nome\":\"Nome\",\"mapa_id\":\"Mapa\"}}', '99', 'fa-desktop', null, '1', '1', null), ('30', '11', 'Imagens Empreendimentos', '0', 'empreendimento_imagem', '{\"labels\":{\"imagem\":\"Imagem\",\"empreendimentos_id\":\"Empreendimento\",\"description\":\"Descrição\"},\"primary_key\":\"id\",\"possible_actions\":[\"c\",\"r\",\"u\",\"d\"],\"options\":{\"foreign_keys\":{\"empreendimentos_id\":{\"label\":\"Teste mesmo\",\"filter\":\"id\",\"table\":\"empreendimentos\",\"field\":\"nome\"}},\"fields\":{\"imagem\":{\"plugin\":\"single_upload\",\"size\":\"250x220\"}}},\"remove_list\":[\"id\"]}', '99', 'fa-folder-o', null, '1', '1', null), ('31', '11', 'mapa', '0', 'mapa', '{\"remove_list\":[\"id\"],\"primary_key\":\"id\",\"possible_actions\":[\"c\",\"r\",\"u\",\"d\"],\"options\":{\"fields\":{\"mapa_imagem\":{\"plugin\":\"single_upload\",\"size\":\"250x220\"}}},\"labels\":{\"descricao_mapa\":\"Descricao\",\"mapa_imagem\":\"Imagem\"}}', '99', 'fa-desktop', null, '1', '1', null), ('32', '5', 'Clientes', '0', 'client', '{\"remove_list\":[\"id\",\"vehicles_id\"],\"primary_key\":\"id\",\"possible_actions\":[\"c\",\"r\",\"u\",\"d\"],\"options\":{\"foreign_keys\":{\"client_id\":{\"label\":\"Cliente\",\"filter\":\"id\",\"table\":\"client\",\"field\":\"nome\"}},\"fields\":{\"logo\":{\"plugin\":\"single_upload\",\"size\":\"250x220\"}}},\"labels\":{\"logo\":\"Logo\",\"nome\":\"Nome\",\"descricao\":\"Descrição\"}}', '99', 'fa-user', null, '1', '1', null), ('33', '5', 'Resultados', '0', 'cases', '{\"remove_list\":[\"id\",\"description\"],\"primary_key\":\"id\",\"possible_actions\":[\"c\",\"r\",\"u\",\"d\"],\"options\":{\"foreign_keys\":{\"client_id\":{\"label\":\"Cliente\",\"filter\":\"id\",\"table\":\"client\",\"field\":\"nome\"}},\"fields\":{\"image\":{\"plugin\":\"single_upload\",\"size\":\"250x220\"}}},\"labels\":{\"client_id\":\"Cliente\",\"name\":\"Nome\",\"image\":\"Imagem\",\"description\":\"Descrição\"}}', '99', 'fa-desktop', null, '1', '1', null), ('35', '5', 'SEO', '0', 'SEO', '{\"labels\":{\"title\":\"Titulo\",\"tags\":\"Tags\",\"description\":\"Descrição\"},\"primary_key\":\"id\",\"possible_actions\":[\"r\",\"u\"],\"remove_list\":[\"id\"]}', '99', 'fa-cog', '11', '1', '1', null), ('36', '5', 'Contato', '0', 'contact', '{\"remove_list\":[\"id\"],\"primary_key\":\"id\",\"possible_actions\":[\"r\",\"u\"],\"labels\":{\"email_receiv_contact\":\"Destinatário contatos\",\"email_send\":\"Email de disparo\",\"email_send_pass\":\"Senha email disparo\",\"email_smtp_port\":\"Porta SMTP\"}}', '99', 'fa-cog', '11', '1', '1', null), ('40', '5', 'Blog', '2', 'blog', '{\n  \"primary_key\": \"id\",\n  \"labels\": {\n    \"name\": \"Nome\",\n    \"text\": \"Texto\",\n    \"link\": \"Link\",\n    \"teste_id\": \"ie\"\n  },\n  \"remove_list\": [\n    \"id\"\n  ],\n  \"possible_actions\": [\n    \"c\",\n    \"r\",\n    \"u\",\n    \"d\"\n  ],\n  \"options\": {\n    \"foreign_keys\": {\n      \"teste_id\": {\n        \"table\": \"teste\",\n        \"field\": \"nome\",\n        \"label\": \"Teste mesmo\",\n        \"filter\": \"id\"\n      }\n    },\n    \"fields\": {\n      \"image\": {\n        \"plugin\": \"single_upload\",\n        \"size\": \"250x220\"\n      }\n    }\n  }\n}', '99', 'fa-list-alt', null, '1', '1', null), ('41', '12', 'Estilistas', '0', 'stylist', '{\n  \"primary_key\": \"id\",\n  \"labels\": {\n    \"name\": \"Nome\",\n    \"company_work\": \"Empresa Trabalha\",\n    \"description_pt\": \"Descrição PT\",\n\"description_en\": \"Descrição EN\",\n\"description_es\": \"Descrição ES\",\n\"email\":\"Email\",\n\"facebook\":\"Facebook\",\n\"twitter\":\"Twitter\",\n\"google_plus\":\"Google Plus\",\n\"linkedin\":\"Linked In\",\n\"thumb\":\"Miniatura\",\n\n    \"cover_photo\": \"Foto\"\n  },\n  \"remove_list\": [\n    \"id\",\"email\",\"facebook\",\"twitter\",\"google_plus\",\"linkedin\", \"description_pt\",\"description_en\",\"description_es\",\"thumb\"\n  ],\n  \"possible_actions\": [\n    \"c\",\n    \"r\",\n    \"u\",\n    \"d\"\n  ],\n  \"options\": {\n    \"foreign_keys\": {\n      \"teste_id\": {\n        \"table\": \"teste\",\n        \"field\": \"nome\",\n        \"label\": \"Teste mesmo\",\n        \"filter\": \"id\"\n      }\n    },\n    \"fields\": {\n      \"cover_photo\": {\n        \"plugin\": \"single_upload\",\n        \"size\": \"250x220\"\n      },\n\"thumb\": {\n        \"plugin\": \"single_upload\",\n        \"size\": \"250x220\"\n      }\n    }\n  }\n}', '99', 'fa-user', null, '1', '1', null), ('42', '9', 'Blog novo', '2', 'blabla', '{\n  \"primary_key\": \"id\",\n  \"labels\": {\n    \"name\": \"Nome\",\n    \"text\": \"Texto\",\n    \"link\": \"Link\",\n    \"teste_id\": \"ie\"\n  },\n  \"remove_list\": [\n    \"id\"\n  ],\n  \"possible_actions\": [\n    \"c\",\n    \"r\",\n    \"u\",\n    \"d\"\n  ],\n  \"options\": {\n    \"foreign_keys\": {\n      \"teste_id\": {\n        \"table\": \"teste\",\n        \"field\": \"nome\",\n        \"label\": \"Teste mesmo\",\n        \"filter\": \"id\"\n      }\n    },\n    \"fields\": {\n      \"image\": {\n        \"plugin\": \"single_upload\",\n        \"size\": \"250x220\"\n      }\n    }\n  }\n}', '99', 'fa-list-alt', null, '1', '1', null), ('43', '12', 'Frases', '0', 'quotes', '{\n  \"primary_key\": \"id\",\n  \"labels\": {\n    \"description_pt\": \"Frase PT\",\n    \"description_en\": \"Frase EN\",\n    \"description_es\": \"Frase ES\",\n\"writter\":\"Escritor\"\n  },\n  \"remove_list\": [\n    \"id\",\"description_en\",\"description_es\",\"writter\"\n  ],\n  \"possible_actions\": [\n    \"c\",\n    \"r\",\n    \"u\",\n    \"d\"\n  ],\n  \"options\": {\n    \"foreign_keys\": {\n      \"teste_id\": {\n        \"table\": \"teste\",\n        \"field\": \"nome\",\n        \"label\": \"Teste mesmo\",\n        \"filter\": \"id\"\n      }\n    },\n    \"fields\": {\n      \"image\": {\n        \"plugin\": \"single_upload\",\n        \"size\": \"250x220\"\n      }\n    }\n  }\n}', '99', 'fa-comment           ', null, '1', '1', null), ('44', '12', 'Blog', '2', 'Blog', '{\n  \"primary_key\": \"id\",\n  \"labels\": {\n    \"name\": \"Nome\",\n    \"text\": \"Texto\",\n    \"link\": \"Link\",\n    \"teste_id\": \"ie\"\n  },\n  \"remove_list\": [\n    \"id\"\n  ],\n  \"possible_actions\": [\n    \"c\",\n    \"r\",\n    \"u\",\n    \"d\"\n  ],\n  \"options\": {\n    \"foreign_keys\": {\n      \"teste_id\": {\n        \"table\": \"teste\",\n        \"field\": \"nome\",\n        \"label\": \"Teste mesmo\",\n        \"filter\": \"id\"\n      }\n    },\n    \"fields\": {\n      \"image\": {\n        \"plugin\": \"single_upload\",\n        \"size\": \"250x220\"\n      }\n    }\n  }\n}', '99', 'fa-camera-retro      ', null, '1', '1', null), ('45', '12', 'Tipos Patrocinio', '0', 'sponsorship_type', '{\n  \"primary_key\": \"id\",\n  \"labels\": {\n    \"title_pt\": \"Descritivo PT\",\n    \"title_en\": \"Descritivo EN\",\n    \"title_es\": \"Descritivo ES\"\n  },\n  \"remove_list\": [\n    \"id\"\n  ],\n  \"possible_actions\": [\n    \"c\",\n    \"r\",\n    \"u\",\n    \"d\"\n  ],\n  \"options\": {\n    \"foreign_keys\": {\n      \"teste_id\": {\n        \"table\": \"teste\",\n        \"field\": \"nome\",\n        \"label\": \"Teste mesmo\",\n        \"filter\": \"id\"\n      }\n    },\n    \"fields\": {\n      \"image\": {\n        \"plugin\": \"single_upload\",\n        \"size\": \"250x220\"\n      }\n    }\n  }\n}', '99', 'fa-leaf              ', '17', '0', '1', null), ('46', '12', 'Patrocinadores', '0', 'sponsorship', '{\n  \"primary_key\": \"id\",\n  \"labels\": {\n    \"name\": \"Nome\",\n    \"logo\": \"logo\",\n    \"link\": \"Link\",\n\"sponsorship_type_id\":\"Tipo de patrocínio\"\n  },\n  \"remove_list\": [\n    \"id\"\n  ],\n  \"possible_actions\": [\n    \"c\",\n    \"r\",\n    \"u\",\n    \"d\"\n  ],\n  \"options\": {\n    \"foreign_keys\": {\n      \"sponsorship_type_id\": {\n        \"table\": \"sponsorship_type\",\n        \"field\": \"title_pt\",\n        \"label\": \"Teste mesmo\",\n        \"filter\": \"id\"\n      }\n    },\n    \"fields\": {\n      \"logo\": {\n        \"plugin\": \"single_upload\",\n        \"size\": \"250x220\"\n      }\n    }\n  }\n}', '99', 'fa-desktop', '17', '0', '1', null), ('47', '12', 'Banners', '0', 'home_banners', '{\n  \"primary_key\": \"id\",\n  \"labels\": {\n    \"text_en\": \"Titulo EN\",\n    \"text_pt\": \"Titulo PT\",\n    \"text_es\": \"Titulo EN\",\n    \"photo\": \"Banner\"\n  },\n  \"remove_list\": [\n    \"id\"\n  ],\n  \"possible_actions\": [\n    \"c\",\n    \"r\",\n    \"u\",\n    \"d\"\n  ],\n  \"options\": {\n    \"foreign_keys\": {\n      \"teste_id\": {\n        \"table\": \"teste\",\n        \"field\": \"nome\",\n        \"label\": \"Teste mesmo\",\n        \"filter\": \"id\"\n      }\n    },\n    \"fields\": {\n      \"photo\": {\n        \"plugin\": \"single_upload\",\n        \"size\": \"250x220\"\n      }\n    }\n  }\n}', '99', 'fa-money             ', null, '1', '1', null), ('48', '12', 'Menu', '0', 'menu', '{\"labels\":{\"title_es\":\"Menu ES\",\"title_pt\":\"Menu PT\",\"title_en\":\"Menu EN\",\"link\":\"Link\"},\"primary_key\":\"id\",\"possible_actions\":[\"c\",\"r\",\"u\"],\"remove_list\":[\"id\"]}', '99', 'fa-book              ', '18', '1', '1', null), ('49', '12', 'Titulos WEBSITE', '0', 'website_titles', '{\n  \"possible_actions\": [\n    \"c\",\n    \"r\",\n    \"u\"\n  ],\n  \"labels\": {\n    \"title_pt\": \"Titulo PT\",\n    \"title_en\": \"Titulo EN\",\n    \"title_es\": \"Titulo ES\"\n  },\n  \"primary_key\": \"id\"\n}', '99', 'fa-book              ', '18', '1', '1', null), ('50', '12', 'Dados de Contato', '0', 'contact_data', '{\n  \"primary_key\": \"id\",\n  \"labels\": {\n    \"facebook_link\": \"Link Facebook\",\n    \"twitter_link\": \"Link Twitter\",\n    \"phone_ES\": \"Telefone ESP\",\n    \"email_display\": \"Email visivel\",\n    \"email_receive_contact\": \"Email Contato\",\n    \"smtp_user\": \"Email SMTP\",\n    \"smtp_pass\": \"Senha SMTP\",\n\"smtp_port\": \"Porta SMTP\"\n  },\n  \"remove_list\": [\n    \"id\"\n  ],\n  \"possible_actions\": [\n\n    \"r\",\n    \"u\"\n  ],\n  \"options\": {\n    \"foreign_keys\": {\n      \"teste_id\": {\n        \"table\": \"teste\",\n        \"field\": \"nome\",\n        \"label\": \"Teste mesmo\",\n        \"filter\": \"id\"\n      }\n    },\n    \"fields\": {\n      \"image\": {\n        \"plugin\": \"single_upload\",\n        \"size\": \"250x220\"\n      }\n    }\n  }\n}', '99', 'fa-inbox             ', null, '1', '1', null), ('51', '12', 'Textos', '0', 'translate_text', '{\n  \"primary_key\": \"id\",\n  \"labels\": {\n    \"text_pt\": \"Texto PT\",\n    \"text_en\": \"Texto EN\",\n    \"text_es\": \"Texto ES\",\n    \"teste_id\": \"ie\"\n  },\n  \"remove_list\": [\n    \"id\"\n  ],\n  \"possible_actions\": [\n    \"c\",\n    \"r\",\n    \"u\"\n  ],\n  \"options\": {\n    \"foreign_keys\": {\n      \"teste_id\": {\n        \"table\": \"teste\",\n        \"field\": \"nome\",\n        \"label\": \"Teste mesmo\",\n        \"filter\": \"id\"\n      }\n    },\n    \"fields\": {\n      \"image\": {\n        \"plugin\": \"single_upload\",\n        \"size\": \"250x220\"\n      }\n    }\n  }\n}', '99', 'fa-bar-chart-o', '18', '1', '1', null), ('52', '12', 'O Projeto', '0', 'tracos', '{\n  \"primary_key\": \"id\",\n  \"labels\": {\n    \"title_pt\": \"Titulo PT\",\n    \"title_en\": \"Titulo EN\",\n    \"title_es\": \"Titulo ES\",\n    \"photo\": \"Imagem\",\n    \"tags\": \"Tags\",\n    \"description_pt\": \"Descrição PT\",\n    \"description_en\": \"Descrição EN\",\n    \"description_es\": \"Descrição ES\",\n\"id_tracos_grid_size\":\"Disposição\",\n\"ordenation\":\"Ordem\",\n\"cover\":\"Capa Internas\",\n\"is_idealizadores\":\"É idealizador (1 para sim)\",\n\"custom_link\":\"Link customizado\"\n  },\n  \"remove_list\": [\n \"id\",\"tags\",\"title_en\",\"title_es\",\"description_pt\",\"description_en\",\"description_es\",\"is_idealizadores\",\"custom_link\"\n  ],\n  \"possible_actions\": [\n    \"c\",\n    \"r\",\n    \"u\",\n    \"d\"\n  ],\n  \"options\": {\n    \"foreign_keys\": {\n      \"id_tracos_grid_size\": {\n        \"table\": \"tracos_grid_size\",\n        \"field\": \"name\",\n        \"label\": \"Teste mesmo\",\n        \"filter\": \"id\"\n      }\n    },\n\n              \"is_idealizadores\":{\n                \"plugin\":\"active_box\"\n              },\n    \"fields\": {\n      \"photo\": {\n        \"plugin\": \"single_upload\",\n        \"size\": \"250x220\"\n      },\"cover\": {\n        \"plugin\": \"single_upload\",\n        \"size\": \"250x220\"\n      }\n    }\n  }\n}', '99', 'fa-magic             ', '19', '1', '1', null), ('53', '8', 'Caracteristicas', '0', 'caracteristics', '{\n  \"primary_key\": \"id\",\n  \"labels\": {\n    \"title\": \"Caracteristica\",\n    \"id_services\": \"Serviço\",\n    \"link\": \"Link\",\n    \"teste_id\": \"ie\"\n  },\n  \"remove_list\": [\n    \"id\"\n  ],\n  \"possible_actions\": [\n    \"c\",\n    \"r\",\n    \"u\",\n    \"d\"\n  ],\n  \"options\": {\n    \"foreign_keys\": {\n      \"id_services\": {\n        \"table\": \"services\",\n        \"field\": \"title\",\n        \"label\": \"Teste mesmo\",\n        \"filter\": \"id\"\n      }\n    },\n    \"fields\": {\n      \"photo\": {\n        \"plugin\": \"single_upload\",\n        \"size\": \"250x220\"\n      }\n    }\n  }\n}', '99', 'fa-list-alt', '3', '1', '1', null), ('54', '5', 'Texto Parallax', '0', 'text_parallax', '{\n  \"primary_key\": \"id\",\n  \"labels\": {\n    \"title\": \"Texto\",\n    \"text\": \"Texto\",\n    \"link\": \"Link\",\n    \"teste_id\": \"ie\"\n  },\n  \"remove_list\": [\n    \"id\"\n  ],\n  \"possible_actions\": [\n \n    \"r\",\n    \"u\"\n    \n  ],\n  \"options\": {\n    \"foreign_keys\": {\n      \"teste_id\": {\n        \"table\": \"teste\",\n        \"field\": \"nome\",\n        \"label\": \"Teste mesmo\",\n        \"filter\": \"id\"\n      }\n    },\n    \"fields\": {\n      \"image\": {\n        \"plugin\": \"single_upload\",\n        \"size\": \"250x220\"\n      }\n    }\n  }\n}', '99', 'fa-barcode           ', '11', '1', '1', null), ('55', '5', '', '0', '', '{\n  \"primary_key\": \"id\",\n  \"labels\": {\n    \"name\": \"Nome\",\n    \"text\": \"Texto\",\n    \"link\": \"Link\",\n    \"teste_id\": \"ie\"\n  },\n  \"remove_list\": [\n    \"id\"\n  ],\n  \"possible_actions\": [\n    \n    \"r\",\n    \"u\"\n   \n  ],\n  \"options\": {\n    \"foreign_keys\": {\n      \"teste_id\": {\n        \"table\": \"teste\",\n        \"field\": \"nome\",\n        \"label\": \"Teste mesmo\",\n        \"filter\": \"id\"\n      }\n    },\n    \"fields\": {\n      \"image\": {\n        \"plugin\": \"single_upload\",\n        \"size\": \"250x220\"\n      }\n    }\n  }\n}', '99', 'fa-bar-chart-o', '12', '1', '1', null), ('56', '8', 'Configurar', '0', 'configure', '{\n  \"primary_key\": \"id\",\n  \"labels\": {\n    \"facebook\": \"Facebook\",\n    \"email_contact\": \"Email de Contato\",\n    \"telefone\": \"Telefone\",\n    \"contact_text\": \"Texto de contato\"\n  },\n  \"remove_list\": [\n    \"id\"\n  ],\n  \"possible_actions\": [\n   \n    \"r\",\n    \"u\"\n    \n  ],\n  \"options\": {\n    \"foreign_keys\": {\n      \"teste_id\": {\n        \"table\": \"teste\",\n        \"field\": \"nome\",\n        \"label\": \"Teste mesmo\",\n        \"filter\": \"id\"\n      }\n    },\n    \"fields\": {\n      \"image\": {\n        \"plugin\": \"single_upload\",\n        \"size\": \"250x220\"\n      }\n    }\n  }\n}', '99', 'fa-cog', null, '1', '1', null), ('57', '12', 'Apoio e patrocinio', '0', 'support', '{\n  \"primary_key\": \"id\",\n  \"labels\": {\n    \"promotionalImage\": \"Imagem\",\n\"tipos_patrocinios_id\":\"Tipo de Patrocinios\",\n    \"description_pt\": \"Texto PT\",\n    \"title_pt\": \"Titulo PT\",\n    \"website\": \"Site\",\n\"title_en\":\"Titulo EN\",\n\"description_en\":\"Texto EN\",\n\"task_pt\":\"Trabalhou com (PT)\",\n\"task_en\":\"Trabalhou com (EN)\",\n\"ordenation\":\"Ordem\",\n\"companyName\":\"Nome Empresa\"\n  },\n  \"remove_list\": [\n    \"id\",\"description_pt\",\"website\",\"title_en\",\"description_en\",\"task_pt\",\"task_en\"\n  ],\n  \"possible_actions\": [\n    \"c\",\n    \"r\",\n    \"u\",\n    \"d\"\n  ],\n  \"options\": {\n    \"foreign_keys\": {\n      \"tipos_patrocinios_id\": {\n        \"table\": \"tipos_patrocinios\",\n        \"field\": \"identificador\",\n        \"label\": \"Patrocinios\",\n        \"filter\": \"id\"\n      }\n    },\n    \"fields\": {\n      \"promotionalImage\": {\n        \"plugin\": \"single_upload\",\n        \"size\": \"250x220\"\n      }\n    }\n  }\n}', '99', 'fa-star              ', '21', '1', '1', null), ('58', '12', 'Teste', '0', 'test', '{\n  \"primary_key\": \"id\",\n  \"labels\": {\n    \"name\": \"Nome\",\n    \"text\": \"Texto\",\n    \"link\": \"Link\",\n    \"teste_id\": \"ie\"\n  },\n  \"remove_list\": [\n    \"id\"\n  ],\n  \"possible_actions\": [\n    \"c\",\n    \"r\",\n    \"u\",\n    \"d\"\n  ],\n  \"options\": {\n    \"foreign_keys\": {\n      \"teste_id\": {\n        \"table\": \"teste\",\n        \"field\": \"nome\",\n        \"label\": \"Teste mesmo\",\n        \"filter\": \"id\"\n      }\n    },\n    \"fields\": {\n      \"imagem1\": {\n        \"plugin\": \"single_upload\",\n        \"size\": \"250x220\"\n      },\n\"imagem2\": {\n        \"plugin\": \"single_upload\",\n        \"size\": \"250x220\"\n      }\n    }\n  }\n}', '99', 'fa-folder-open', null, '0', '1', null), ('59', '12', 'Idealizadores', '0', 'idealizadores', '{\n  \"primary_key\": \"id\",\n  \"labels\": {\n    \"title\": \"Titulo\",\n    \"description\": \"Texto\",\n    \"image\": \"Imagem\"\n  },\n  \"remove_list\": [\n    \"id\",\"description\"\n  ],\n  \"possible_actions\": [\n    \"c\",\n    \"r\",\n    \"u\",\n    \"d\"\n  ],\n  \"options\": {\n    \"foreign_keys\": {\n      \"teste_id\": {\n        \"table\": \"teste\",\n        \"field\": \"nome\",\n        \"label\": \"Teste mesmo\",\n        \"filter\": \"id\"\n      }\n    },\n    \"fields\": {\n      \"image\": {\n        \"plugin\": \"single_upload\",\n        \"size\": \"250x220\"\n      }\n    }\n  }\n}', '99', 'fa-bar-chart-o', '19', '1', '1', null), ('60', '12', 'Equipe Técnica', '0', 'equipe', '{\n  \"primary_key\": \"id\",\n  \"labels\": {\n    \"title_pt\": \"Nome Empresa PT\",\n    \"title_en\": \"Nome Empresa EN\",\n    \"description_pt\": \"Descrição PT\",\n    \"description_en\": \"Descrição EN\",\n\"image\":\"Foto\"\n  },\n  \"remove_list\": [\n    \"id\",\"title_en\",\"description_en\",\"description_pt\"\n  ],\n  \"possible_actions\": [\n    \"c\",\n    \"r\",\n    \"u\",\n    \"d\"\n  ],\n  \"options\": {\n    \"foreign_keys\": {\n      \"teste_id\": {\n        \"table\": \"teste\",\n        \"field\": \"nome\",\n        \"label\": \"Teste mesmo\",\n        \"filter\": \"id\"\n      }\n    },\n    \"fields\": {\n      \"image\": {\n        \"plugin\": \"single_upload\",\n        \"size\": \"250x220\"\n      }\n    }\n  }\n}', '99', 'fa-ambulance         ', null, '1', '1', null), ('63', '12', 'Incentivador', '0', 'incentive', '{\n  \"primary_key\": \"id\",\n  \"labels\": {\n\"name\":\"Nome\",\n\"logo\":\"Logo\",\n\"position\":\"Posição\"\n  },\n  \"remove_list\": [\n    \"id\"\n  ],\n  \"possible_actions\": [\n    \"c\",\n    \"r\",\n    \"u\",\n    \"d\"\n  ],\n  \"options\": {\n    \"foreign_keys\": {\n      \"teste_id\": {\n        \"table\": \"teste\",\n        \"field\": \"nome\",\n        \"label\": \"Teste mesmo\",\n        \"filter\": \"id\"\n      }\n    },\n    \"fields\": {\n      \"logo\": {\n        \"plugin\": \"single_upload\",\n        \"size\": \"250x220\"\n      }\n    }\n  }\n}', '99', 'fa-star              ', '21', '1', '1', null), ('64', '12', 'Tipos', '0', 'tipos_patrocinios', '{\n  \"primary_key\": \"id\",\n  \"labels\": {\n    \"id\":\"\",\n\"identificador\":\"Identificador\",\n\"Imagem\":\"Imagem\",\n\"titulo_pt\":\"Título PT\",\n\"titulo_en\":\"Título_en\",\n\"descricao_pt\":\"Descrição PT\",\n\"descricao_en\":\"Descrição EN\"\n  },\n  \"remove_list\": [\n    \"id\"\n  ],\n  \"possible_actions\": [\n    \"c\",\n    \"r\",\n    \"u\",\n    \"d\"\n  ],\n  \"options\": {\n    \"foreign_keys\": {\n      \"teste_id\": {\n        \"table\": \"teste\",\n        \"field\": \"nome\",\n        \"label\": \"Teste mesmo\",\n        \"filter\": \"id\"\n      }\n    },\n    \"fields\": {\n      \"Imagem\": {\n        \"plugin\": \"single_upload\",\n        \"size\": \"250x220\"\n      }\n    }\n  }\n}', '99', 'fa-star              ', '21', '1', '1', null), ('65', '12', '', '0', '', '{\n  \"primary_key\": \"id\",\n  \"labels\": {\n    \"name\": \"Nome\",\n    \"text\": \"Texto\",\n    \"link\": \"Link\",\n    \"teste_id\": \"ie\"\n  },\n  \"remove_list\": [\n    \"id\"\n  ],\n  \"possible_actions\": [\n    \"c\",\n    \"r\",\n    \"u\",\n    \"d\"\n  ],\n  \"options\": {\n    \"foreign_keys\": {\n      \"teste_id\": {\n        \"table\": \"teste\",\n        \"field\": \"nome\",\n        \"label\": \"Teste mesmo\",\n        \"filter\": \"id\"\n      }\n    },\n    \"fields\": {\n      \"image\": {\n        \"plugin\": \"single_upload\",\n        \"size\": \"250x220\"\n      }\n    }\n  }\n}', '99', 'fa-star              ', null, '0', '1', null), ('66', '13', 'Menu', '0', 'menu', '{\n  \"primary_key\": \"id\",\n  \"labels\": {\n    \"id\":\"\",\n\"title\":\"Título\",\n\"link\":\"Link\"\n  },\n  \"remove_list\": [\n    \"id\"\n  ],\n  \"possible_actions\": [\n    \"r\",\n    \"u\"\n  ],\n  \"options\": {\n    \"foreign_keys\": {\n      \"teste_id\": {\n        \"table\": \"teste\",\n        \"field\": \"nome\",\n        \"label\": \"Teste mesmo\",\n        \"filter\": \"id\"\n      }\n    },\n    \"fields\": {\n      \"image\": {\n        \"plugin\": \"single_upload\",\n        \"size\": \"250x220\"\n      }\n    }\n  }\n}', '99', 'fa-list              ', '22', '1', '1', null), ('67', '13', 'Banners', '0', 'banner', '{\n  \"primary_key\": \"id\",\n  \"labels\": {\n    \"id\":\"\",\n\"title\":\"Título (opcional)\",\n\"description\":\"Descrição (opcional)\",\n\"image\":\"Imagem\",\n\"menu_id\":\"Vincular Menu (opcional)\"\n  },\n  \"remove_list\": [\n    \"id\"\n  ],\n  \"possible_actions\": [\n    \"c\",\n    \"r\",\n    \"u\",\n    \"d\"\n  ],\n  \"options\": {\n    \"foreign_keys\": {\n      \"menu_id\": {\n        \"table\": \"menu\",\n        \"field\": \"title\",\n        \"label\": \"Teste mesmo\",\n        \"filter\": \"id\"\n      }\n    },\n    \"fields\": {\n      \"image\": {\n        \"plugin\": \"single_upload\",\n        \"size\": \"250x220\"\n      }\n    }\n  }\n}', '99', 'fa-print             ', null, '1', '1', null), ('68', '13', 'Sobre', '0', 'about', '{\n  \"primary_key\": \"id\",\n  \"labels\": {\n    \"id\":\"\",\n\"title\":\"Título\",\n\"description\":\"Descrição\",\n\"image\":\"Imagem Destaque\",\n\"background\":\"Background\"\n  },\n  \"remove_list\": [\n    \"id\",\"description\",\"imagem\",\"background\"\n  ],\n  \"possible_actions\": [\n    \"r\",\n    \"u\"\n  ],\n  \"options\": {\n    \"foreign_keys\": {\n      \"teste_id\": {\n        \"table\": \"teste\",\n        \"field\": \"nome\",\n        \"label\": \"Teste mesmo\",\n        \"filter\": \"id\"\n      }\n    },\n    \"fields\": {\n      \"image\": {\n        \"plugin\": \"single_upload\",\n        \"size\": \"250x220\"\n      },\n\"background\": {\n        \"plugin\": \"single_upload\",\n        \"size\": \"250x220\"\n      }\n    }\n  }\n}', '99', 'fa-heart             ', null, '1', '1', null), ('69', '13', 'Imagens', '0', 'portfolio_image', '{\n  \"primary_key\": \"id\",\n  \"labels\": {\n    \"id\":\"\",\n\"title\":\"Título\",\n\"description\":\"Descrição\",\n\"image\":\"Imagem (1024x768)\"\n  },\n  \"remove_list\": [\n    \"id\",\"portfolio_id\"\n  ],\n\"blacklist\":[\n\"portfolio_id\"\n],\n  \"possible_actions\": [\n    \"c\",\n    \"u\",\n    \"d\"\n  ],\n  \"options\": {\n    \"foreign_keys\": {\n      \"teste_id\": {\n        \"table\": \"teste\",\n        \"field\": \"nome\",\n        \"label\": \"Teste mesmo\",\n        \"filter\": \"id\"\n      }\n    },\n    \"fields\": {\n      \"image\": {\n        \"plugin\": \"single_upload\",\n        \"size\": \"250x220\"\n      }\n    }\n  }\n}', '99', 'fa-bar-chart-o', null, '0', '1', null), ('70', '13', 'Categorias', '0', 'portfolio_categoria', '{\n  \"primary_key\": \"id\",\n  \"labels\": {\n    \"id\":\"\",\n\"title\":\"Título\"\n  },\n  \"remove_list\": [\n    \"id\"\n  ],\n  \"possible_actions\": [\n    \"c\",\n    \"r\",\n    \"u\",\n    \"d\"\n  ],\n  \"options\": {\n    \"foreign_keys\": {\n      \"teste_id\": {\n        \"table\": \"teste\",\n        \"field\": \"nome\",\n        \"label\": \"Teste mesmo\",\n        \"filter\": \"id\"\n      }\n    },\n    \"fields\": {\n      \"image\": {\n        \"plugin\": \"single_upload\",\n        \"size\": \"250x220\"\n      }\n    }\n  }\n}', '99', 'fa-star              ', '23', '1', '1', null), ('71', '13', '', '0', '', '{\n  \"primary_key\": \"id\",\n  \"labels\": {\n    \"name\": \"Nome\",\n    \"text\": \"Texto\",\n    \"link\": \"Link\",\n    \"teste_id\": \"ie\"\n  },\n  \"remove_list\": [\n    \"id\"\n  ],\n  \"possible_actions\": [\n    \"c\",\n    \"r\",\n    \"u\",\n    \"d\"\n  ],\n  \"options\": {\n    \"foreign_keys\": {\n      \"teste_id\": {\n        \"table\": \"teste\",\n        \"field\": \"nome\",\n        \"label\": \"Teste mesmo\",\n        \"filter\": \"id\"\n      }\n    },\n    \"fields\": {\n      \"image\": {\n        \"plugin\": \"single_upload\",\n        \"size\": \"250x220\"\n      }\n    }\n  }\n}', '99', 'fa-bar-chart-o', null, '0', '1', null), ('72', '13', 'Portfólio', '0', 'portfolio', '{\n  \"primary_key\": \"id\",\n  \"labels\": {\n    \"id\":\"\",\n\"title\":\"Título\",\n\"portfolio_categoria\":\"Categoria\",\n\"cover\":\"Capa\",\n\"description\":\"Descrição\"\n  },\n  \"remove_list\": [\n    \"id\"\n  ],\n  \"possible_actions\": [\n    \"c\",\n    \"r\",\n    \"u\",\n    \"d\"\n  ],\n  \"components\": {\n    \"out_of_form\": {\n      \"onetomany\": {\n        \"table\": \"portfolio_image\",\n    \"texto_header\":\"Imagens do portfólio\",\n        \"fieldKey\": \"portfolio_id\",\n        \"myfieldKey\": \"id\"\n      }\n    }\n  },\n  \"options\": {\n    \"foreign_keys\": {\n      \"portfolio_categoria\": {\n        \"table\": \"portfolio_categoria\",\n        \"field\": \"title\",\n        \"label\": \"Teste mesmo\",\n        \"filter\": \"id\"\n      }\n    },\n    \"fields\": {\n      \"cover\": {\n        \"plugin\": \"single_upload\",\n        \"size\": \"250x220\"\n      }\n    }\n  }\n}', '99', 'fa-bar-chart-o', '23', '1', '1', null), ('73', '13', 'Videos', '0', 'portfolio_video', '{\n  \"primary_key\": \"id\",\n  \"labels\": {\n    \"id\":\"\",\n\"title\":\"Título\",\n\"youtube_link\":\"Link Youtube\",\n\"cover\":\"Capa\",\n\"description\":\"Descrição\"\n  },\n  \"remove_list\": [\n    \"id\",\"description\"\n  ],\n  \"possible_actions\": [\n    \"c\",\n    \"r\",\n    \"u\",\n    \"d\"\n  ],\n  \"options\": {\n    \"foreign_keys\": {\n      \"teste_id\": {\n        \"table\": \"teste\",\n        \"field\": \"nome\",\n        \"label\": \"Teste mesmo\",\n        \"filter\": \"id\"\n      }\n    },\n    \"fields\": {\n      \"cover\": {\n        \"plugin\": \"single_upload\",\n        \"size\": \"250x220\"\n      }\n    }\n  }\n}', '99', 'fa-star              ', '23', '1', '1', null), ('74', '13', 'Dados do Site', '0', 'website_data', '{\n  \"primary_key\": \"id\",\n  \"labels\": {\n    \"id\":\"\",\n\"phone\":\"Numero Telefone\",\n\"adress\":\"Endereço\",\n\"contact_email\":\"Email contato\",\n\"facebook_link\":\"Link Facebook\",\n\"twitter_link\":\"Link Twitter\",\n\"linkedin_link\":\"Link Linked In\",\n\"youtube_link\":\"Link Youtube\",\n\"parallax_image\":\"Imagem Fundo (Hd)\",\n\"contact_parallax_image\":\"Imagem Fundo Dados Contato\",\n\"website_title\":\"Título do site\",\n\"logotipo\":\"Logotipo\"\n  },\n  \"remove_list\": [\n    \"id\",\"facebook_link\",\"twitter_link\",\"youtube_link\",\"parallax_image\",\"contact_parallax_image\"\n  ],\n  \"possible_actions\": [\n\n    \"r\",\n    \"u\"\n  ],\n  \n  \"options\": {\n    \"foreign_keys\": {\n      \"teste_id\": {\n        \"table\": \"teste\",\n        \"field\": \"nome\",\n        \"label\": \"Teste mesmo\",\n        \"filter\": \"id\"\n      }\n    },\n    \"fields\": {\n      \"parallax_image\": {\n        \"plugin\": \"single_upload\",\n        \"size\": \"250x220\"\n      },\n\"contact_parallax_image\":{\n        \"plugin\": \"single_upload\",\n        \"size\": \"250x220\"\n      },\n\"logotipo\":{\n        \"plugin\": \"single_upload\",\n        \"size\": \"250x220\"\n      }\n    }\n  }\n}', '99', 'fa-bar-chart-o', '22', '1', '1', null), ('75', '13', 'Textos do site', '0', 'website_text', '{\n  \"primary_key\": \"id\",\n  \"labels\": {\n    \"id\":\"\",\n\"page\":\"Página\",\n\"description\":\"Descrição\"\n  },\n  \"remove_list\": [\n    \"id\",\"description\"\n  ],\n  \"possible_actions\": [\n    \"r\",\n    \"u\"\n  ],\n  \"options\": {\n    \"foreign_keys\": {\n      \"teste_id\": {\n        \"table\": \"teste\",\n        \"field\": \"nome\",\n        \"label\": \"Teste mesmo\",\n        \"filter\": \"id\"\n      }\n    },\n    \"fields\": {\n      \"image\": {\n        \"plugin\": \"single_upload\",\n        \"size\": \"250x220\"\n      }\n    }\n  }\n}', '99', 'fa-bar-chart-o', '22', '1', '1', null), ('76', '13', 'Serviços', '0', 'services', '{\n  \"primary_key\": \"id\",\n  \"labels\": {\n    \"id\":\"\",\n\"title\":\"Título\",\n\"description\":\"Descrição\",\n\"image\":\"Imagem\",\n\"website_title\":\"Título do site\"\n  },\n  \"remove_list\": [\n    \"id\",\"description\"\n  ],\n  \"possible_actions\": [\n    \"c\",\n    \"r\",\n    \"u\",\n    \"d\"\n  ],\n  \"options\": {\n    \"foreign_keys\": {\n      \"teste_id\": {\n        \"table\": \"teste\",\n        \"field\": \"nome\",\n        \"label\": \"Teste mesmo\",\n        \"filter\": \"id\"\n      }\n    },\n    \"fields\": {\n      \"image\": {\n        \"plugin\": \"single_upload\",\n        \"size\": \"250x220\"\n      }\n    }\n  }\n}', '99', 'fa-bolt              ', null, '1', '1', null), ('77', '12', 'Obras', '0', 'obra_arte', '{\n  \"primary_key\": \"id\",\n  \"labels\": {\n    \"id\":\"\",\n\"titulo_pt\":\"Titulo PT\",\n\"titulo_en\":\"Titulo EN\",\n\"stylist_id\":\"Estilista\",\n\"descricao_pt\":\"Descrição PT\",\n\"descricao_en\":\"Descrição EN\",\n\"estrelas\":\"Estrelas\",\n\"arte\":\"Imagem Obra\"\n  },\n  \"remove_list\": [\n    \"id\",\"descricao_pt\",\"descricao_en\",\"titulo_en\",\"arte\"\n  ],\n  \"possible_actions\": [\n    \"c\",\n    \"r\",\n    \"u\",\n    \"d\"\n  ],\n  \n  \"options\": {\n    \"foreign_keys\": {\n      \"stylist_id\": {\n        \"table\": \"stylist\",\n        \"field\": \"name\",\n        \"label\": \"Teste mesmo\",\n        \"filter\": \"id\"\n      }\n    },\n    \"fields\": {\n      \"arte\": {\n        \"plugin\": \"single_upload\",\n        \"size\": \"250x220\"\n      }\n    }\n  }\n}', '99', 'fa-github            ', '24', '1', '1', null), ('78', '12', 'Interessados', '0', 'obra_arte_interesse', '{\n  \"primary_key\": \"id\",\n  \"labels\": {\n    \"id\":\"\",\n\"obra_arte_id\":\"Obra de arte\",\n\"nome\":\"Nome\",\n\"email\":\"Email\",\n\"celular\":\"Celular\",\n\"telefone_fixo\":\"Telefone Fixo\"\n  },\n  \"remove_list\": [\n    \"id\"\n  ],\n  \"possible_actions\": [\n    \"c\",\n    \"r\",\n    \"u\",\n    \"d\"\n  ],\n  \"options\": {\n    \"foreign_keys\": {\n      \"obra_arte_id\": {\n        \"table\": \"obra_arte\",\n        \"field\": \"titulo_pt\",\n        \"label\": \"Teste mesmo\",\n        \"filter\": \"id\"\n      }\n    },\n    \"fields\": {\n      \"image\": {\n        \"plugin\": \"single_upload\",\n        \"size\": \"250x220\"\n      }\n    }\n  }\n}', '99', 'fa-bar-chart-o', '24', '1', '1', null), ('79', '12', 'Textos', '0', 'texto_obras', '{\n  \"primary_key\": \"id\",\n  \"labels\": {\n    \"id\":\"\",\n\"title_pt\":\"Título PT\",\n\"title_en\":\"Título EN\",\n\"description_pt\":\"Descrição PT\",\n\"description_en\":\"Descrição EN\"\n  },\n  \"remove_list\": [\n    \"id\",\"title_en\",\"description_pt\",\"description_en\"\n  ],\n  \"possible_actions\": [\n \n    \"r\",\n    \"u\"\n  ],\n  \"options\": {\n    \"foreign_keys\": {\n      \"teste_id\": {\n        \"table\": \"teste\",\n        \"field\": \"nome\",\n        \"label\": \"Teste mesmo\",\n        \"filter\": \"id\"\n      }\n    },\n    \"fields\": {\n      \"image\": {\n        \"plugin\": \"single_upload\",\n        \"size\": \"250x220\"\n      }\n    }\n  }\n}', '99', 'fa-bar-chart-o', '24', '1', '1', null), ('80', '14', 'Banners', '0', 'banner', '{\n  \"primary_key\": \"id\",\n  \"labels\": {\n    \"id\":\"\",\n\"title\":\"Titulo\",\n\"link\":\"Link\",\n\"image_position\":\"Ordem(ex:1,2,3)\",\n\"image\":\"Imagem\"\n  },\n  \"remove_list\": [\n    \"id\",\"link\"\n  ],\n  \"possible_actions\": [\n    \"c\",\n    \"r\",\n    \"u\",\n    \"d\"\n  ],\n  \"options\": {\n    \"foreign_keys\": {\n      \"teste_id\": {\n        \"table\": \"teste\",\n        \"field\": \"nome\",\n        \"label\": \"Teste mesmo\",\n        \"filter\": \"id\"\n      }\n    },\n    \"fields\": {\n      \"image\": {\n        \"plugin\": \"single_upload\",\n        \"size\": \"250x220\"\n      }\n    }\n  }\n}', '99', 'fa-leaf              ', null, '1', '1', null), ('81', '14', 'Pacotes', '0', 'package', '{\n    \"primary_key\": \"id\",\n    \"labels\": {\n        \"id\": \"\",\n        \"title\": \"Título\",\n        \"subtitle\": \"Título Descrição\",\n        \"channels\": \"Canais\",\n        \"price\": \"Preço\",\n        \"description\": \"Descrição\",\n        \"color\": \"Cor em hexa (ex. #fff000)\",\n\"color_border\": \"Cor da borda em hexa (ex. #fff000)\",\n\"color_arrow\": \"Cor da seta em hexa (ex. #fff000)\",\n\"package_category_id\":\"Categoria\",\n\"position\":\"Posição\"\n    },\n    \"remove_list\": [\n        \"id\",\n        \"subtitle\",\n        \"description\",\"channels\", \"price\",  \"color\",\"color_border\",\"color_arrow\"\n    ],\n    \"possible_actions\": [\n        \"c\",\n        \"r\",\n        \"u\",\n        \"d\"\n    ],\n    \"components\": {\n        \"out_of_form\": {\n            \"onetomany\": {\n                \"table\": \"package_detail\",\n                \"texto_header\": \"Destaques do pacote\",\n                \"fieldKey\": \"package_id\",\n                \"myfieldKey\": \"id\"\n            },\n            \"multiselectbox\": {\n                \"text_header\": \"Selecione os canais vinculados\",\n                \"table\": \"channel\",\n                \"field_display\": \"title\",\n                \"record_on\": {\n                    \"table\": \"package_channel\",\n                    \"my_field\": \"package_id\",\n                    \"foreign_element\": \"channel_id\"\n                }\n            }\n        }\n    },\n    \"options\": {\n        \"foreign_keys\": {\n            \"package_category_id\": {\n                \"table\": \"package_category\",\n                \"field\": \"title\",\n                \"label\": \"Teste mesmo\",\n                \"filter\": \"id\"\n            }\n        },\n        \"fields\": {\n            \"image\": {\n                \"plugin\": \"single_upload\",\n                \"size\": \"250x220\"\n            }\n        }\n    }\n}', '99', 'fa-bookmark          ', '26', '1', '1', null), ('82', '14', 'Detalhes do Pacote', '0', 'package_detail', '{\n  \"primary_key\": \"id\",\n  \"labels\": {\n    \"id\":\"\",\n\"title\":\"Título\",\n\"subtitle\":\"Subtitulo\",\n\"boxed\":\"\",\n\"package_id\":\"\"\n  },\n  \"remove_list\": [\n    \"id\",\"package_id\"\n  ],\n\"blacklist\":[\n\"package_id\"\n],\n  \"possible_actions\": [\n    \"c\",\n    \"r\",\n    \"u\",\n    \"d\"\n  ],\n  \"options\": {\n    \"foreign_keys\": {\n      \"teste_id\": {\n        \"table\": \"teste\",\n        \"field\": \"nome\",\n        \"label\": \"Teste mesmo\",\n        \"filter\": \"id\"\n      }\n    },\n    \"fields\": {\n      \"image\": {\n        \"plugin\": \"single_upload\",\n        \"size\": \"250x220\"\n      }\n    }\n  }\n}', '99', 'fa-bar-chart-o', null, '0', '1', null), ('83', '14', 'Video', '0', 'about_video', '{\n  \"primary_key\": \"id\",\n  \"labels\": {\n    \"id\":\"\",\n\"title\":\"Título\",\n\"subtitle\":\"Subtitulo\",\n\"video\":\"Link Youtube\"\n  },\n  \"remove_list\": [\n    \"id\"\n  ],\n  \"possible_actions\": [\n   \n    \"r\",\n    \"u\"\n    \n  ],\n  \"options\": {\n    \"foreign_keys\": {\n      \"teste_id\": {\n        \"table\": \"teste\",\n        \"field\": \"nome\",\n        \"label\": \"Teste mesmo\",\n        \"filter\": \"id\"\n      }\n    },\n    \"fields\": {\n      \"image\": {\n        \"plugin\": \"single_upload\",\n        \"size\": \"250x220\"\n      }\n    }\n  }\n}', '99', 'fa-comment           ', '25', '1', '1', null), ('84', '14', 'Sobre', '0', 'about', '{\n  \"primary_key\": \"id\",\n  \"labels\": {\n    \"id\":\"\",\n\"title\":\"Título\",\n\"description\":\"Texto\",\n\"mission\":\"Missão\",\n\"vision\":\"Visão\",\n\"values\":\"Valores\"\n  },\n  \"remove_list\": [\n    \"id\",\"description\",\"mission\",\"vision\",\"values\"\n  ],\n  \"possible_actions\": [\n \n    \"r\",\n    \"u\"\n  \n  ],\n  \n  \"options\": {\n    \"foreign_keys\": {\n      \"teste_id\": {\n        \"table\": \"teste\",\n        \"field\": \"nome\",\n        \"label\": \"Teste mesmo\",\n        \"filter\": \"id\"\n      }\n    },\n    \"fields\": {\n      \"image\": {\n        \"plugin\": \"single_upload\",\n        \"size\": \"250x220\"\n      }\n    }\n  }\n}', '99', 'fa-comment           ', '25', '1', '1', null), ('85', '14', 'Imagens', '0', 'about_images', '{\n  \"primary_key\": \"id\",\n  \"labels\": {\n    \"id\":\"\",\n\"title\":\"Titulo\",\n\"image\":\"Imagem\"\n  },\n  \"remove_list\": [\n    \"id\"\n  ],\n  \"possible_actions\": [\n    \"c\",\n    \"r\",\n    \"u\",\n    \"d\"\n  ],\n \n  \"options\": {\n    \"foreign_keys\": {\n      \"teste_id\": {\n        \"table\": \"teste\",\n        \"field\": \"nome\",\n        \"label\": \"Teste mesmo\",\n        \"filter\": \"id\"\n      }\n    },\n    \"fields\": {\n      \"image\": {\n        \"plugin\": \"single_upload\",\n        \"size\": \"250x220\"\n      }\n    }\n  }\n}', '99', 'fa-comment           ', '25', '1', '1', null), ('86', '14', 'Caracteristicas', '0', 'about_features', '{\n  \"primary_key\": \"id\",\n  \"labels\": {\n    \"id\":\"\",\n\"title\":\"Titulo\",\n\"element_order\":\"Ordenação\",\n\"icon\":\"Icone\"\n  },\n  \"remove_list\": [\n    \"id\"\n  ],\n  \"possible_actions\": [\n    \"c\",\n    \"r\",\n    \"u\",\n    \"d\"\n  ],\n  \n  \"options\": {\n    \"foreign_keys\": {\n      \"teste_id\": {\n        \"table\": \"teste\",\n        \"field\": \"nome\",\n        \"label\": \"Teste mesmo\",\n        \"filter\": \"id\"\n      }\n    },\n    \"fields\": {\n      \"icon\": {\n        \"plugin\": \"single_upload\",\n        \"size\": \"250x220\"\n      }\n    }\n  }\n}', '99', 'fa-comment           ', '25', '1', '1', null), ('87', '14', 'Categoria - Canais', '0', 'channel_category', '{\n  \"primary_key\": \"id\",\n  \"labels\": {\n    \"id\":\"\",\n\"title\":\"Nome\",\n\"icon\":\"Icone\"\n  },\n  \"remove_list\": [\n    \"id\"\n  ],\n  \"possible_actions\": [\n    \"c\",\n    \"r\",\n    \"u\",\n    \"d\"\n  ],\n\n  \"options\": {\n    \"foreign_keys\": {\n      \"teste_id\": {\n        \"table\": \"teste\",\n        \"field\": \"nome\",\n        \"label\": \"Teste mesmo\",\n        \"filter\": \"id\"\n      }\n    },\n    \"fields\": {\n      \"icon\": {\n        \"plugin\": \"single_upload\",\n        \"size\": \"250x220\"\n      }\n    }\n  }\n}', '99', 'fa-comment           ', '26', '1', '1', null), ('88', '14', 'Channel', '0', '', '{\n  \"primary_key\": \"id\",\n  \"labels\": {\n    \"name\": \"Nome\",\n    \"text\": \"Texto\",\n    \"link\": \"Link\",\n    \"teste_id\": \"ie\"\n  },\n  \"remove_list\": [\n    \"id\"\n  ],\n  \"possible_actions\": [\n    \"c\",\n    \"r\",\n    \"u\",\n    \"d\"\n  ],\n  \"components\": {\n    \"_out_of_form\": {\n      \"onetomany\": {\n        \"table\": \"ligacao\",\n		\"texto_header\":\"Teste de vinculo\",\n        \"fieldKey\": \"id_teste\",\n        \"myfieldKey\": \"id\"\n      }\n    }\n  },\n  \"options\": {\n    \"foreign_keys\": {\n      \"teste_id\": {\n        \"table\": \"teste\",\n        \"field\": \"nome\",\n        \"label\": \"Teste mesmo\",\n        \"filter\": \"id\"\n      }\n    },\n    \"fields\": {\n      \"image\": {\n        \"plugin\": \"single_upload\",\n        \"size\": \"250x220\"\n      }\n    }\n  }\n}', '99', 'fa-bar-chart-o', '26', '0', '1', null), ('89', '14', 'Canal', '0', 'channel', '{\n  \"primary_key\": \"id\",\n  \"labels\": {\n    \"id\":\"\",\n\"title\":\"Nome\",\n\"channel_category_id\":\"Categoria\",\n\"icon\":\"Icone\"\n  },\n  \"remove_list\": [\n    \"id\"\n  ],\n  \"possible_actions\": [\n    \"c\",\n    \"r\",\n    \"u\",\n    \"d\"\n  ],\n \n  \"options\": {\n    \"foreign_keys\": {\n      \"channel_category_id\": {\n        \"table\": \"channel_category\",\n        \"field\": \"title\",\n        \"label\": \"Teste mesmo\",\n        \"filter\": \"id\"\n      }\n    },\n    \"fields\": {\n      \"icon\": {\n        \"plugin\": \"single_upload\",\n        \"size\": \"250x220\"\n      }\n    }\n  }\n}', '99', 'fa-bar-chart-o', '26', '1', '1', null), ('90', '14', 'Fique ligado', '2', '', '{\n  \"primary_key\": \"id\",\n  \"labels\": {\n    \"name\": \"Nome\",\n    \"text\": \"Texto\",\n    \"link\": \"Link\",\n    \"teste_id\": \"ie\"\n  },\n  \"remove_list\": [\n    \"id\"\n  ],\n  \"possible_actions\": [\n    \"c\",\n    \"r\",\n    \"u\",\n    \"d\"\n  ],\n  \"components\": {\n    \"_out_of_form\": {\n      \"onetomany\": {\n        \"table\": \"ligacao\",\n		\"texto_header\":\"Teste de vinculo\",\n        \"fieldKey\": \"id_teste\",\n        \"myfieldKey\": \"id\"\n      }\n    }\n  },\n  \"options\": {\n    \"foreign_keys\": {\n      \"teste_id\": {\n        \"table\": \"teste\",\n        \"field\": \"nome\",\n        \"label\": \"Teste mesmo\",\n        \"filter\": \"id\"\n      }\n    },\n    \"fields\": {\n      \"image\": {\n        \"plugin\": \"single_upload\",\n        \"size\": \"250x220\"\n      }\n    }\n  }\n}', '99', 'fa-tag               ', null, '1', '1', null), ('91', '14', 'Pop Ups', '0', 'pop_ups', '{\n    \"primary_key\": \"id\",\n    \"labels\": {\n        \"id\": \"\",\n        \"title\": \"Título\",\n        \"link\": \"Link\",\n        \"active\": \"Ativo\",\n        \"image\": \"Imagem (600x400)\"\n    },\n    \"remove_list\": [\n        \"id\"\n    ],\n    \"possible_actions\": [\n        \"c\",\n        \"r\",\n        \"u\",\n        \"d\"\n    ],\n    \"options\": {\n        \"foreign_keys\": {\n            \"teste_id\": {\n                \"table\": \"teste\",\n                \"field\": \"nome\",\n                \"label\": \"Teste mesmo\",\n                \"filter\": \"id\"\n            }\n        },\n        \"fields\": {\n            \"image\": {\n                \"plugin\": \"single_upload\",\n                \"size\": \"250x220\"\n            },\n            \"active\": {\n                \"plugin\": \"active_box\"\n            }\n        }\n    }\n}', '99', 'fa-bolt              ', null, '1', '1', null), ('92', '14', 'Configurar', '0', 'configure', '{\n  \"primary_key\": \"id\",\n  \"labels\": {\n    \"id\":\"\",\n\"website_title\":\"Titulo do site\",\n\"website_description\":\"Descrição site\",\n\"website_phone\":\"Telefone contato\",\n\"facebook_link\":\"Link Facebook\",\n\"website_address\":\"Endereço\",\n\"legal_information\":\"Informações Legais\",\n\"logo\":\"Logo do topo\",\n\"zopim\":\"Código Zopim\"\n  },\n  \"remove_list\": [\n    \"id\",\"website_phone\",\"facebook_link\",\"website_description\",\"website_address\",\"legal_information\",\"zopim\"\n  ],\n  \"possible_actions\": [\n   \n    \"r\",\n    \"u\"\n  ],\n\n  \"options\": {\n    \"foreign_keys\": {\n      \"teste_id\": {\n        \"table\": \"teste\",\n        \"field\": \"nome\",\n        \"label\": \"Teste mesmo\",\n        \"filter\": \"id\"\n      }\n    },\n    \"fields\": {\n      \"logo\": {\n        \"plugin\": \"single_upload\",\n        \"size\": \"250x220\"\n      }\n    }\n  }\n}', '99', 'fa-sitemap           ', null, '1', '1', null), ('93', '14', '', '0', '', '{\n  \"primary_key\": \"id\",\n  \"labels\": {\n    \"name\": \"Nome\",\n    \"text\": \"Texto\",\n    \"link\": \"Link\",\n    \"teste_id\": \"ie\"\n  },\n  \"remove_list\": [\n    \"id\"\n  ],\n  \"possible_actions\": [\n\n    \"r\",\n    \"u\"\n   \n  ],\n  \"components\": {\n    \"_out_of_form\": {\n      \"onetomany\": {\n        \"table\": \"ligacao\",\n		\"texto_header\":\"Teste de vinculo\",\n        \"fieldKey\": \"id_teste\",\n        \"myfieldKey\": \"id\"\n      }\n    }\n  },\n  \"options\": {\n    \"foreign_keys\": {\n      \"teste_id\": {\n        \"table\": \"teste\",\n        \"field\": \"nome\",\n        \"label\": \"Teste mesmo\",\n        \"filter\": \"id\"\n      }\n    },\n    \"fields\": {\n      \"logo\": {\n        \"plugin\": \"single_upload\",\n        \"size\": \"250x220\"\n      }\n    }\n  }\n}', '99', 'fa-bar-chart-o', null, '0', '1', null), ('94', '14', '', '0', '', '{\n  \"primary_key\": \"id\",\n  \"labels\": {\n    \"name\": \"Nome\",\n    \"text\": \"Texto\",\n    \"link\": \"Link\",\n    \"teste_id\": \"ie\"\n  },\n  \"remove_list\": [\n    \"id\"\n  ],\n  \"possible_actions\": [\n    \"c\",\n    \"r\",\n    \"u\",\n    \"d\"\n  ],\n  \"components\": {\n    \"_out_of_form\": {\n      \"onetomany\": {\n        \"table\": \"ligacao\",\n		\"texto_header\":\"Teste de vinculo\",\n        \"fieldKey\": \"id_teste\",\n        \"myfieldKey\": \"id\"\n      }\n    }\n  },\n  \"options\": {\n    \"foreign_keys\": {\n      \"teste_id\": {\n        \"table\": \"teste\",\n        \"field\": \"nome\",\n        \"label\": \"Teste mesmo\",\n        \"filter\": \"id\"\n      }\n    },\n    \"fields\": {\n      \"logo\": {\n        \"plugin\": \"single_upload\",\n        \"size\": \"250x220\"\n      }\n    }\n  }\n}', '99', 'fa-bar-chart-o', null, '0', '1', null), ('95', '14', 'Cat. de pacotes', '0', 'package_category', '{\n  \"primary_key\": \"id\",\n  \"labels\": {\n    \"id\":\"\",\n\"title\":\"Título\"\n  },\n  \"remove_list\": [\n    \"id\"\n  ],\n  \"possible_actions\": [\n    \"c\",\n    \"r\",\n    \"u\",\n    \"d\"\n  ],\n  \n  \"options\": {\n    \"foreign_keys\": {\n      \"teste_id\": {\n        \"table\": \"teste\",\n        \"field\": \"nome\",\n        \"label\": \"Teste mesmo\",\n        \"filter\": \"id\"\n      }\n    },\n    \"fields\": {\n      \"image\": {\n        \"plugin\": \"single_upload\",\n        \"size\": \"250x220\"\n      }\n    }\n  }\n}', '99', 'fa-bookmark          ', '26', '1', '1', null), ('96', '14', 'Auto Atendimento', '0', 'auto_link', '{\n  \"primary_key\": \"id\",\n  \"labels\": {\n    \"id\":\"\",\n\"title\":\"Nome\",\n\"link\":\"Link\"\n  },\n  \"remove_list\": [\n    \"id\"\n  ],\n  \"possible_actions\": [\n    \"c\",\n    \"r\",\n    \"u\",\n    \"d\"\n  ],\n  \"options\": {\n    \"foreign_keys\": {\n      \"teste_id\": {\n        \"table\": \"teste\",\n        \"field\": \"nome\",\n        \"label\": \"Teste mesmo\",\n        \"filter\": \"id\"\n      }\n    },\n    \"fields\": {\n      \"image\": {\n        \"plugin\": \"single_upload\",\n        \"size\": \"250x220\"\n      }\n    }\n  }\n}', '99', 'fa-check             ', null, '1', '1', null), ('104', '15', 'Início', '0', 'website_home', '{\n  \"primary_key\": \"id\",\n  \"labels\": {\n    \"id\":\"\",\n\"title\":\"Título\",\n\"description\":\"Descrição\",\n\"background_image\":\"Imagem fundo (1024x768)\",\n\"use_video\":\"Usar Vídeo\"\n  },\n  \"remove_list\": [\n    \"id\",\"background_image\",\"description\"\n  ],\n  \"possible_actions\": [\n    \"r\",\n    \"u\"\n  ],\n\n  \"options\": {\n    \"foreign_keys\": {\n      \"teste_id\": {\n        \"table\": \"teste\",\n        \"field\": \"nome\",\n        \"label\": \"Teste mesmo\",\n        \"filter\": \"id\"\n      }\n    },\n    \"fields\": {\n      \"background_image\": {\n        \"plugin\": \"single_upload\",\n        \"size\": \"250x220\"\n      },\n    \"use_video\": {\n        \"plugin\": \"active_box\"\n      }\n    }\n  }\n}', '99', 'fa-home              ', null, '1', '1', null), ('105', '15', 'Sobre', '0', 'website_about', '{\n  \"primary_key\": \"id\",\n  \"labels\": {\n    \"id\":\"\",\n\"title\":\"Título\",\n\"description\":\"Descrição (Dê três vezes enter para separar em duas colunas)\"\n  },\n  \"remove_list\": [\n    \"id\",\"description\"\n  ],\n  \"possible_actions\": [\n  \n    \"r\",\n    \"u\"\n    \n  ],\n  \"components\": {\n    \"out_of_form\": {\n      \"onetomany\": {\n        \"table\": \"website_about_detail\",\n    \"texto_header\":\"Detalhes\",\n        \"fieldKey\": \"website_about_id\",\n        \"myfieldKey\": \"id\"\n      }\n    }\n  },\n  \"options\": {\n    \"foreign_keys\": {\n      \"teste_id\": {\n        \"table\": \"teste\",\n        \"field\": \"nome\",\n        \"label\": \"Teste mesmo\",\n        \"filter\": \"id\"\n      }\n    },\n    \"fields\": {\n      \"image\": {\n        \"plugin\": \"single_upload\",\n        \"size\": \"250x220\"\n      }\n    }\n  }\n}', '99', 'fa-cog               ', null, '1', '1', null);
INSERT INTO `module` VALUES ('106', '15', 'Sobre detalhes', '0', 'website_about_detail', '{\n  \"primary_key\": \"id\",\n  \"labels\": {\n    \"id\":\"\",\n\"title\":\"Título\",\n\"description\":\"Descrição\",\n\"icon\":\"ícone\",\n\"image\":\"Imagem\",\n\"website_about_id\":\"\"\n  },\n  \"remove_list\": [\n    \"id\",\"website_about_id\",\"mngr_token\"\n  ],\n\"blacklist\":[\n\"mngr_token\"\n],\n  \"possible_actions\": [\n    \"c\",\n    \"r\",\n    \"u\",\n    \"d\"\n  ],\n  \"options\": {\n    \"foreign_keys\": {\n      \"teste_id\": {\n        \"table\": \"teste\",\n        \"field\": \"nome\",\n        \"label\": \"Teste mesmo\",\n        \"filter\": \"id\"\n      }\n    },\n    \"fields\": {\n      \"image\": {\n        \"plugin\": \"single_upload\",\n        \"size\": \"250x220\"\n      }\n    }\n  }\n}', '99', 'fa-bar-chart-o', null, '0', '1', null), ('107', '15', 'Vídeo', '0', 'website_video', '{\n  \"primary_key\": \"id\",\n  \"labels\": {\n    \"id\":\"\",\n\"title\":\"Título\",\n\"video_detail\":\"Título no rodapé\",\n\"description\":\"Descrição\",\n\"youtube_link\":\"Link do youtube ou Vimeo\"\n  },\n  \"remove_list\": [\n    \"id\",\"description\",\"video_detail\"\n  ],\n  \"possible_actions\": [\n   \n    \"r\",\n    \"u\"\n    \n  ],\n  \"options\": {\n    \"foreign_keys\": {\n      \"teste_id\": {\n        \"table\": \"teste\",\n        \"field\": \"nome\",\n        \"label\": \"Teste mesmo\",\n        \"filter\": \"id\"\n      }\n    },\n    \"fields\": {\n      \"image\": {\n        \"plugin\": \"single_upload\",\n        \"size\": \"250x220\"\n      }\n    }\n  }\n}', '99', 'fa-play              ', null, '1', '1', null), ('108', '15', 'Área de atuação', '0', 'website_field_text', '{\n  \"primary_key\": \"id\",\n  \"labels\": {\n    \"id\":\"\",\n\"title\":\"Título\",\n\"mngr_token\":\"\"\n  },\n  \"remove_list\": [\n    \"id\"\n  ],\n  \"possible_actions\": [\n   \n    \"r\",\n    \"u\"\n  ],\n  \"components\": {\n    \"out_of_form\": {\n      \"onetomany\": {\n        \"table\": \"website_field\",\n    \"texto_header\":\"Áreas de atuação\",\n        \"fieldKey\": \"website_field_text_id\",\n        \"myfieldKey\": \"id\"\n      }\n    }\n  },\n  \"options\": {\n    \"foreign_keys\": {\n      \"teste_id\": {\n        \"table\": \"teste\",\n        \"field\": \"nome\",\n        \"label\": \"Teste mesmo\",\n        \"filter\": \"id\"\n      }\n    },\n    \"fields\": {\n      \"image\": {\n        \"plugin\": \"single_upload\",\n        \"size\": \"250x220\"\n      }\n    }\n  }\n}', '99', 'fa-laptop            ', null, '1', '1', null), ('109', '15', 'Área de atuação detalhe', '0', 'website_field', '{\n  \"primary_key\": \"id\",\n  \"labels\": {\n    \"id\":\"\",\n\"title\":\"Título\",\n\"description\":\"Descrição\",\n\"icon\":\"Ícone (80x80)\",\n\"website_field_text_id\":\"\",\n\"mngr_token\":\"\"\n  },\n  \"remove_list\": [\n    \"id\",\"website_field_text_id\"\n  ],\n\"blacklist\":[\n            \"website_field_text_id\"\n          ]\n,\n  \"possible_actions\": [\n    \"c\",\n    \"r\",\n    \"u\",\n    \"d\"\n  ],\n  \"options\": {\n    \"foreign_keys\": {\n      \"teste_id\": {\n        \"table\": \"teste\",\n        \"field\": \"nome\",\n        \"label\": \"Teste mesmo\",\n        \"filter\": \"id\"\n      }\n    },\n    \"fields\": {\n      \"icon\": {\n        \"plugin\": \"single_upload\",\n        \"size\": \"250x220\"\n      }\n    }\n  }\n}', '99', 'fa-bar-chart-o', null, '0', '1', null), ('110', '15', 'Serviços', '0', 'website_solution_text', '{\n  \"primary_key\": \"id\",\n  \"labels\": {\n    \"id\":\"\",\n\"title\":\"Título\",\n\"description\":\"Descrição\",\n\"image\":\"Imagem\",\n\"mngr_token\":\"\"\n  },\n  \"remove_list\": [\n    \"id\"\n  ],\n  \"possible_actions\": [\n    \"r\",\n    \"u\"\n  ],\n  \"components\": {\n    \"out_of_form\": {\n      \"onetomany\": {\n        \"table\": \"website_solution\",\n    \"texto_header\":\"Soluções\",\n        \"fieldKey\": \"website_solution_text_id\",\n        \"myfieldKey\": \"id\"\n      }\n    }\n  },\n  \"options\": {\n    \"foreign_keys\": {\n      \"teste_id\": {\n        \"table\": \"teste\",\n        \"field\": \"nome\",\n        \"label\": \"Teste mesmo\",\n        \"filter\": \"id\"\n      }\n    },\n    \"fields\": {\n      \"image\": {\n        \"plugin\": \"single_upload\",\n        \"size\": \"250x220\"\n      }\n    }\n  }\n}', '99', 'fa-certificate       ', null, '1', '1', null), ('111', '15', 'Soluções detalhes', '0', 'website_solution', '{\n  \"primary_key\": \"id\",\n  \"labels\": {\n    \"id\":\"\",\n\"title\":\"Título\",\n\"description\":\"Descrição\",\n\"icon\":\"Ícone\",\n\"website_solution_text_id\":\"\",\n\"mngr_token\":\"\"\n  },\n  \"remove_list\": [\n    \"id\",\"mngr_token\"\n  ],\n\"blacklist\":[\n            \"website_solution_text_id\"\n          ]\n,\n  \"possible_actions\": [\n    \"c\",\n    \"r\",\n    \"u\",\n    \"d\"\n  ],\n  \"options\": {\n    \"foreign_keys\": {\n      \"teste_id\": {\n        \"table\": \"teste\",\n        \"field\": \"nome\",\n        \"label\": \"Teste mesmo\",\n        \"filter\": \"id\"\n      }\n    },\n    \"fields\": {\n      \n    }\n  }\n}', '99', 'fa-bar-chart-o', null, '0', '1', null), ('112', '15', 'Soluções', '0', 'website_service_text', '{\n  \"primary_key\": \"id\",\n  \"labels\": {\n    \"id\":\"\",\n\"title\":\"Título\",\n\"description\":\"Descrição\",\n\"image\":\"Imagem (590x510)\",\n\"mngr_token\":\"\"\n  },\n  \"remove_list\": [\n    \"id\",\"description\"\n  ],\n  \"possible_actions\": [\n\n    \"r\",\n    \"u\"\n  ],\n  \"components\": {\n    \"out_of_form\": {\n      \"onetomany\": {\n        \"table\": \"website_service\",\n    \"texto_header\":\"Serviços\",\n        \"fieldKey\": \"website_service_text_id\",\n        \"myfieldKey\": \"id\"\n      }\n    }\n  },\n  \"options\": {\n    \"foreign_keys\": {\n      \"teste_id\": {\n        \"table\": \"teste\",\n        \"field\": \"nome\",\n        \"label\": \"Teste mesmo\",\n        \"filter\": \"id\"\n      }\n    },\n    \"fields\": {\n      \"image\": {\n        \"plugin\": \"single_upload\",\n        \"size\": \"250x220\"\n      }\n    }\n  }\n}', '99', 'fa-fire              ', null, '1', '1', null), ('113', '15', 'Serviços detalhes', '0', 'website_service', '{\n  \"primary_key\": \"id\",\n  \"labels\": {\n    \"id\":\"\",\n\"title\":\"Título\",\n\"description\":\"Descrição\",\n\"icon\":\"Ícone do font awesome\",\n\"website_service_text_id\":\"\",\n\"mngr_token\":\"\"\n  },\n  \"remove_list\": [\n    \"id\",\"mngr_token\"\n  ],\n\"blacklist\":[\n            \"website_service_text_id\"\n          ]\n,\n  \"possible_actions\": [\n    \"c\",\n    \"r\",\n    \"u\",\n    \"d\"\n  ],\n  \"options\": {\n    \"foreign_keys\": {\n      \"teste_id\": {\n        \"table\": \"teste\",\n        \"field\": \"nome\",\n        \"label\": \"Teste mesmo\",\n        \"filter\": \"id\"\n      }\n    },\n    \"fields\": {\n     \n    }\n  }\n}', '99', 'fa-bar-chart-o', null, '0', '1', null), ('114', '15', 'Perguntas', '0', 'website_question_text', '{\n  \"primary_key\": \"id\",\n  \"labels\": {\n    \"id\":\"\",\n\"title\":\"Título\",\n\"description\":\"Descrição\",\n\"image\":\"Imagem (230x360)\",\n\"mngr_token\":\"\"\n  },\n  \"remove_list\": [\n    \"id\",\"description\"\n  ],\n  \"possible_actions\": [\n \n    \"r\",\n    \"u\"\n  ],\n  \"components\": {\n    \"out_of_form\": {\n      \"onetomany\": {\n        \"table\": \"website_question\",\n    \"texto_header\":\"Perguntas\",\n        \"fieldKey\": \"website_question_text_id\",\n        \"myfieldKey\": \"id\"\n      }\n    }\n  },\n  \"options\": {\n    \"foreign_keys\": {\n      \"teste_id\": {\n        \"table\": \"teste\",\n        \"field\": \"nome\",\n        \"label\": \"Teste mesmo\",\n        \"filter\": \"id\"\n      }\n    },\n    \"fields\": {\n      \"image\": {\n        \"plugin\": \"single_upload\",\n        \"size\": \"250x220\"\n      }\n    }\n  }\n}', '99', 'fa-plane             ', null, '1', '1', null), ('115', '15', 'Pergunta detalhes', '0', 'website_question', '{\n  \"primary_key\": \"id\",\n  \"labels\": {\n    \"id\":\"\",\n\"question\":\"Pergunta\",\n\"answer\":\"Resposta\",\n\"website_question_text_it\":\"\",\n\"mngr_token\":\"\"\n  },\n  \"remove_list\": [\n    \"id\"\n  ],\n\"blacklist\":[\n            \"website_question_text_it\"\n          ]\n,\n  \"possible_actions\": [\n    \"c\",\n    \"r\",\n    \"u\",\n    \"d\"\n  ],\n  \"options\": {\n    \"foreign_keys\": {\n      \"teste_id\": {\n        \"table\": \"teste\",\n        \"field\": \"nome\",\n        \"label\": \"Teste mesmo\",\n        \"filter\": \"id\"\n      }\n    },\n    \"fields\": {\n      \"image\": {\n        \"plugin\": \"single_upload\",\n        \"size\": \"250x220\"\n      }\n    }\n  }\n}', '99', 'fa-bar-chart-o', null, '0', '1', null), ('116', '15', 'Contato', '0', 'website_contact_data', '{\n  \"primary_key\": \"id\",\n  \"labels\": {\n    \"id\":\"\",\n\"title\":\"Título\",\n\"description\":\"Descrição\",\n\"address\":\"Endereço\",\n\"phone\":\"Telefone\",\n\"public_email\":\"Email de contato\",\n\"email_recive_contact\":\"Email que recebe contato\"\n  },\n  \"remove_list\": [\n    \"id\",\n\"description\",\n\"address\",\n\"phone\",\n\"public_email\",\"email_recive_contact\"\n  ],\n  \"possible_actions\": [\n    \n    \"r\",\n    \"u\"\n  ],\n  \"options\": {\n    \"foreign_keys\": {\n      \"teste_id\": {\n        \"table\": \"teste\",\n        \"field\": \"nome\",\n        \"label\": \"Teste mesmo\",\n        \"filter\": \"id\"\n      }\n    },\n    \"fields\": {\n      \"image\": {\n        \"plugin\": \"single_upload\",\n        \"size\": \"250x220\"\n      }\n    }\n  }\n}', '99', 'fa-circle            ', null, '1', '1', null), ('117', '15', '', '0', '', '{\n  \"primary_key\": \"id\",\n  \"labels\": {\n    \"name\": \"Nome\",\n    \"text\": \"Texto (dê 3 vezes enter para separar em duas colunas)\",\n    \"link\": \"Link\",\n    \"teste_id\": \"ie\"\n  },\n  \"remove_list\": [\n    \"id\"\n  ],\n  \"possible_actions\": [\n    \"c\",\n    \"r\",\n    \"u\",\n    \"d\"\n  ],\n\n  \"components\": {\n    \"out_of_form\": {\n      \"onetomany\": {\n        \"table\": \"ligacao\",\n		\"texto_header\":\"Teste de vinculo\",\n        \"fieldKey\": \"id_teste\",\n        \"myfieldKey\": \"id\"\n      }\n    }\n  },\n\n  \"options\": {\n    \"foreign_keys\": {\n      \"teste_id\": {\n        \"table\": \"teste\",\n        \"field\": \"nome\",\n        \"label\": \"Teste mesmo\",\n        \"filter\": \"id\"\n      }\n    },\n    \"fields\": {\n      \"image\": {\n        \"plugin\": \"single_upload\",\n        \"size\": \"250x220\"\n      }\n    }\n  }\n  \n}', '99', 'fa-bar-chart-o', null, '0', '1', null), ('118', '15', 'Story Map', '0', 'story_map', '{\n  \"primary_key\": \"id\",\n  \"labels\": {\n    \"id\":\"\",\n\"title\":\"Título\",\n\"code\":\"Código\",\n\"description\":\"Descrição\"\n  },\n  \"remove_list\": [\n    \"id\",\"code\"\n  ],\n  \"possible_actions\": [\n    \n    \"r\",\n    \"u\"\n   \n  ],\n  \"options\": {\n    \"foreign_keys\": {\n      \"teste_id\": {\n        \"table\": \"teste\",\n        \"field\": \"nome\",\n        \"label\": \"Teste mesmo\",\n        \"filter\": \"id\"\n      }\n    },\n    \"fields\": {\n      \"image\": {\n        \"plugin\": \"single_upload\",\n        \"size\": \"250x220\"\n      }\n    }\n  }\n}', '99', 'fa-bolt              ', null, '1', '1', null), ('119', '15', 'Blog', '2', '', '{\n  \"primary_key\": \"id\",\n  \"labels\": {\n    \"name\": \"Nome\",\n    \"text\": \"Texto\",\n    \"link\": \"Link\",\n    \"teste_id\": \"ie\"\n  },\n  \"remove_list\": [\n    \"id\"\n  ],\n  \"possible_actions\": [\n    \"c\",\n    \"r\",\n    \"u\",\n    \"d\"\n  ],\n\n  \"components\": {\n    \"out_of_form\": {\n      \"onetomany\": {\n        \"table\": \"ligacao\",\n		\"texto_header\":\"Teste de vinculo\",\n        \"fieldKey\": \"id_teste\",\n        \"myfieldKey\": \"id\"\n      }\n    }\n  },\n\n  \"options\": {\n    \"foreign_keys\": {\n      \"teste_id\": {\n        \"table\": \"teste\",\n        \"field\": \"nome\",\n        \"label\": \"Teste mesmo\",\n        \"filter\": \"id\"\n      }\n    },\n    \"fields\": {\n      \"image\": {\n        \"plugin\": \"single_upload\",\n        \"size\": \"250x220\"\n      }\n    }\n  }\n  \n}', '99', 'fa-coffee            ', null, '1', '1', null), ('120', '16', 'Configurações', '0', 'alegria_cover', '{\n  \"primary_key\": \"id\",\n  \"labels\": {\n    \"id\":\"\",\n\"title\":\"Título do website\",\n\"keyword\":\"SEO - Keywords\",\n\"description\":\"SEO Descrição do site (aparece na pesquisa do Google)\",\n\"featured_logo\":\"Logo Destaque - Capa (290x350)\",\n\"background\":\"Imagem de fundo - Capa  (1920x1160)\",\n\"logo_menu\":\"Logo Menu (107x72)\",\n\"logo_suponser\":\"Logo patrocinador (73x44)\",\n\"buy_link\":\"Link compra ingresso\",\n\"facebook_link\":\"Link do Facebook\",\n\"instagram_link\":\"Link do Instagram\",\n\"email_contato\":\"Email que recebe o contato\",\n\"email_imprensa\":\"Email que recebe contato da imprensa\"\n  },\n  \"remove_list\": [\n    \"id\"\n  ],\n  \"possible_actions\": [\n \"r\",\n    \"u\"\n  ],\n  \"options\": {\n    \"foreign_keys\": {\n      \"teste_id\": {\n        \"table\": \"teste\",\n        \"field\": \"nome\",\n        \"label\": \"Teste mesmo\",\n        \"filter\": \"id\"\n      }\n    },\n    \"fields\": {\n      \"featured_logo\": {\n        \"plugin\": \"single_upload\",\n        \"size\": \"250x220\"\n      },\n \"background\": {\n        \"plugin\": \"single_upload\",\n        \"size\": \"250x220\"\n      },\n \"logo_menu\": {\n        \"plugin\": \"single_upload\",\n        \"size\": \"250x220\"\n      },\n \"logo_suponser\": {\n        \"plugin\": \"single_upload\",\n        \"size\": \"250x220\"\n      }\n    }\n  }\n}', '99', 'fa-key               ', null, '1', '1', null), ('121', '16', 'Sobre', '0', 'alegria_about', '{\n  \"primary_key\": \"id\",\n  \"labels\": {\n    \"id\":\"\",\n\"title\":\"Título\",\n\"description\":\"Descrição\",\n\"vimeo_link\":\"Link Vimeo\",\n\"background\":\"Imagem de fundo\"\n  },\n  \"remove_list\": [\n    \"id\"\n  ],\n  \"possible_actions\": [\n    \"r\",\n    \"u\"\n  ],\n\n  \"options\": {\n    \"foreign_keys\": {\n      \"teste_id\": {\n        \"table\": \"teste\",\n        \"field\": \"nome\",\n        \"label\": \"Teste mesmo\",\n        \"filter\": \"id\"\n      }\n    },\n    \"fields\": {\n      \"background\": {\n        \"plugin\": \"single_upload\",\n        \"size\": \"250x220\"\n      }\n    }\n  }\n}', '99', 'fa-comment           ', null, '1', '1', null), ('122', '16', 'Atrações', '0', 'alegria_atractions', '{\n  \"primary_key\": \"id\",\n  \"labels\": {\n    \"id\":\"\",\n\"tooltip_name\":\"Nome Tooltip\",\n\"name\":\"Nome\",\n\"description\":\"Descrição\",\n\"image\":\"Imagem (311x314)\",\n\"instagram\":\"Link Instagram \",\n\"youtube\":\"Link Youtube\",\n\"facebook\":\"Link Facebook\",\n\"twitter\":\"Link Twitter\",\n\"sound_cloud\":\"Link Sound Cloud\"\n  },\n  \"remove_list\": [\n    \"id\",\"description\",\"image\",\"youtube\",\"facebook\",\"twitter\",\"sound_cloud\",\"instagram\"\n  ],\n  \"possible_actions\": [\n\"c\",    \n\"r\",\n    \"u\",\n\"d\"\n\n  ],\n  \"options\": {\n    \"foreign_keys\": {\n      \"teste_id\": {\n        \"table\": \"teste\",\n        \"field\": \"nome\",\n        \"label\": \"Teste mesmo\",\n        \"filter\": \"id\"\n      }\n    },\n    \"fields\": {\n      \"image\": {\n        \"plugin\": \"single_upload\",\n        \"size\": \"250x220\"\n      }\n    }\n  }\n}', '99', 'fa-beer              ', null, '1', '1', null), ('123', '16', 'Seu Lugar', '0', 'alegria_area', '{\n  \"primary_key\": \"id\",\n  \"labels\": {\n    \"id\":\"\",\n\"title\":\"Título\",\n\"description\":\"Descrição\"\n  },\n  \"remove_list\": [\n    \"id\",\"description\"\n  ],\n  \"possible_actions\": [\n \"c\",\n    \"r\",\n    \"u\"\n  ],\n\n  \"options\": {\n    \"foreign_keys\": {\n      \"teste_id\": {\n        \"table\": \"teste\",\n        \"field\": \"nome\",\n        \"label\": \"Teste mesmo\",\n        \"filter\": \"id\"\n      }\n    },\n    \"fields\": {\n      \"image\": {\n        \"plugin\": \"single_upload\",\n        \"size\": \"250x220\"\n      }\n    }\n  }\n}', '99', 'fa-circle            ', null, '1', '1', null), ('124', '16', 'Dúvidas', '0', 'alegria_duvida', '{\n  \"primary_key\": \"id\",\n  \"labels\": {\n    \"id\":\"\",\n\"pergunta\":\"Pergunta\",\n\"resposta\":\"Resposta\",\n\"alegria_duvida_categoria_id\":\"Categoria\"\n  },\n  \"remove_list\": [\n    \"id\",\"resposta\"\n  ],\n  \"possible_actions\": [\n    \"c\",\n    \"r\",\n    \"u\",\n    \"d\"\n  ],\n  \"options\": {\n    \"foreign_keys\": {\n      \"alegria_duvida_categoria_id\": {\n        \"table\": \"alegria_duvida_categoria\",\n        \"field\": \"titulo\",\n        \"label\": \"Teste mesmo\",\n        \"filter\": \"id\"\n      }\n    },\n    \"fields\": {\n      \"image\": {\n        \"plugin\": \"single_upload\",\n        \"size\": \"250x220\"\n      }\n    }\n  }\n}', '99', 'fa-leaf              ', '28', '1', '1', null), ('125', '16', 'Textos', '0', 'alegria_duvidas_texto', '{\n  \"primary_key\": \"id\",\n  \"labels\": {\n    \"id\":\"\",\n\"title\":\"Título\",\n\"description\":\"Texto\"\n  },\n  \"remove_list\": [\n    \"id\"\n  ],\n  \"possible_actions\": [\n   \n    \"r\",\n    \"u\"\n  ],\n  \"options\": {\n    \"foreign_keys\": {\n      \"teste_id\": {\n        \"table\": \"teste\",\n        \"field\": \"nome\",\n        \"label\": \"Teste mesmo\",\n        \"filter\": \"id\"\n      }\n    },\n    \"fields\": {\n      \"image\": {\n        \"plugin\": \"single_upload\",\n        \"size\": \"250x220\"\n      }\n    }\n  }\n}', '99', 'fa-bar-chart-o', '28', '1', '1', null), ('126', '16', 'Emails', '0', 'alegria_emails', '{\n  \"primary_key\": \"id\",\n  \"labels\": {\n    \"id\":\"\",\n\"setor\":\"Setor\",\n\"email\":\"Email\"\n  },\n  \"remove_list\": [\n    \"id\"\n  ],\n  \"possible_actions\": [\n    \"c\",\n    \"r\",\n    \"u\",\n    \"d\"\n  ],\n\n  \"options\": {\n    \"foreign_keys\": {\n      \"teste_id\": {\n        \"table\": \"teste\",\n        \"field\": \"nome\",\n        \"label\": \"Teste mesmo\",\n        \"filter\": \"id\"\n      }\n    },\n    \"fields\": {\n      \"image\": {\n        \"plugin\": \"single_upload\",\n        \"size\": \"250x220\"\n      }\n    }\n  }\n}', '99', 'fa-inbox             ', null, '1', '1', null), ('127', '16', 'Textos Contato', '0', 'alegria_contato_texto', '{\n  \"primary_key\": \"id\",\n  \"labels\": {\n    \"id\":\"\",\n\"title\":\"Título\",\n\"description\":\"Texto\"\n  },\n  \"remove_list\": [\n    \"id\"\n  ],\n  \"possible_actions\": [\n    \n    \"r\",\n    \"u\"\n    \n  ],\n\n  \"options\": {\n    \"foreign_keys\": {\n      \"teste_id\": {\n        \"table\": \"teste\",\n        \"field\": \"nome\",\n        \"label\": \"Teste mesmo\",\n        \"filter\": \"id\"\n      }\n    },\n    \"fields\": {\n      \"image\": {\n        \"plugin\": \"single_upload\",\n        \"size\": \"250x220\"\n      }\n    }\n  }\n}', '99', 'fa-cogs              ', null, '1', '1', null), ('128', '16', 'Como chegar', '0', 'alegria_contato', '{\n  \"primary_key\": \"id\",\n  \"labels\": {\n    \"id\":\"\",\n\"title\":\"Título\",\n\"description\":\"Descrição\",\n\"iframe\":\"Iframe\"\n  },\n  \"remove_list\": [\n    \"id\"\n  ],\n  \"possible_actions\": [\n    \"r\",\n    \"u\"\n  ],\n  \"options\": {\n    \"foreign_keys\": {\n      \"teste_id\": {\n        \"table\": \"teste\",\n        \"field\": \"nome\",\n        \"label\": \"Teste mesmo\",\n        \"filter\": \"id\"\n      }\n    },\n    \"fields\": {\n      \"image\": {\n        \"plugin\": \"single_upload\",\n        \"size\": \"250x220\"\n      }\n    }\n  }\n}', '99', 'fa-flag              ', null, '1', '1', null), ('129', '16', 'Fotos e Vídeos', '0', 'alegria_fotos', '{\n  \"primary_key\": \"id\",\n  \"labels\": {\n    \"id\":\"\",\n\"alegria_foto_categoria_id\":\"Categoria\",\n\"title\":\"Título\",\n\"link\":\"Link do youtube (caso não tenha imagem para thumb pega do youtube)\",\n\"image\":\"Imagem\"\n  },\n  \"remove_list\": [\n    \"id\"\n  ],\n  \"possible_actions\": [\n    \"c\",\n    \"r\",\n    \"u\",\n    \"d\"\n  ],\n\n  \"options\": {\n    \"foreign_keys\": {\n      \"alegria_foto_categoria_id\": {\n        \"table\": \"alegria_foto_categoria\",\n        \"field\": \"title\",\n        \"label\": \"Teste mesmo\",\n        \"filter\": \"id\"\n      }\n    },\n    \"fields\": {\n      \"image\": {\n        \"plugin\": \"single_upload\",\n        \"size\": \"250x220\"\n      }\n    }\n  }\n}', '99', 'fa-calendar          ', null, '1', '1', null), ('130', '16', 'Pop Ups', '0', 'popup', '{\n  \"primary_key\": \"id\",\n  \"labels\": {\n    \"id\":\"\",\n\"title\":\"Link da pop up com http\",\n\"image\":\"Imagem\"\n  },\n  \"remove_list\": [\n    \"id\"\n  ],\n  \"possible_actions\": [\n\n    \"r\",\n    \"u\"\n \n  ],\n  \"options\": {\n    \"foreign_keys\": {\n      \"teste_id\": {\n        \"table\": \"teste\",\n        \"field\": \"nome\",\n        \"label\": \"Teste mesmo\",\n        \"filter\": \"id\"\n      }\n    },\n    \"fields\": {\n      \"image\": {\n        \"plugin\": \"single_upload\",\n        \"size\": \"250x220\"\n      }\n    }\n  }\n}', '99', 'fa-bolt              ', null, '1', '1', null), ('131', '17', 'A Empresa', '0', 'sobre', '{\n  \"primary_key\": \"id\",\n  \"labels\": {\n    \"id\":\"\",\n\"title\":\"A INNEXO\",\n\"description\":\"Sobre a Innexo\",\n\"title_2\":\"O QUE FAZEMOS?\",\n\"description_2\":\"o que fazemos\",\n\"imagem\":\"\"\n  },\n  \"remove_list\": [\n    \"id\"\n  ],\n  \"possible_actions\": [\n    \"r\",\n    \"u\"\n  ],\n  \"options\": {\n    \"foreign_keys\": {\n      \"teste_id\": {\n        \"table\": \"teste\",\n        \"field\": \"nome\",\n        \"label\": \"Teste mesmo\",\n        \"filter\": \"id\"\n      }\n    },\n    \"fields\": {\n      \"imagem\": {\n        \"plugin\": \"single_upload\",\n        \"size\": \"250x220\"\n      }\n    }\n  }\n}', '99', 'fa-beer              ', null, '1', '1', null), ('132', '17', '', '0', 'servicos', '{\n  \"primary_key\": \"id\",\n  \"labels\": {\n    \"id\":\"\",\n\"title_1\":\"FRONT LIGHT\",\n\"description_1\":\"O QUE ELE FAZ\",\n\"title_2\":\"OUTDOOR\",\n\"description_2\":\"O QUE ELE FAZ\",\n\"title_3\":\"PAINEL DE LED\",\n\"description_3\":\"O QUE ELE FAZ\"\n  },\n  \"remove_list\": [\n    \"id\"\n  ],\n  \"possible_actions\": [\n    \"r\",\n    \"u\"\n  ],\n  \"options\": {\n    \"foreign_keys\": {\n      \"teste_id\": {\n        \"table\": \"teste\",\n        \"field\": \"nome\",\n        \"label\": \"Teste mesmo\",\n        \"filter\": \"id\"\n      }\n    },\n }\n}', '99', 'fa-beer              ', null, '0', '1', null), ('133', '17', 'Quote', '0', 'quote', '{\n  \"primary_key\": \"id\",\n  \"labels\": {\n\"title\":\"Anúncios\",\n\"description\":\"Desenvolvemos o anúncio de acordo com  a necessidade de cada cliente. Anúncios de 10 e 15 segundos exibidos em média 160 vezes ao dia!\"\n  },\n  \"remove_list\": [\n    \"id\"\n  ],\n  \"possible_actions\": [\n    \"r\",\n    \"u\"\n  ],\n  \"options\": {\n    \"foreign_keys\": {\n      \"teste_id\": {\n        \"table\": \"teste\",\n        \"field\": \"nome\",\n        \"label\": \"Teste mesmo\",\n        \"filter\": \"id\"\n      }\n    }\n}}', '99', 'fa-bar-chart-o', null, '1', '1', null), ('134', '17', 'Clientes', '0', 'clientes', '{\n  \"primary_key\": \"id\",\n  \"labels\": {\n\"image\":\"\"\n  },\n  \"remove_list\": [\n    \"id\"\n  ],\n  \"possible_actions\": [\n    \"c\",\n    \"r\",\n    \"u\",\n    \"d\"\n  ],\n  \"options\": {\n    \"foreign_keys\": {\n      \"teste_id\": {\n        \"table\": \"teste\",\n        \"field\": \"nome\",\n        \"label\": \"Teste mesmo\",\n        \"filter\": \"id\"\n      }\n    },\n    \"fields\": {\n      \"image\": {\n        \"plugin\": \"single_upload\",\n        \"size\": \"250x220\"\n      }\n    }\n  }\n}', '99', 'fa-beer              ', null, '1', '1', null), ('135', '17', 'Contato', '0', 'contato', '{\n  \"primary_key\": \"id\",\n  \"labels\": {\n    \"id\":\"\",\n\"email_1\":\"innexo@innexo.com\",\n\"email_2\":\"contato@innexo.com\",\n\"phone_1\":\"51 xxxx xxxx\",\n\"phone_2\":\"51 xxxx xxxx\",\n\"adress\":\"rua sem nome, sem numero\"\n  },\n  \"remove_list\": [\n    \"id\"\n  ],\n  \"possible_actions\": [\n    \"r\",\n    \"u\"\n  ],\n  \"options\": {\n    \"foreign_keys\": {\n      \"teste_id\": {\n        \"table\": \"teste\",\n        \"field\": \"nome\",\n        \"label\": \"Teste mesmo\",\n        \"filter\": \"id\"\n      }\n    }\n  }\n}', '99', 'fa-beer              ', null, '1', '1', null), ('136', '17', 'O Que Fazemos', '0', 'servicos', '{\n  \"primary_key\": \"id\",\n  \"labels\": {\n\"title_1\":\"Front Light\",\n\"description_1\":\"luzes\",\n\"title_2\":\"Outdoor\",\n\"description_2\":\"na estrada\",\n\"title_3\":\"Painel de Led\",\n\"description_3\":\"jogar play\"\n  },\n  \"remove_list\": [\n    \"id\"\n  ],\n  \"possible_actions\": [\n    \"r\",\n    \"u\"\n  ],\n  \"options\": {\n    \"foreign_keys\": {\n      \"teste_id\": {\n        \"table\": \"teste\",\n        \"field\": \"nome\",\n        \"label\": \"Teste mesmo\",\n        \"filter\": \"id\"\n      }\n    }\n  }\n}', '99', 'fa-beer              ', null, '0', '1', null), ('137', '17', 'O Que Fazemos', '0', 'servico', '{\n  \"primary_key\": \"id\",\n  \"labels\": {\n\"title_1\":\"Front Light\",\n\"description_1\":\"Luzes\",\n\"title_2\":\"Outdoor\",\n\"description_2\":\"Rua\",\n\"title_3\":\"Painel de Led\",\n\"description_3\":\"Jogar em hd\"\n  },\n  \"remove_list\": [\n    \"id\"\n  ],\n  \"possible_actions\": [\n    \"r\",\n    \"u\"\n  ],\n  \"options\": {\n    \"foreign_keys\": {\n      \"teste_id\": {\n        \"table\": \"teste\",\n        \"field\": \"nome\",\n        \"label\": \"Teste mesmo\",\n        \"filter\": \"id\"\n      }\n    }\n  }\n}', '99', 'fa-bar-chart-o', null, '1', '1', null), ('138', '18', 'Textos do site', '0', 'website_texts', '{\n  \"primary_key\": \"id\",\n  \"labels\": {\n    \"id\":\"\",\n\"agency_description\":\"Descrição da agência\",\n\"client_titile\":\"Título menu cliente\",\n\"client_description\":\"Descrição menu Cliente\"\n  },\n  \"remove_list\": [\n    \"id\"\n  ],\n  \"possible_actions\": [\n    \"r\",\n    \"u\"\n  ],\n  \"components\": {\n},\n  \"options\": {\n    \"foreign_keys\": {\n      \"teste_id\": {\n        \"table\": \"teste\",\n        \"field\": \"nome\",\n        \"label\": \"Teste mesmo\",\n        \"filter\": \"id\"\n      }\n    },\n    \"fields\": {\n      \"image\": {\n        \"plugin\": \"single_upload\",\n        \"size\": \"250x220\"\n      }\n    }\n  }\n}', '99', 'fa-comment           ', null, '1', '1', null), ('139', '18', 'Dados de Contato', '0', 'website_contact_information', '{\n  \"primary_key\": \"id\",\n  \"labels\": {\n    \"id\":\"\",\n\"address\":\"Endereço\",\n\"phone\":\"Telefone\",\n\"display_email\":\"Email exibido\",\n\"contact_email\":\"Email que receberá contatos\"\n  },\n  \"remove_list\": [\n    \"id\"\n  ],\n  \"possible_actions\": [\n\n    \"r\",\n    \"u\"\n  ],\n  \"components\": {\n\n  },\n  \"options\": {\n    \"foreign_keys\": {\n      \"teste_id\": {\n        \"table\": \"teste\",\n        \"field\": \"nome\",\n        \"label\": \"Teste mesmo\",\n        \"filter\": \"id\"\n      }\n    },\n    \"fields\": {\n      \"image\": {\n        \"plugin\": \"single_upload\",\n        \"size\": \"250x220\"\n      }\n    }\n  }\n}', '99', 'fa-cogs              ', null, '1', '1', null), ('140', '18', 'Equipe', '0', 'team', '{\n  \"primary_key\": \"id\",\n  \"labels\": {\n    \"id\":\"\",\n\"name\":\"Nome\",\n\"image\":\"Imagem (260x300)\",\n\"position\":\"ordem de exibição\",\n\"description\":\"Descrição\"\n  },\n  \"remove_list\": [\n    \"id\",\"description\"\n  ],\n  \"possible_actions\": [\n    \"c\",\n    \"r\",\n    \"u\",\n    \"d\"\n  ],\n  \"components\": {\n\n  },\n  \"options\": {\n    \"foreign_keys\": {\n      \"teste_id\": {\n        \"table\": \"teste\",\n        \"field\": \"nome\",\n        \"label\": \"Teste mesmo\",\n        \"filter\": \"id\"\n      }\n    },\n    \"fields\": {\n\"name\":{\n    \"required\":true\n     },\n      \"image\": {\n        \"plugin\": \"single_upload\",\n        \"size\": \"250x220\"\n      }\n    }\n  }\n}', '99', 'fa-user', null, '1', '1', null), ('143', '5', 'Usuários', '6', '', '{\n  \"primary_key\": \"id\",\n  \"labels\": {\n    \"name\": \"Nome\",\n    \"text\": \"Texto\",\n    \"link\": \"Link\",\n    \"teste_id\": \"ie\"\n  },\n  \"remove_list\": [\n    \"id\"\n  ],\n  \"possible_actions\": [\n    \"c\",\n    \"r\",\n    \"u\",\n    \"d\"\n  ],\n\n  \"components\": {\n    \"out_of_form\": {\n      \"onetomany\": {\n        \"table\": \"ligacao\",\n		\"texto_header\":\"Teste de vinculo\",\n        \"fieldKey\": \"id_teste\",\n        \"myfieldKey\": \"id\"\n      }\n    }\n  },\n\n  \"options\": {\n    \"foreign_keys\": {\n      \"teste_id\": {\n        \"table\": \"teste\",\n        \"field\": \"nome\",\n        \"label\": \"Teste mesmo\",\n        \"filter\": \"id\"\n      }\n    },\n    \"fields\": {\n      \"title\":{\n       \"required\":true,\n       \"mask\":\"WWWW\",\n       \"tooltip\":\"so pra lembrar que isso existe\"\n      },\n      \"image\": {\n        \"plugin\": \"single_upload\",\n        \"size\": \"250x220\"\n      }\n    }\n  }\n  \n}', '99', 'fa-cogs              ', null, '1', '1', null), ('144', '16', 'Usuários', '6', '', '{\n  \"primary_key\": \"id\",\n  \"labels\": {\n    \"name\": \"Nome\",\n    \"text\": \"Texto\",\n    \"link\": \"Link\",\n    \"teste_id\": \"ie\"\n  },\n  \"remove_list\": [\n    \"id\"\n  ],\n  \"possible_actions\": [\n    \"c\",\n    \"r\",\n    \"u\",\n    \"d\"\n  ],\n\n  \"components\": {\n    \"out_of_form\": {\n      \"onetomany\": {\n        \"table\": \"ligacao\",\n		\"texto_header\":\"Teste de vinculo\",\n        \"fieldKey\": \"id_teste\",\n        \"myfieldKey\": \"id\"\n      }\n    }\n  },\n\n  \"options\": {\n    \"foreign_keys\": {\n      \"teste_id\": {\n        \"table\": \"teste\",\n        \"field\": \"nome\",\n        \"label\": \"Teste mesmo\",\n        \"filter\": \"id\"\n      }\n    },\n    \"fields\": {\n      \"title\":{\n       \"required\":true,\n       \"mask\":\"WWWW\",\n       \"tooltip\":\"so pra lembrar que isso existe\"\n      },\n      \"image\": {\n        \"plugin\": \"single_upload\",\n        \"size\": \"250x220\"\n      }\n    }\n  }\n  \n}', '99', 'fa-bar-chart-o', null, '1', '1', null), ('145', '16', 'Emails Recebidos', '5', '', '{\n  \"primary_key\": \"id\",\n  \"labels\": {\n    \"name\": \"Nome\",\n    \"text\": \"Texto\",\n    \"link\": \"Link\",\n    \"teste_id\": \"ie\"\n  },\n  \"remove_list\": [\n    \"id\"\n  ],\n  \"possible_actions\": [\n    \"c\",\n    \"r\",\n    \"u\",\n    \"d\"\n  ],\n\n  \"components\": {\n    \"out_of_form\": {\n      \"onetomany\": {\n        \"table\": \"ligacao\",\n		\"texto_header\":\"Teste de vinculo\",\n        \"fieldKey\": \"id_teste\",\n        \"myfieldKey\": \"id\"\n      }\n    }\n  },\n\n  \"options\": {\n    \"foreign_keys\": {\n      \"teste_id\": {\n        \"table\": \"teste\",\n        \"field\": \"nome\",\n        \"label\": \"Teste mesmo\",\n        \"filter\": \"id\"\n      }\n    },\n    \"fields\": {\n      \"title\":{\n       \"required\":true,\n       \"mask\":\"WWWW\",\n       \"tooltip\":\"so pra lembrar que isso existe\"\n      },\n      \"image\": {\n        \"plugin\": \"single_upload\",\n        \"size\": \"250x220\"\n      }\n    }\n  }\n  \n}', '99', 'fa-inbox             ', null, '1', '1', null), ('146', '15', 'Usuários', '6', '', '{\n  \"primary_key\": \"id\",\n  \"labels\": {\n    \"name\": \"Nome\",\n    \"text\": \"Texto\",\n    \"link\": \"Link\",\n    \"teste_id\": \"ie\"\n  },\n  \"remove_list\": [\n    \"id\"\n  ],\n  \"possible_actions\": [\n    \"c\",\n    \"r\",\n    \"u\",\n    \"d\"\n  ],\n\n  \"components\": {\n    \"out_of_form\": {\n      \"onetomany\": {\n        \"table\": \"ligacao\",\n		\"texto_header\":\"Teste de vinculo\",\n        \"fieldKey\": \"id_teste\",\n        \"myfieldKey\": \"id\"\n      }\n    }\n  },\n\n  \"options\": {\n    \"foreign_keys\": {\n      \"teste_id\": {\n        \"table\": \"teste\",\n        \"field\": \"nome\",\n        \"label\": \"Teste mesmo\",\n        \"filter\": \"id\"\n      }\n    },\n    \"fields\": {\n      \"title\":{\n       \"required\":true,\n       \"mask\":\"WWWW\",\n       \"tooltip\":\"so pra lembrar que isso existe\"\n      },\n      \"image\": {\n        \"plugin\": \"single_upload\",\n        \"size\": \"250x220\"\n      }\n    }\n  }\n  \n}', '99', 'fa-circle            ', null, '1', '1', null), ('147', '15', 'Emails Recebidos', '5', '', '{\n  \"primary_key\": \"id\",\n  \"labels\": {\n    \"name\": \"Nome\",\n    \"text\": \"Texto\",\n    \"link\": \"Link\",\n    \"teste_id\": \"ie\"\n  },\n  \"remove_list\": [\n    \"id\"\n  ],\n  \"possible_actions\": [\n    \"c\",\n    \"r\",\n    \"u\",\n    \"d\"\n  ],\n\n  \"components\": {\n    \"out_of_form\": {\n      \"onetomany\": {\n        \"table\": \"ligacao\",\n		\"texto_header\":\"Teste de vinculo\",\n        \"fieldKey\": \"id_teste\",\n        \"myfieldKey\": \"id\"\n      }\n    }\n  },\n\n  \"options\": {\n    \"foreign_keys\": {\n      \"teste_id\": {\n        \"table\": \"teste\",\n        \"field\": \"nome\",\n        \"label\": \"Teste mesmo\",\n        \"filter\": \"id\"\n      }\n    },\n    \"fields\": {\n      \"title\":{\n       \"required\":true,\n       \"mask\":\"WWWW\",\n       \"tooltip\":\"so pra lembrar que isso existe\"\n      },\n      \"image\": {\n        \"plugin\": \"single_upload\",\n        \"size\": \"250x220\"\n      }\n    }\n  }\n  \n}', '99', 'fa-inbox             ', null, '1', '1', null), ('148', '14', 'Emails Recebidos', '5', '', '{\n  \"primary_key\": \"id\",\n  \"labels\": {\n    \"name\": \"Nome\",\n    \"text\": \"Texto\",\n    \"link\": \"Link\",\n    \"teste_id\": \"ie\"\n  },\n  \"remove_list\": [\n    \"id\"\n  ],\n  \"possible_actions\": [\n    \"c\",\n    \"r\",\n    \"u\",\n    \"d\"\n  ],\n\n  \"components\": {\n    \"out_of_form\": {\n      \"onetomany\": {\n        \"table\": \"ligacao\",\n		\"texto_header\":\"Teste de vinculo\",\n        \"fieldKey\": \"id_teste\",\n        \"myfieldKey\": \"id\"\n      }\n    }\n  },\n\n  \"options\": {\n    \"foreign_keys\": {\n      \"teste_id\": {\n        \"table\": \"teste\",\n        \"field\": \"nome\",\n        \"label\": \"Teste mesmo\",\n        \"filter\": \"id\"\n      }\n    },\n    \"fields\": {\n      \"title\":{\n       \"required\":true,\n       \"mask\":\"WWWW\",\n       \"tooltip\":\"so pra lembrar que isso existe\"\n      },\n      \"image\": {\n        \"plugin\": \"single_upload\",\n        \"size\": \"250x220\"\n      }\n    }\n  }\n  \n}', '99', 'fa-inbox             ', null, '1', '1', null), ('149', '14', 'Usuários', '6', '', '{\n  \"primary_key\": \"id\",\n  \"labels\": {\n    \"name\": \"Nome\",\n    \"text\": \"Texto\",\n    \"link\": \"Link\",\n    \"teste_id\": \"ie\"\n  },\n  \"remove_list\": [\n    \"id\"\n  ],\n  \"possible_actions\": [\n    \"c\",\n    \"r\",\n    \"u\",\n    \"d\"\n  ],\n\n  \"components\": {\n    \"out_of_form\": {\n      \"onetomany\": {\n        \"table\": \"ligacao\",\n		\"texto_header\":\"Teste de vinculo\",\n        \"fieldKey\": \"id_teste\",\n        \"myfieldKey\": \"id\"\n      }\n    }\n  },\n\n  \"options\": {\n    \"foreign_keys\": {\n      \"teste_id\": {\n        \"table\": \"teste\",\n        \"field\": \"nome\",\n        \"label\": \"Teste mesmo\",\n        \"filter\": \"id\"\n      }\n    },\n    \"fields\": {\n      \"title\":{\n       \"required\":true,\n       \"mask\":\"WWWW\",\n       \"tooltip\":\"so pra lembrar que isso existe\"\n      },\n      \"image\": {\n        \"plugin\": \"single_upload\",\n        \"size\": \"250x220\"\n      }\n    }\n  }\n  \n}', '99', 'fa-cog               ', null, '1', '1', null), ('150', '13', 'Usuários', '6', '', '{\n  \"primary_key\": \"id\",\n  \"labels\": {\n    \"name\": \"Nome\",\n    \"text\": \"Texto\",\n    \"link\": \"Link\",\n    \"teste_id\": \"ie\"\n  },\n  \"remove_list\": [\n    \"id\"\n  ],\n  \"possible_actions\": [\n    \"c\",\n    \"r\",\n    \"u\",\n    \"d\"\n  ],\n\n  \"components\": {\n    \"out_of_form\": {\n      \"onetomany\": {\n        \"table\": \"ligacao\",\n		\"texto_header\":\"Teste de vinculo\",\n        \"fieldKey\": \"id_teste\",\n        \"myfieldKey\": \"id\"\n      }\n    }\n  },\n\n  \"options\": {\n    \"foreign_keys\": {\n      \"teste_id\": {\n        \"table\": \"teste\",\n        \"field\": \"nome\",\n        \"label\": \"Teste mesmo\",\n        \"filter\": \"id\"\n      }\n    },\n    \"fields\": {\n      \"title\":{\n       \"required\":true,\n       \"mask\":\"WWWW\",\n       \"tooltip\":\"so pra lembrar que isso existe\"\n      },\n      \"image\": {\n        \"plugin\": \"single_upload\",\n        \"size\": \"250x220\"\n      }\n    }\n  }\n  \n}', '99', 'fa-book              ', null, '1', '1', null), ('151', '12', 'Usuários', '6', '', '{\n  \"primary_key\": \"id\",\n  \"labels\": {\n    \"name\": \"Nome\",\n    \"text\": \"Texto\",\n    \"link\": \"Link\",\n    \"teste_id\": \"ie\"\n  },\n  \"remove_list\": [\n    \"id\"\n  ],\n  \"possible_actions\": [\n    \"c\",\n    \"r\",\n    \"u\",\n    \"d\"\n  ],\n\n  \"components\": {\n    \"out_of_form\": {\n      \"onetomany\": {\n        \"table\": \"ligacao\",\n		\"texto_header\":\"Teste de vinculo\",\n        \"fieldKey\": \"id_teste\",\n        \"myfieldKey\": \"id\"\n      }\n    }\n  },\n\n  \"options\": {\n    \"foreign_keys\": {\n      \"teste_id\": {\n        \"table\": \"teste\",\n        \"field\": \"nome\",\n        \"label\": \"Teste mesmo\",\n        \"filter\": \"id\"\n      }\n    },\n    \"fields\": {\n      \"title\":{\n       \"required\":true,\n       \"mask\":\"WWWW\",\n       \"tooltip\":\"so pra lembrar que isso existe\"\n      },\n      \"image\": {\n        \"plugin\": \"single_upload\",\n        \"size\": \"250x220\"\n      }\n    }\n  }\n  \n}', '99', 'fa-cogs              ', null, '1', '1', null), ('152', '8', 'Usuários', '6', '', '{\n  \"primary_key\": \"id\",\n  \"labels\": {\n    \"name\": \"Nome\",\n    \"text\": \"Texto\",\n    \"link\": \"Link\",\n    \"teste_id\": \"ie\"\n  },\n  \"remove_list\": [\n    \"id\"\n  ],\n  \"possible_actions\": [\n    \"c\",\n    \"r\",\n    \"u\",\n    \"d\"\n  ],\n\n  \"components\": {\n    \"out_of_form\": {\n      \"onetomany\": {\n        \"table\": \"ligacao\",\n		\"texto_header\":\"Teste de vinculo\",\n        \"fieldKey\": \"id_teste\",\n        \"myfieldKey\": \"id\"\n      }\n    }\n  },\n\n  \"options\": {\n    \"foreign_keys\": {\n      \"teste_id\": {\n        \"table\": \"teste\",\n        \"field\": \"nome\",\n        \"label\": \"Teste mesmo\",\n        \"filter\": \"id\"\n      }\n    },\n    \"fields\": {\n      \"title\":{\n       \"required\":true,\n       \"mask\":\"WWWW\",\n       \"tooltip\":\"so pra lembrar que isso existe\"\n      },\n      \"image\": {\n        \"plugin\": \"single_upload\",\n        \"size\": \"250x220\"\n      }\n    }\n  }\n  \n}', '99', 'fa-cogs              ', null, '1', '1', null), ('153', '18', 'Clientes', '0', 'website_clients', '{\n    \"primary_key\": \"id\",\n    \"labels\": {\n        \"id\": \"\",\n        \"order\": \"Ordem de exibição\",\n        \"client_name\": \"Nome\",\n        \"logo\": \"Logo (175x75)\",\n        \"website_link\": \"Link\"\n    },\n    \"remove_list\": [\n        \"id\"\n    ],\n    \"possible_actions\": [\n        \"c\",\n        \"r\",\n        \"u\",\n        \"d\"\n    ],\n    \"components\": {},\n    \"options\": {\n        \"fields\": {\n            \"logo\": {\n                \"plugin\": \"single_upload\",\n                \"size\": \"250x220\"\n            },\n            \"website_link\": {\n                \"required\": false\n            }\n        }\n    }\n}', '99', 'fa-star              ', null, '1', '1', 'Não ocorreu nenhum erro'), ('154', '18', 'Usuários', '6', '', '{\n  \"primary_key\": \"id\",\n  \"labels\": {\n    \"name\": \"Nome\",\n    \"text\": \"Texto\",\n    \"link\": \"Link\",\n    \"teste_id\": \"ie\"\n  },\n  \"remove_list\": [\n    \"id\"\n  ],\n  \"possible_actions\": [\n    \"c\",\n    \"r\",\n    \"u\",\n    \"d\"\n  ],\n\n  \"components\": {\n    \"out_of_form\": {\n      \"onetomany\": {\n        \"table\": \"ligacao\",\n		\"texto_header\":\"Teste de vinculo\",\n        \"fieldKey\": \"id_teste\",\n        \"myfieldKey\": \"id\"\n      }\n    }\n  },\n\n  \"options\": {\n    \"foreign_keys\": {\n      \"teste_id\": {\n        \"table\": \"teste\",\n        \"field\": \"nome\",\n        \"label\": \"Teste mesmo\",\n        \"filter\": \"id\"\n      }\n    },\n    \"fields\": {\n      \"title\":{\n       \"required\":true,\n       \"mask\":\"WWWW\",\n       \"tooltip\":\"so pra lembrar que isso existe\"\n      },\n      \"image\": {\n        \"plugin\": \"single_upload\",\n        \"size\": \"250x220\"\n      }\n    }\n  }\n  \n}', '99', 'fa-user', null, '1', '1', null), ('155', '18', 'Emails Recebidos', '5', '', '{\n  \"primary_key\": \"id\",\n  \"labels\": {\n    \"name\": \"Nome\",\n    \"text\": \"Texto\",\n    \"link\": \"Link\",\n    \"teste_id\": \"ie\"\n  },\n  \"remove_list\": [\n    \"id\"\n  ],\n  \"possible_actions\": [\n    \"c\",\n    \"r\",\n    \"u\",\n    \"d\"\n  ],\n\n  \"components\": {\n    \"out_of_form\": {\n      \"onetomany\": {\n        \"table\": \"ligacao\",\n		\"texto_header\":\"Teste de vinculo\",\n        \"fieldKey\": \"id_teste\",\n        \"myfieldKey\": \"id\"\n      }\n    }\n  },\n\n  \"options\": {\n    \"foreign_keys\": {\n      \"teste_id\": {\n        \"table\": \"teste\",\n        \"field\": \"nome\",\n        \"label\": \"Teste mesmo\",\n        \"filter\": \"id\"\n      }\n    },\n    \"fields\": {\n      \"title\":{\n       \"required\":true,\n       \"mask\":\"WWWW\",\n       \"tooltip\":\"so pra lembrar que isso existe\"\n      },\n      \"image\": {\n        \"plugin\": \"single_upload\",\n        \"size\": \"250x220\"\n      }\n    }\n  }\n  \n}', '99', 'fa-inbox             ', null, '1', '1', null), ('156', '18', 'Blog', '2', '', '{\n  \"primary_key\": \"id\",\n  \"labels\": {\n    \"name\": \"Nome\",\n    \"text\": \"Texto\",\n    \"link\": \"Link\",\n    \"teste_id\": \"ie\"\n  },\n  \"remove_list\": [\n    \"id\"\n  ],\n  \"possible_actions\": [\n    \"c\",\n    \"r\",\n    \"u\",\n    \"d\"\n  ],\n\n  \"components\": {\n    \"out_of_form\": {\n      \"onetomany\": {\n        \"table\": \"ligacao\",\n		\"texto_header\":\"Teste de vinculo\",\n        \"fieldKey\": \"id_teste\",\n        \"myfieldKey\": \"id\"\n      }\n    }\n  },\n\n  \"options\": {\n    \"foreign_keys\": {\n      \"teste_id\": {\n        \"table\": \"teste\",\n        \"field\": \"nome\",\n        \"label\": \"Teste mesmo\",\n        \"filter\": \"id\"\n      }\n    },\n    \"fields\": {\n      \"title\":{\n       \"required\":true,\n       \"mask\":\"WWWW\",\n       \"tooltip\":\"so pra lembrar que isso existe\"\n      },\n      \"image\": {\n        \"plugin\": \"single_upload\",\n        \"size\": \"250x220\"\n      }\n    }\n  }\n  \n}', '99', 'fa-leaf              ', null, '1', '1', null), ('157', '18', 'Categorias Portfolio', '0', 'website_portfolio_category', '{\n  \"primary_key\": \"id\",\n  \"labels\": {\n    \"id\":\"\",\n\"title\":\"Título\",\n\"display_order\":\"Ordem de exibição\"\n  },\n  \"remove_list\": [\n    \"id\"\n  ],\n  \"possible_actions\": [\n    \"c\",\n    \"r\",\n    \"u\",\n    \"d\"\n  ],\n  \"components\": {\n\n  },\n  \"options\": {\n    \"foreign_keys\": {\n      \"teste_id\": {\n        \"table\": \"teste\",\n        \"field\": \"nome\",\n        \"label\": \"Teste mesmo\",\n        \"filter\": \"id\"\n      }\n    },\n    \"fields\": {\n      \"image\": {\n        \"plugin\": \"single_upload\",\n        \"size\": \"250x220\"\n      }\n    }\n  }\n}', '99', 'fa-flag              ', '29', '1', '1', null), ('158', '18', 'Portfólio', '0', 'website_portfolio', '{\n    \"primary_key\": \"id\",\n    \"labels\": {\n        \"id\": \"\",\n        \"title\": \"Título\",\n        \"website_portfolio_category_id\": \"Categoria\",\n        \"website_clients_id\": \"Cliente\",\n        \"description\": \"Descrição\",\n        \"cover\": \"Imagem de Capa (Usar proporção de 1:1)\",\n        \"is_featured\": \"Listar na capa\",\n        \"order\": \"Posição de exibição\"\n    },\n    \"remove_list\": [\n        \"id\",\n        \"description\"\n    ],\n    \"possible_actions\": [\n        \"c\",\n        \"r\",\n        \"u\",\n        \"d\"\n    ],\n    \"components\": {\n        \"out_of_form\": {\n            \"onetomany\": {\n                \"table\": \"website_portfolio_images\",\n                \"texto_header\": \"Imagens\",\n                \"fieldKey\": \"website_portfolio_id\",\n                \"myfieldKey\": \"id\"\n            }\n        }\n    },\n    \"options\": {\n        \"foreign_keys\": {\n            \"website_portfolio_category_id\": {\n                \"table\": \"website_portfolio_category\",\n                \"field\": \"title\",\n                \"label\": \"Categoria\",\n                \"filter\": \"id\"\n            },\n            \"website_clients_id\": {\n                \"table\": \"website_clients\",\n                \"field\": \"client_name\",\n                \"label\": \"Cliente\",\n                \"filter\": \"id\"\n            }\n        },\n        \"fields\": {\n            \"cover\": {\n                \"plugin\": \"single_upload\",\n                \"size\": \"250x220\"\n            },\n            \"is_featured\": {\n                \"plugin\": \"active_box\"\n            }\n        }\n    }\n}', '99', 'fa-flag              ', '29', '1', '1', 'Não ocorreu nenhum erro'), ('159', '18', 'Imagens do portfolio', '0', 'website_portfolio_images', '{\n    \"primary_key\": \"id\",\n    \"labels\": {\n        \"id\": \"\",\n        \"title\": \"Título\",\n        \"logo\": \"Imagem (730x480)\",\n        \"website_portfolio_id\": \"portfolio\",\n        \"mngr_token\": \"\"\n    },\n    \"remove_list\": [\n        \"id\",\n        \"website_portfolio_id\",\n        \"mngr_token\"\n    ],\n    \"blacklist\": [\n        \"mngr_token\",\n        \"website_portfolio_id\"\n    ],\n    \"possible_actions\": [\n        \"c\",\n        \"r\",\n        \"u\",\n        \"d\"\n    ],\n    \"components\": {},\n    \"options\": {\n        \"fields\": {\n            \"logo\": {\n                \"plugin\": \"single_upload\",\n                \"size\": \"250x220\"\n            }\n        }\n    }\n}', '99', 'fa-bar-chart-o', null, '0', '1', 'Não ocorreu nenhum erro'), ('160', '21', 'Amostras', '9', '', '', '99', 'fa-fire              ', null, '1', '1', null), ('161', '21', 'Usuários', '6', '', '', '99', 'fa-user              ', null, '1', '1', null), ('162', '21', 'Clientes', '0', 'client', '{\n    \"primary_key\": \"id\",\n    \"labels\": {\n        \"id\": \"\",\n        \"name\": \"Nome\",\n        \"email\": \"Email\",\n        \"phone_number\": \"Telefone\"\n    },\n    \"remove_list\": [\n        \"id\"\n    ],\n    \"possible_actions\": [\n        \"c\",\n        \"r\",\n        \"u\",\n        \"d\"\n    ],\n    \"options\": {\n        \"fields\": {\n            \"image\": {\n                \"plugin\": \"single_upload\",\n                \"size\": \"250x220\"\n            }\n        }\n    }\n}', '99', 'fa-group             ', null, '1', '1', 'Não ocorreu nenhum erro'), ('163', '25', 'Banners', '0', 'site_banners', '{\n    \"primary_key\": \"id\",\n    \"labels\": {\n        \"id\": \"\",\n        \"title\": \"Título identificador\",\n        \"image_order\": \"Ordem de exibição\",\n        \"image\": \"Imagem\",\n        \"pop_up_title\": \"Título popup\",\n        \"pop_up_descricao\": \"texto da PopUp\",\n        \"pop_up_button_name\": \"Nome do botão pop up\",\n        \"pop_up_link\": \"Link pop up\"\n    },\n    \"remove_list\": [\n        \"id\",\n        \"pop_up_title\",\n        \"pop_up_descricao\",\n        \"pop_up_button_name\",\n        \"pop_up_link\"\n    ],\n    \"possible_actions\": [\n        \"c\",\n        \"r\",\n        \"u\",\n        \"d\"\n    ],\n    \"options\": {\n        \"fields\": {\n            \"image\": {\n                \"plugin\": \"single_upload\",\n                \"size\": \"250x220\"\n            }\n        }\n    }\n}', '99', 'fa-camera            ', null, '1', '1', 'Não ocorreu nenhum erro'), ('164', '25', 'Noticias', '2', '', '', '99', 'fa-rss               ', null, '1', '1', null), ('165', '25', 'Categoria Produtos', '0', 'site_product_category', '{\n    \"primary_key\": \"id\",\n    \"labels\": {\n        \"id\": \"\",\n        \"title\": \"Título\",\n        \"list_position\": \"Posição na listagem\",\n\"icon\":\"Icone (codigo do font awesome)\"\n    },\n    \"remove_list\": [\n        \"id\"\n    ],\n    \"possible_actions\": [\n        \"c\",\n        \"r\",\n        \"u\",\n        \"d\"\n    ],\n    \"options\": {}\n}', '99', 'fa-star              ', '30', '1', '1', 'Não ocorreu nenhum erro'), ('166', '25', 'Produtos', '0', 'site_product', '{\n    \"primary_key\": \"id\",\n    \"labels\": {\n        \"id\": \"\",\n        \"title\": \"Nome\",\n        \"is_cover\": \"Listar Capa\",\n        \"site_product_subcategory_id\": \"Sub Categoria\",\n        \"cover\": \"Capa (não passar de 700kb)\",\n        \"description\": \"Descrição\"\n    },\n    \"remove_list\": [\n        \"id\",\n        \"description\",\n        \"ref\"\n    ],\n    \"possible_actions\": [\n        \"c\",\n        \"r\",\n        \"u\",\n        \"d\"\n    ],\n    \"components\": {\n        \"out_of_form\": {\n            \"onetomany\": {\n                \"table\": \"site_product_galery\",\n                \"texto_header\": \"Imagens\",\n                \"fieldKey\": \"site_product_id\",\n                \"myfieldKey\": \"id\"\n            }\n        }\n    },\n    \"options\": {\n        \"foreign_keys\": {\n            \"site_product_subcategory_id\": {\n                \"table\": \"site_product_subcategory\",\n                \"field\": \"title\",\n                \"label\": \"Teste mesmo\",\n                \"filter\": \"id\"\n            }\n        },\n        \"fields\": {\n            \"is_cover\": {\n                \"plugin\": \"active_box\"\n            },\n            \"cover\": {\n                \"plugin\": \"single_upload\",\n                \"size\": \"250x220\"\n            }\n        }\n    }\n}', '99', 'fa-star              ', '30', '1', '1', 'Não ocorreu nenhum erro'), ('167', '25', 'Usuários', '6', '', '', '99', 'fa-user              ', null, '1', '1', null), ('168', '25', 'Emails Recebidos', '5', '', '', '99', 'fa-inbox             ', null, '1', '1', null), ('169', '25', 'Dados Contato', '0', 'site_contact', '{\n    \"primary_key\": \"id\",\n    \"labels\": {\n        \"id\": \"\",\n        \"address\": \"Endereço\",\n        \"open_time\": \"Horário aberto\",\n        \"phone_number\": \"Telefone\",\n        \"email_display\": \"Email exibido\",\n        \"email_contact\": \"Email receber contato\"\n    },\n    \"remove_list\": [\n        \"id\"\n    ],\n    \"possible_actions\": [\n        \"r\",\n        \"u\"\n    ]\n}', '99', 'fa-comment           ', null, '1', '1', 'Não ocorreu nenhum erro'), ('170', '25', 'Audax', '0', 'site_sobre', '{\n    \"primary_key\": \"id\",\n    \"labels\": {\n        \"id\": \"\",\n        \"title\": \"Título\",\n        \"description\": \"Descrição\",\n        \"mission\": \"Missão\",\n        \"vision\": \"Visão\",\n        \"values\": \"Valores\",\n\"about_trends\":\"Texto home de Trends\"\n    },\n    \"remove_list\": [\n        \"id\"\n    ],\n    \"possible_actions\": [\n        \"r\",\n        \"u\"\n    ]\n}', '99', 'fa-home              ', null, '1', '1', 'Não ocorreu nenhum erro'), ('171', '29', 'Sobre', '0', 'universo_about', '{\n    \"primary_key\": \"id\",\n    \"labels\": {\n        \"id\": \"\",\n        \"title\": \"Título\",\n        \"sub_title\": \"Sub Titulo\",\n        \"video_url\": \"URL Vídeo\",\n        \"description\": \"Descrição\"\n    },\n    \"remove_list\": [\n        \"id\"\n    ],\n    \"possible_actions\": [\n        \"r\",\n        \"u\"\n    ]\n}', '99', 'fa-asterisk          ', null, '1', '1', 'Não ocorreu nenhum erro'), ('172', '29', 'Atrações', '0', 'universo_attractions', '{\n    \"primary_key\": \"id\",\n    \"labels\": {\n        \"id\": \"\",\n        \"title\": \"Nome\",\n        \"band_image\": \"Imagem Banda (200x224)\",\n        \"band_logo\": \"Logo Banda (200x224)\"\n    },\n    \"remove_list\": [\n        \"id\"\n    ],\n    \"possible_actions\": [\n        \"c\",\n        \"r\",\n        \"u\",\n        \"d\"\n    ],\n    \"options\": {\n        \"fields\": {\n            \"band_image\": {\n                \"plugin\": \"single_upload\",\n                \"size\": \"250x220\"\n            },\n            \"band_logo\": {\n                \"plugin\": \"single_upload\",\n                \"size\": \"250x220\"\n            }\n        }\n    }\n}', '99', 'fa-star              ', null, '1', '1', 'Não ocorreu nenhum erro'), ('173', '29', 'Fotos', '0', 'universe_photos', '{\n    \"primary_key\": \"id\",\n    \"labels\": {\n        \"id\": \"\",\n        \"title\": \"Identificador\",\n        \"icon\": \"Imagem\"\n    },\n    \"remove_list\": [\n        \"id\"\n    ],\n    \"possible_actions\": [\n        \"c\",\n        \"r\",\n        \"u\",\n        \"d\"\n    ],\n    \"options\": {\n        \"fields\": {\n            \"icon\": {\n                \"plugin\": \"single_upload\",\n                \"size\": \"250x220\"\n            }\n        }\n    }\n}', '99', 'fa-camera-retro      ', '31', '1', '1', 'Não ocorreu nenhum erro'), ('174', '29', 'Vídeos', '0', 'universe_videos', '{\n    \"primary_key\": \"id\",\n    \"labels\": {\n        \"id\": \"\",\n        \"title\": \"Identificador\",\n        \"link\": \"URL video (Youtube ou Vimeo)\"\n    },\n    \"remove_list\": [\n        \"id\"\n    ],\n    \"possible_actions\": [\n        \"c\",\n        \"r\",\n        \"u\",\n        \"d\"\n    ]\n}', '99', 'fa-camera-retro      ', '31', '1', '1', 'Não ocorreu nenhum erro'), ('175', '29', 'Categorias', '0', 'universe_doubts_category', '{\n    \"primary_key\": \"id\",\n    \"labels\": {\n        \"id\": \"\",\n        \"title\": \"Identificador\",\n        \"position\": \"Posição (coloque sempre de 10 em 10)\"\n    },\n    \"remove_list\": [\n        \"id\"\n    ],\n    \"possible_actions\": [\n        \"c\",\n        \"r\",\n        \"u\",\n        \"d\"\n    ]\n}', '99', 'fa-search            ', '32', '1', '1', 'Não ocorreu nenhum erro'), ('176', '29', 'Dúvidas', '0', 'universe_doubts', '{\n    \"primary_key\": \"id\",\n    \"labels\": {\n        \"id\": \"\",\n        \"title\": \"Título\",\n        \"universe_doubts_category_id\": \"Categoria\",\n        \"description\": \"Descrição\"\n    },\n    \"remove_list\": [\n        \"id\", \"description\"\n    ],\n    \"possible_actions\": [\n        \"c\",\n        \"r\",\n        \"u\",\n        \"d\"\n    ],\n    \"options\": {\n        \"foreign_keys\": {\n            \"universe_doubts_category_id\": {\n                \"table\": \"universe_doubts_category\",\n                \"field\": \"title\",\n                \"label\": \"Categoria\",\n                \"filter\": \"id\"\n            }\n        }\n    }\n}', '99', 'fa-search            ', '32', '1', '1', 'Não ocorreu nenhum erro'), ('177', '29', 'Configurações', '0', 'universe_configuration', '{\n    \"primary_key\": \"id\",\n    \"labels\": {\n        \"id\": \"\",\n        \"website_title\": \"Titulo do site\",\n        \"link_facebook\": \"Link Facebook\",\n        \"link_instagram\": \"Link Instagram\",\n        \"email_contact\": \"Email Contato\",\n        \"email_press\": \"Email Imprensa\",\n        \"email_tour\": \"Email Excursões\"\n    },\n    \"remove_list\": [\n        \"id\"\n    ],\n    \"possible_actions\": [\n        \"r\",\n        \"u\"\n    ]\n}', '99', 'fa-cog               ', null, '1', '1', 'Não ocorreu nenhum erro'), ('178', '29', 'Setores', '0', 'universe_sector', '{\n    \"primary_key\": \"id\",\n    \"labels\": {\n        \"id\": \"\",\n        \"title\": \"Título\",\n        \"ticket_link\": \"Link ingresso\",\n        \"description\": \"Descrição\",\n        \"image\": \"Imagem\"\n    },\n    \"remove_list\": [\n        \"id\",\n        \"description\"\n    ],\n    \"possible_actions\": [\n        \"c\",\n        \"r\",\n        \"u\",\n        \"d\"\n    ],\n    \"options\": {\n        \"fields\": {\n            \"image\": {\n                \"plugin\": \"single_upload\",\n                \"size\": \"250x220\"\n            }\n        }\n    }\n}', '99', 'fa-money             ', '33', '1', '1', 'Não ocorreu nenhum erro'), ('179', '29', 'Fotos Setores', '0', 'universe_sector_photos', '{\n    \"primary_key\": \"id\",\n    \"labels\": {\n        \"id\": \"\",\n        \"universe_sector_id\": \"Setor\",\n        \"title\": \"Identificador\",\n        \"image\": \"Foto\"\n    },\n    \"remove_list\": [\n        \"id\"\n    ],\n    \"possible_actions\": [\n        \"c\",\n        \"r\",\n        \"u\",\n        \"d\"\n    ],\n  \n    \"options\": {\n        \"foreign_keys\": {\n            \"universe_sector_id\": {\n                \"table\": \"universe_sector\",\n                \"field\": \"title\",\n                \"label\": \"Setor\",\n                \"filter\": \"id\"\n            }\n        },\n        \"fields\": {\n            \"image\": {\n                \"plugin\": \"single_upload\",\n                \"size\": \"250x220\"\n            }\n        }\n    }\n}', '99', 'fa-money             ', '33', '1', '1', 'Não ocorreu nenhum erro'), ('180', '29', 'Usuários', '6', '', '', '99', 'fa-user              ', null, '1', '1', null), ('181', '29', 'Emails recebidos', '5', '', '', '99', 'fa-inbox             ', null, '1', '1', null), ('182', '29', 'Menus', '0', 'universe_menu', '{\n    \"primary_key\": \"id\",\n    \"labels\": {\n        \"id\": \"\",\n        \"universe_menu_class_id\": \"Menu\",\n        \"title\": \"Título \",\n        \"description\": \"Subtitulo\"\n    },\n    \"remove_list\": [\n        \"id\",\"description\"\n    ],\n    \"possible_actions\": [\n        \"c\",\n        \"r\",\n        \"u\",\n        \"d\"\n    ],\n    \"options\": {\n        \"foreign_keys\": {\n            \"universe_menu_class_id\": {\n                \"table\": \"universe_menu_class\",\n                \"field\": \"title\",\n                \"label\": \"Menu\",\n                \"filter\": \"id\"\n            }\n        },\n        \"fields\": {\n            \"title\": {\n                \"tooltip\": \"Não vai aparecer no site, é só pro google indexar essa página\"\n            }\n        }\n    }\n}', '99', 'fa-beer              ', null, '1', '1', 'Não ocorreu nenhum erro'), ('183', '29', 'Patrocinadores', '0', 'universe_sponsor', '{\n    \"primary_key\": \"id\",\n    \"labels\": {\n        \"id\": \"\",\n        \"title\": \"Nome\",\n        \"universe_sponsor_position_id\": \"Tipo\",\n        \"image\": \"Logo\"\n    },\n    \"remove_list\": [\n        \"id\"\n    ],\n    \"possible_actions\": [\n        \"c\",\n        \"r\",\n        \"u\",\n        \"d\"\n    ],\n    \"options\": {\n        \"foreign_keys\": {\n            \"universe_sponsor_position_id\": {\n                \"table\": \"universe_sponsor_position\",\n                \"field\": \"title\",\n                \"label\": \"Teste mesmo\",\n                \"filter\": \"id\"\n            }\n        },\n        \"fields\": {\n            \"image\": {\n                \"plugin\": \"single_upload\",\n                \"size\": \"250x220\"\n            }\n        }\n    }\n}', '99', 'fa-fire              ', null, '1', '1', 'Não ocorreu nenhum erro'), ('184', '29', 'Excurções', '0', 'universe_excurcoes', '{\n    \"primary_key\": \"id\",\n    \"labels\": {\n        \"id\": \"\",\n\"active\":\"Ativo (Marque para listar no site)\",\n        \"title\": \"Empresa\",\n        \"contact_information\": \"Dados de Contato\",\n        \"city_id\": \"Cidade\",\n        \"state_id\": \"Estado\"\n\n    },\n    \"remove_list\": [\n        \"id\",\n        \"contact_information\"\n    ],\n    \"possible_actions\": [\n        \"c\",\n        \"r\",\n        \"u\",\n        \"d\"\n    ],\n    \"options\": {\n        \"foreign_keys\": {\n            \"city_id\": {\n                \"table\": \"city\",\n                \"field\": \"title\",\n                \"label\": \"Teste mesmo\",\n                \"filter\": \"id\"\n            },\n            \"state_id\": {\n                \"table\": \"state\",\n                \"field\": \"title\",\n                \"label\": \"Teste mesmo\",\n                \"filter\": \"id\"\n            }\n        },\n        \"fields\": {\n            \"active\": {\n                \"plugin\": \"active_box\"\n            }\n        }\n    }\n}', '99', 'fa-truck             ', null, '1', '1', 'Não ocorreu nenhum erro'), ('189', '29', 'Ponto de Venda', '0', 'pdv', '{\n    \"primary_key\": \"id\",\n    \"labels\": {\n        \"id\": \"\",\n        \"city_id\": \"Cidade\",\n        \"title\": \"Nome\",\n        \"address\": \"Endereço\",\n        \"contact\": \"Contato\"\n    },\n    \"remove_list\": [\n        \"id\"\n    ],\n    \"possible_actions\": [\n        \"c\",\n        \"r\",\n        \"u\",\n        \"d\"\n    ],\n    \"options\": {\n        \"foreign_keys\": {\n            \"city_id\": {\n                \"table\": \"city\",\n                \"field\": \"title\",\n                \"label\": \"Cidade\",\n                \"filter\": \"id\"\n            }\n        }\n    }\n}', '99', 'fa-share-alt         ', null, '1', '1', 'Não ocorreu nenhum erro'), ('191', '37', 'O que Fazemos ', '0', 'wwd_categories', '{\n    \"primary_key\": \"id\",\n    \"layout\": \"split\",\n    \"labels\": {\n        \"id\": \"\",\n        \"title\": \"Título\",\n        \"animation_gif\": \"Gif\",\n        \"description\": \"Descrição\"\n    },\n    \"remove_list\": [\n        \"id\", \"description\"\n    ],\n    \"possible_actions\": [\n        \"c\",\n        \"r\",\n        \"u\",\n        \"d\"\n    ],\n    \"options\": {\n        \"fields\": {\n            \"animation_gif\": {\n                \"plugin\": \"single_upload\",\n                \"size\": \"250x220\"\n            }\n        }\n    }\n}', '99', 'fa-bullhorn          ', null, '1', '1', 'Não ocorreu nenhum erro'), ('192', '39', 'Mesas', '0', 'tables', '{\n    \"primary_key\": \"id\",\n    \"layout\": \"split\",\n    \"labels\": {\n        \"id\": \"\",\n        \"title\": \"Nome\"\n    },\n    \"remove_list\": [\n        \"id\"\n    ],\n    \"possible_actions\": [\n        \"c\",\n        \"r\",\n        \"u\",\n        \"d\"\n    ]\n}', '99', 'fa-cog               ', '34', '1', '1', 'Não ocorreu nenhum erro'), ('193', '39', 'Horários', '0', 'times', '{\n    \"primary_key\": \"id\",\n    \"layout\": \"split\",\n    \"labels\": {\n        \"id\": \"\",\n        \"title\": \"Nome\"\n    },\n    \"remove_list\": [\n        \"id\"\n    ],\n    \"possible_actions\": [\n        \"c\",\n        \"r\",\n        \"u\",\n        \"d\"\n    ]\n}', '99', 'fa-cog               ', '34', '1', '1', 'Não ocorreu nenhum erro'), ('194', '39', 'Encontros', '0', 'schedules', '{\n    \"primary_key\": \"id\",\n    \"layout\": \"split\",\n    \"labels\": {\n        \"id\": \"\",\n        \"title\": \"Nome\"\n    },\n    \"remove_list\": [\n        \"id\"\n    ],\n    \"possible_actions\": [\n        \"c\",\n        \"r\",\n        \"u\",\n        \"d\"\n    ]\n}', '99', 'fa-cog               ', '34', '1', '1', 'Não ocorreu nenhum erro'), ('195', '39', 'Meeting', '10', '', '', '99', 'fa-bookmark          ', null, '1', '1', null), ('196', '39', 'Usuários', '6', '', '', '99', 'fa-user              ', null, '1', '1', null), ('197', '39', 'Configurar', '0', 'opcoes', '{\n    \"primary_key\": \"id\",\n    \"layout\": \"default\",\n    \"labels\": {\n        \"id\": \"\",\n        \"letter_size\": \"Tamanho Letras\",\n        \"small_letter_size\": \"Letras Pequenas\",\n        \"transition_time\": \"Tempo de transição\"\n    },\n    \"remove_list\": [\n        \"id\"\n    ],\n    \"possible_actions\": [\n        \"r\",\n        \"u\"\n    ]\n}', '99', 'fa-cog               ', '34', '1', '1', 'Não ocorreu nenhum erro'), ('198', '37', 'Testemunho', '0', 'testimony', '{\n    \"primary_key\": \"id\",\n    \"layout\": \"split\",\n    \"labels\": {\n        \"id\": \"\",\n        \"name\": \"Nome\",\n        \"testimony\": \"Testemunho\",\n        \"photo\": \"Foto\"\n    },\n    \"remove_list\": [\n        \"id\",\"testimony\"\n    ],\n    \"possible_actions\": [\n        \"c\",\n        \"r\",\n        \"u\",\n        \"d\"\n    ],\n    \"options\": {\n        \"fields\": {\n            \"photo\": {\n                \"plugin\": \"single_upload\",\n                \"size\": \"250x220\"\n            }\n        }\n    }\n}', '99', 'fa-comment           ', null, '1', '1', 'Não ocorreu nenhum erro'), ('199', '37', 'Slides', '0', 'slides', '{\n    \"primary_key\": \"id\",\n    \"layout\": \"split\",\n    \"labels\": {\n        \"id\": \"\",\n        \"title\": \"Título\",\n        \"description\": \"Descrição\",\n        \"image\": \"Imagem em 580 x 360 (pixels tá Gui?)\"\n    },\n    \"remove_list\": [\n        \"id\",\"description\"\n    ],\n    \"possible_actions\": [\n        \"c\",\n        \"r\",\n        \"u\",\n        \"d\"\n    ],\n    \"options\": {\n        \"fields\": {\n            \"image\": {\n                \"plugin\": \"single_upload\",\n                \"size\": \"250x220\"\n            }\n        }\n    }\n}', '99', 'fa-leaf              ', null, '0', '1', 'Não ocorreu nenhum erro');
INSERT INTO `module` VALUES ('200', '37', 'Cases', '0', 'cases', '{\n    \"primary_key\": \"id\",\n    \"layout\": \"split\",\n    \"labels\": {\n        \"id\": \"\",\n        \"title\": \"Título\",\n        \"video_url\": \"URL video\",\n        \"client_name\": \"Nome do cliente\",\n        \"image\": \"Capa (400x400)\",\n        \"description\": \"Descrição\"\n    },\n    \"remove_list\": [\n        \"id\",\n        \"description\",\n        \"client_name\",\n        \"video_url\"\n    ],\n    \"possible_actions\": [\n        \"c\",\n        \"r\",\n        \"u\",\n        \"d\"\n    ],\n    \"options\": {\n        \"fields\": {\n            \"image\": {\n                \"plugin\": \"single_upload\",\n                \"size\": \"250x220\",\n                \"tooltip\": \"so pra lembrar que isso existe\"\n            }\n        }\n    }\n}', '99', 'fa-coffee            ', null, '1', '1', 'Não ocorreu nenhum erro'), ('201', '37', 'Newsletter', '0', 'newsletter', '{\n    \"primary_key\": \"id\",\n    \"layout\": \"default\",\n    \"export\": \"CSV\",\n    \"labels\": {\n        \"id\": \"\",\n        \"email\": \"Email\"\n    },\n    \"remove_list\": [\n        \"id\"\n    ],\n    \"possible_actions\": [\n       \"c\", \"r\",\"u\",\"d\"\n    ]\n}', '99', 'fa-umbrella          ', null, '1', '1', 'Não ocorreu nenhum erro'), ('202', '37', 'Menu', '0', 'menus', '{\n    \"primary_key\": \"id\",\n    \"layout\": \"split\",\n    \"labels\": {\n        \"id\": \"\",\n        \"title\": \"Nome\",\n        \"link\": \"Link\",\n        \"menu_title\": \"Título Menu\",\n        \"menu_text\": \"Texto Menu\",\n        \"ordenation\": \"Ordem\",\n        \"display\": \"Exibir no menu\"\n    },\n    \"remove_list\": [\n        \"id\",\n        \"link\",\n        \"menu_title\",\n        \"menu_text\"\n    ],\n    \"possible_actions\": [\n        \n        \"r\",\n        \"u\"\n    ],\n    \"options\": {\n        \"fields\": {\n            \"display\": {\n                \"plugin\": \"active_box\"\n            }\n        }\n    }\n}', '99', 'fa-bell              ', null, '1', '1', 'Não ocorreu nenhum erro'), ('203', '37', 'Configurar', '0', 'configure', '{\n    \"primary_key\": \"id\",\n    \"layout\": \"default\",\n    \"labels\": {\n        \"id\": \"\",\n        \"phone\": \"Telefone\",\n        \"endereco\": \"Endereço\",\n        \"email\": \"Email\",\n        \"facebook\": \"Link Facebook\",\n        \"youtube\": \"Link Yoputube\",\n        \"email_receber_contato\": \"Email que recebe contato\",\n        \"website_titulo\": \"Título do site (Goiogle)\",\n        \"website_descricao\": \"Descrição do site (Google)\"\n    },\n    \"remove_list\": [\n        \"id\"\n    ],\n    \"possible_actions\": [\n       \n        \"u\"\n    ]\n}', '99', 'fa-cog               ', null, '1', '1', 'Não ocorreu nenhum erro'), ('204', '37', 'Banner', '0', 'banner', '{\n    \"primary_key\": \"id\",\n    \"layout\": \"default\",\n    \"labels\": {\n        \"id\": \"\",\n        \"title\": \"Título\",\n        \"youtube_link\": \"Link Youtube / Vimeo\"\n    },\n    \"remove_list\": [\n        \"id\"\n    ],\n    \"possible_actions\": [\n        \"u\"\n    ]\n}', '99', 'fa-fire              ', null, '1', '1', 'Não ocorreu nenhum erro'), ('205', '25', 'Subcategoria Produtos', '0', 'site_product_subcategory', '{\n    \"primary_key\": \"id\",\n    \"layout\": \"default\",\n    \"labels\": {\n        \"id\": \"\",\n        \"title\": \"Nome\",\n        \"site_product_category_id\": \"Categoria\"\n    },\n    \"remove_list\": [\n        \"id\"\n    ],\n    \"possible_actions\": [\n        \"c\",\n        \"r\",\n        \"u\",\n        \"d\"\n    ],\n    \"options\": {\n        \"foreign_keys\": {\n            \"site_product_category_id\": {\n                \"table\": \"site_product_category\",\n                \"field\": \"title\",\n                \"label\": \"Teste mesmo\",\n                \"filter\": \"id\"\n            }\n        }\n    }\n}', '99', 'fa-star              ', '30', '1', '1', 'Não ocorreu nenhum erro'), ('206', '25', 'Galeria', '0', 'site_product_galery', '{\n    \"primary_key\": \"id\",\n    \"layout\": \"default\",\n    \"labels\": {\n        \"id\": \"\",\n        \"site_product_id\": \"Produto\",\n        \"image\": \"Imagem\"\n    },\n    \"remove_list\": [\n        \"id\"\n    ],\n    \"possible_actions\": [\n        \"c\",\n        \"r\",\n        \"u\",\n        \"d\"\n    ],\n    \"options\": {\n        \"fields\": {\n            \"image\": {\n                \"plugin\": \"single_upload\",\n                \"size\": \"250x220\"\n            }\n        }\n    }\n}', '99', 'fa-bar-chart-o', null, '0', '1', 'Não ocorreu nenhum erro'), ('207', '25', 'SEO', '0', 'SEO', '{\n    \"primary_key\": \"id\",\n    \"layout\": \"default\",\n    \"labels\": {\n        \"id\": \"\",\n        \"title\": \"Título Website\",\n        \"description\": \"Descrição do site\",\n        \"keywords\": \"Palavras chaves separadas por virgula (,)\"\n    },\n    \"remove_list\": [\n        \"id\"\n    ],\n    \"possible_actions\": [\n        \"r\",\n        \"u\"\n    ]\n}', '99', 'fa-search            ', null, '1', '1', 'Não ocorreu nenhum erro'), ('208', '37', 'Usuários', '6', '', '', '99', 'fa-user              ', null, '1', '1', null), ('209', '37', 'Emails', '5', '', '', '99', 'fa-inbox             ', null, '1', '1', null), ('210', '37', 'Apresentação (macbook)', '0', 'presentation', '{\n\n    \"primary_key\": \"id\",\n    \"layout\": \"default\",\n    \"labels\": {\n        \"id\": \"\",\n        \"title\": \"Título\",\n        \"youtube_link\": \"Link Youtube\",\n        \"description\": \"Descrição\"\n    },\n    \"remove_list\": [\n        \"id\"\n    ],\n    \"possible_actions\": [\n        \"r\",\n        \"u\"\n    ]\n}', '99', 'fa-book              ', null, '1', '1', 'Não ocorreu nenhum erro'), ('211', '41', 'Usuários', '6', '', '', '99', 'fa-user              ', null, '1', '1', null), ('212', '41', 'Emails Recebidos', '5', '', '', '99', 'fa-inbox             ', null, '1', '1', null), ('214', '41', 'Blog', '2', '', '', '99', 'fa-bullhorn          ', null, '1', '1', null), ('215', '41', 'Banners', '0', 'banners', '{\n    \"primary_key\": \"id\",\n    \"layout\": \"split\",\n    \"labels\": {\n        \"id\": \"\",\n        \"title\": \"Identificador\",\n        \"image\": \"Imagem\",\n        \"display_order\": \"Ordem exibição\",\n        \"display:\": \"Exibir\"\n    },\n    \"remove_list\": [\n        \"id\",\"image\"\n    ],\n    \"possible_actions\": [\n        \"c\",\n        \"r\",\n        \"u\",\n        \"d\"\n    ],\n    \"options\": {\n        \"fields\": {\n            \"image\": {\n                \"plugin\": \"single_upload\",\n                \"size\": \"250x220\"\n            },\n            \"display\": {\n                \"plugin\": \"active_box\"\n            }\n        }\n    }\n}', '99', 'fa-file              ', null, '1', '1', 'Não ocorreu nenhum erro'), ('216', '41', 'A Marca', '0', 'brand', '{\n    \"primary_key\": \"id\",\n    \"layout\": \"default\",\n    \"labels\": {\n        \"id\": \"\",\n        \"title\": \"Título\",\n        \"description\": \"Descrição\",\n        \"title_en\": \"Título inglês\",\n        \"description_en\": \"Descrição Inglês\",\n        \"title_es\": \"Título Espanhol\",\n        \"description_es\": \"Descrição Espanhol\",\n        \"image\": \"Imagem\"\n    },\n    \"remove_list\": [\n        \"id\"\n    ],\n    \"possible_actions\": [\n        \"r\",\n        \"u\"\n    ],\n    \"options\": {\n        \"fields\": {\n            \"image\": {\n                \"plugin\": \"single_upload\",\n                \"size\": \"250x220\"\n            }\n        }\n    }\n}', '99', 'fa-fire              ', null, '1', '1', 'Não ocorreu nenhum erro'), ('217', '41', 'Representantes', '0', 'agent', '{\n    \"primary_key\": \"id\",\n    \"layout\": \"default\",\n    \"labels\": {\n        \"id\": \"\",\n        \" name\": \"Nome\",\n        \" address\": \"Endereço\",\n        \"city_id\": \"Cidade\"\n    },\n    \"remove_list\": [\n        \"id\"\n    ],\n    \"possible_actions\": [\n        \"c\",\n        \"r\",\n        \"u\",\n        \"d\"\n    ],\n    \"options\": {\n        \"foreign_keys\": {\n            \"city_id\": {\n                \"table\": \"city\",\n                \"field\": \"title\",\n                \"label\": \"Teste mesmo\",\n                \"filter\": \"id\",\n                \"table_filter\": {\n                    \"table\": \"state\",\n                    \"filter_field\": \"state_id\",\n                    \"field\": \"letter\"\n                }\n            }\n        }\n    }\n}', '99', 'fa-star              ', '35', '1', '1', 'Não ocorreu nenhum erro'), ('218', '41', 'Lojas Virtuais', '0', 'virtual_stores', '{\n    \"primary_key\": \"id\",\n    \"layout\": \"split\",\n    \"labels\": {\n        \"id\": \"\",\n        \"title\": \"Nome\",\n        \"image\": \"Imagem\",\n        \"ordenation\": \"Ordem\",\n        \"link\": \"Link\",\n        \"active\": \"Ativo\"\n    },\n    \"remove_list\": [\n        \"id\",\n        \"title\",\n        \"link\"\n    ],\n    \"possible_actions\": [\n        \"c\",\n        \"r\",\n        \"u\",\n        \"d\"\n    ],\n    \"options\": {\n        \"fields\": {\n            \"image\": {\n                \"plugin\": \"single_upload\",\n                \"size\": \"250x220\"\n            },\n            \"active\": {\n                \"plugin\": \"active_box\"\n            }\n        }\n    }\n}', '99', 'fa-star              ', '35', '1', '1', 'Não ocorreu nenhum erro'), ('219', '41', 'Lojas', '0', 'stores', '{\n    \"primary_key\": \"id\",\n    \"layout\": \"default\",\n    \"labels\": {\n        \"id\": \"\",\n        \"title\": \"Loja\",\n        \"address\": \"Endereço\",\n        \"city_id\": \"Cidade\",\n        \"active\": \"Ativo\"\n    },\n    \"remove_list\": [\n        \"id\"\n    ],\n    \"possible_actions\": [\n        \"c\",\n        \"r\",\n        \"u\",\n        \"d\"\n    ],\n    \"options\": {\n        \"fields\": {\n            \"active\": {\n                \"plugin\": \"active_box\"\n            }\n        },\n        \"foreign_keys\": {\n            \"city_id\": {\n                \"table\": \"city\",\n                \"field\": \"title\",\n                \"label\": \"Teste mesmo\",\n                \"filter\": \"id\",\n                \"table_filter\": {\n                    \"table\": \"state\",\n                    \"filter_field\": \"state_id\",\n                    \"field\": \"letter\"\n                }\n            }\n        }\n    }\n}', '99', 'fa-star              ', '35', '1', '1', 'Não ocorreu nenhum erro'), ('220', '41', 'Na Mídia', '0', 'on_media', '{\n    \"primary_key\": \"id\",\n    \"layout\": \"split\",\n    \"labels\": {\n        \"id\": \"\",\n        \"magazine_name\": \"Nome revista\",\n        \"publish_date\": \"Data publicada\",\n        \"description\": \"Texto descritivo\",\n        \"cover_image\": \"Capa\"\n    },\n    \"remove_list\": [\n        \"id\", \"description\",\"cover_image\"\n    ],\n    \"possible_actions\": [\n        \"c\",\n        \"r\",\n        \"u\",\n        \"d\"\n    ],\n    \"components\": {\n        \"out_of_form\": {\n            \"gallery\": {\n                \"type:\": \"default\"\n            }\n        }\n    },\n    \"options\": {\n        \"fields\": {\n            \"cover_image\": {\n                \"plugin\": \"single_upload\",\n                \"size\": \"250x220\"\n            },\n            \"publish_date\": {\n                \"plugin\": \"datepicker\"\n            }\n        }\n    }\n}', '99', 'fa-bookmark          ', '38', '1', '1', 'Não ocorreu nenhum erro'), ('221', '41', 'Categorias', '0', 'product_categories', '{\n    \"primary_key\": \"id\",\n    \"layout\": \"split\",\n    \"labels\": {\n        \"id\": \"\",\n        \"title\": \"Nome\",\n        \"image\": \"Imagem de fundo\",\n        \"display_order\": \"Ordem de exibição\",\n        \"title_en\": \"Título En\",\n        \"description_en\": \"Descrição En\"\n    },\n    \"remove_list\": [\n        \"id\",\"description_en\",\"description\"\n    ],\n    \"possible_actions\": [\n        \"c\",\n        \"r\",\n        \"u\",\n        \"d\"\n    ],\n    \"options\": {\n        \"fields\": {\n            \"image\": {\n                \"plugin\": \"single_upload\",\n                \"size\": \"250x220\"\n            }\n        }\n    }\n}', '99', 'fa-leaf              ', '36', '1', '1', 'Não ocorreu nenhum erro'), ('222', '41', 'Produtos', '0', 'product', '{\n    \"primary_key\": \"id\",\n    \"layout\": \"default\",\n    \"labels\": {\n        \"id\": \"\",\n        \"active\": \"Ativo\",\n        \"product_categories\": \"Categoria\",\n        \"title\": \"Título\",\n        \"title_en\": \"Título Inglês\",\n\"title_es\": \"Título Espanhol\",\n        \"description_en\": \"Descrição EN\",\n\"description_es\": \"Descrição ES\",\n        \"description\": \"Descrição\",\n        \"cover_image\": \"Imagem de capa\"\n    },\n    \"remove_list\": [\n        \"id\",\n        \"description\",\n        \"description_en\"\n    ],\n    \"possible_actions\": [\n        \"c\",\n        \"r\",\n        \"u\",\n        \"d\"\n    ],\n    \"components\": {\n        \"out_of_form\": {\n            \"gallery\": {\n                \"type:\": \"default\"\n            }\n        }\n    },\n    \"options\": {\n        \"foreign_keys\": {\n            \"product_categories\": {\n                \"table\": \"product_categories\",\n                \"field\": \"title\",\n                \"label\": \"Teste mesmo\",\n                \"filter\": \"id\"\n            }\n        },\n        \"fields\": {\n            \"active\": {\n                \"plugin\": \"active_box\"\n            },\n            \"cover_image\": {\n                \"plugin\": \"single_upload\",\n                \"size\": \"250x220\"\n            }\n        }\n    }\n}', '99', 'fa-leaf              ', '36', '1', '1', 'Não ocorreu nenhum erro'), ('223', '41', 'Texto', '0', 'product_about', '{\n    \"primary_key\": \"id\",\n    \"layout\": \"default\",\n    \"labels\": {\n        \"id\": \"\",\n        \"title\": \"Título\",\n        \"image\": \"Imagem\",\n        \"description\": \"Descrição\",\n        \"title_en\": \"Título Inglês\",\n        \"description_en\": \"Descrição Inglês\",\n        \"title_es\": \"Título Espanhol\",\n        \"description_es\": \"Descrição Espanhol\"\n    },\n    \"remove_list\": [\n        \"id\"\n    ],\n    \"possible_actions\": [\n        \"r\",\n        \"u\"\n    ],\n    \"options\": {\n        \"fields\": {\n            \"image\": {\n                \"plugin\": \"single_upload\",\n                \"size\": \"250x220\"\n            }\n        }\n    }\n}', '99', 'fa-leaf              ', '36', '1', '1', 'Não ocorreu nenhum erro'), ('224', '41', 'Meu amoreco', '0', 'mine_amoreco', '{\n    \"primary_key\": \"id\",\n    \"layout\": \"split\",\n    \"labels\": {\n        \"id\": \"\",\n        \"title\": \"Título\",\n        \"image\": \"Imagem\"\n    },\n    \"remove_list\": [\n        \"id\"\n    ],\n    \"possible_actions\": [\n        \"c\",\n        \"r\",\n        \"u\",\n        \"d\"\n    ],\n    \"components\": {\n        \"out_of_form\": {\n             \"checkbox\": {\n        \"title\": \"Categorias vinculadas\",\n        \"table\": \"blog_category\",\n        \"field_display\": \"title\"\n    }\n            \n        }\n    },\n    \"options\": {\n        \"fields\": {\n            \"image\": {\n                \"plugin\": \"single_upload\",\n                \"size\": \"250x220\"\n            }\n        }\n    }\n}', '99', 'fa-globe             ', null, '1', '1', 'Não ocorreu nenhum erro'), ('225', '41', 'Configurar', '0', 'configure', '{\n    \"primary_key\": \"id\",\n    \"layout\": \"default\",\n    \"labels\": {\n        \"id\": \"\",\n        \"website_title\": \"Título do site\",\n        \"facebook_link\": \"Link Facebook\",\n        \"instagram_link\": \"Link Instagram\",\n        \"display_email\": \"Email que exibe no site\",\n        \"receive_email\": \"Email que recebe os contatos do site\",\n        \"website_descrition\": \"Descrição do site\",\n        \"footer_descrition\": \"Descrição rodapé\",\n\"phone_number\":\"Telefone contato\"\n    },\n    \"remove_list\": [\n        \"id\"\n    ],\n    \"possible_actions\": [\n        \"r\",\n        \"u\"\n    ]\n}', '99', 'fa-cogs              ', null, '1', '1', 'Não ocorreu nenhum erro'), ('226', '43', 'Emails', '5', '', '', '99', 'fa-inbox             ', null, '1', '1', null), ('227', '43', 'Blog', '2', '', '', '99', 'fa-bullhorn          ', null, '1', '1', null), ('228', '43', 'Técnologias', '0', 'blog_category', '{\n    \"primary_key\": \"id\",\n    \"layout\": \"split\",\n    \"labels\": {\n        \"id\": \"\",\n        \"title\": \"Título\",\n        \"description\": \"Descrição\",\n        \"logo\": \"Logo\",\n        \"mngr_token\": \"\",\n        \"is_featured\": \"Destaque\"\n    },\n    \"remove_list\": [\n        \"id\",\n        \"description\"\n    ],\n    \"possible_actions\": [\n        \"c\",\n        \"r\",\n        \"u\",\n        \"d\"\n    ],\n\n    \"options\": {\n        \"fields\": {\n            \"is_featured\": {\n                \"plugin\": \"active_box\"\n            },\n            \"logo\": {\n                \"plugin\": \"single_upload\",\n                \"size\": \"250x220\"\n            }\n        }\n    }\n}', '99', 'fa-bolt              ', null, '1', '1', 'Não ocorreu nenhum erro'), ('229', '43', 'Sobre', '0', 'about', '{\n    \"primary_key\": \"id\",\n    \"layout\": \"default\",\n    \"labels\": {\n        \"id\": \"\",\n        \"banner_title\": \"Título Banner\",\n        \"banner_subtitle\": \"Subtitulo Banner\",\n        \"about_title\": \"Título sobre\",\n        \"about_subtitle\": \"Subtitulo Sobre\",\n        \"about_text\": \"Texto sobre\",\n        \"banner\": \"Banner\",\n        \"profile_photo\": \"Foto perfil\"\n    },\n    \"remove_list\": [\n        \"id\"\n    ],\n    \"possible_actions\": [\n        \"r\",\n        \"u\"\n    ],\n    \"options\": {\n        \"fields\": {\n            \"banner\": {\n                \"plugin\": \"single_upload\",\n                \"size\": \"250x220\"\n            },\n            \"profile_photo\": {\n                \"plugin\": \"single_upload\",\n                \"size\": \"250x220\"\n            }\n        }\n    }\n}', '99', 'fa-bell              ', null, '1', '1', 'Não ocorreu nenhum erro'), ('230', '43', 'Clientes', '0', 'client', '{\n    \"primary_key\": \"id\",\n    \"layout\": \"split\",\n    \"labels\": {\n        \"id\": \"\",\n        \"title\": \"Nome\",\n        \"description\": \"Descrição\",\n        \"logo\": \"Imagem\"\n    },\n    \"remove_list\": [\n        \"id\",\"description\"\n    ],\n    \"possible_actions\": [\n        \"c\",\n        \"r\",\n        \"u\",\n        \"d\"\n    ],\n    \"components\": {\n        \"out_of_form\": {\n            \"checkbox\": {\n                \"title\": \"Categorias\",\n                \"table\": \"blog_category\",\n                \"field_display\": \"title\"\n            }\n        }\n    },\n    \"options\": {\n        \"fields\": {\n            \"logo\": {\n                \"plugin\": \"single_upload\",\n                \"size\": \"250x220\"\n            }\n        }\n    }\n}', '99', 'fa-glass             ', null, '1', '1', 'Não ocorreu nenhum erro'), ('231', '43', 'Portfolio', '0', 'portfolio', '{\n    \"primary_key\": \"id\",\n    \"layout\": \"split\",\n    \"labels\": {\n        \"id\": \"\",\n        \"title\": \"Title\",\n        \"client_id\": \"Cliente\",\n        \"cover_image\": \"Cover image\",\n        \"youtube_link\": \"Video\",\n        \"mngr_token\": \"\",\n        \"description\": \"Descrição\",\n        \"featured\": \"Destaque\",\n        \"portfolio_category_id\": \"Categoria\",\n        \"website_link\": \"Link\"\n    },\n    \"remove_list\": [\n        \"id\",\n        \"client_id\",\n        \"description\",\n        \"portfolio_category_id\",\n        \"youtube_link\",\n        \"client_id\",\n        \"website_link\"\n    ],\n    \"possible_actions\": [\n        \"c\",\n        \"r\",\n        \"u\",\n        \"d\"\n    ],\n    \"components\": {\n        \"out_of_form\": {\n            \"checkbox\": {\n                \"title\": \"Técnologias\",\n                \"table\": \"blog_category\",\n                \"field_display\": \"title\"\n            },\n            \"gallery\": {\n                \"type:\": \"default\"\n            }\n        }\n    },\n    \"options\": {\n        \"foreign_keys\": {\n            \"client_id\": {\n                \"table\": \"client\",\n                \"field\": \"title\",\n                \"label\": \"Cliente\",\n                \"filter\": \"id\"\n            },\n            \"portfolio_category_id\": {\n                \"table\": \"portfolio_category\",\n                \"field\": \"title\",\n                \"label\": \"Categoria\",\n                \"filter\": \"id\"\n            }\n        },\n        \"fields\": {\n            \"featured\": {\n                \"plugin\": \"active_box\"\n            },\n            \"cover_image\": {\n                \"plugin\": \"single_upload\",\n                \"size\": \"250x220\"\n            }\n        }\n    }\n}', '99', 'fa-fire              ', '37', '1', '1', 'Não ocorreu nenhum erro'), ('232', '43', 'Testemunhos', '0', 'testimony', '{\n    \"primary_key\": \"id\",\n    \"layout\": \"default\",\n    \"labels\": {\n        \"id\": \"\",\n        \"client_id\": \"Cliente\",\n        \"portfolio_id\": \"Portfolio\",\n        \"description\": \"Testemunho\"\n    },\n    \"remove_list\": [\n        \"id\", \"description\"\n    ],\n    \"possible_actions\": [\n        \"c\",\n        \"r\",\n        \"u\",\n        \"d\"\n    ],\n    \"options\": {\n        \"foreign_keys\": {\n            \"client_id\": {\n                \"table\": \"client\",\n                \"field\": \"title\",\n                \"label\": \"Cliente\",\n                \"filter\": \"id\"\n            },\n            \"portfolio_id\": {\n                \"table\": \"portfolio\",\n                \"field\": \"title\",\n                \"label\": \"Portfolio\",\n                \"filter\": \"id\"\n            }\n        }\n    }\n}', '99', 'fa-bookmark          ', null, '1', '1', 'Não ocorreu nenhum erro'), ('233', '43', 'Category', '0', 'portfolio_category', '{\n    \"primary_key\": \"id\",\n    \"layout\": \"split\",\n    \"labels\": {\n        \"id\": \"\",\n        \"title\": \"Nome\"\n    },\n    \"remove_list\": [\n        \"id\"\n    ],\n    \"possible_actions\": [\n        \"c\",\n        \"r\",\n        \"u\",\n        \"d\"\n    ]\n}', '99', 'fa-fire              ', '37', '1', '1', 'Não ocorreu nenhum erro'), ('234', '14', 'Newsletters', '0', 'newsletter', '{\n    \"primary_key\": \"id\",\n    \"layout\": \"default\",\n    \"labels\": {\n        \"id\": \"\",\n        \"email\": \"Email\"\n    },\n    \"remove_list\": [\n        \"id\"\n    ],\n    \"possible_actions\": [\n\"c\",\"d\",       \n \"r\",\n        \"u\"\n    ]\n}', '99', 'fa-cloud-download    ', null, '1', '1', 'Não ocorreu nenhum erro'), ('235', '41', 'Texto', '0', 'media_text', '{\n    \"primary_key\": \"id\",\n    \"layout\": \"default\",\n    \"labels\": {\n        \"id\": \"\",\n        \"title\": \"Título da pagina\",\n        \"description\": \"Texto na midia\",\n        \"title_en\": \"Título da pagina Ingles\",\n        \"description_en\": \"Texto na midia Ingles\"\n    },\n    \"remove_list\": [\n        \"id\"\n    ],\n    \"possible_actions\": [\n        \"r\",\n        \"u\"\n    ]\n}', '99', 'fa-bookmark          ', '38', '1', '1', 'Não ocorreu nenhum erro'), ('237', '14', 'Lista Beneficio', '0', 'pacote_detalhe_lista', '{\n    \"primary_key\": \"id\",\n    \"layout\": \"split\",\n    \"labels\": {\n        \"id\": \"\",\n        \"title\": \"Título\",\n        \"icon\": \"ícone\"\n    },\n    \"remove_list\": [\n        \"id\"\n    ],\n    \"possible_actions\": [\n        \"c\",\n        \"r\",\n        \"u\",\n        \"d\"\n    ],\n    \"options\": {\n        \"fields\": {\n            \"icon\": {\n                \"plugin\": \"single_upload\",\n                \"size\": \"250x220\"\n            }\n        }\n    }\n}', '99', 'fa-beer              ', '40', '1', '1', 'Não ocorreu nenhum erro'), ('238', '14', 'Conteúdo Principal', '0', 'internet_main_content', '{\n    \"primary_key\": \"id\",\n    \"layout\": \"default\",\n    \"labels\": {\n        \"id\": \"\",\n        \"title\": \"Título da Página\",\n        \"title_coment\": \"Comentario sobre o titulo\",\n        \"description\": \"Descrição\",\n        \"big_price\": \"Valor em Reais\",\n        \"smal_price\": \"Valor em centavos\",\n        \"warning\": \"Alerta\"\n    },\n    \"remove_list\": [\n        \"id\"\n    ],\n    \"possible_actions\": [\n        \"r\",\n        \"u\"\n    ]\n}', '99', 'fa-circle            ', '40', '1', '1', 'Não ocorreu nenhum erro'), ('239', '14', 'Pacotes', '0', 'internet_opcoes', '{\n    \"primary_key\": \"id\",\n    \"layout\": \"split\",\n    \"labels\": {\n        \"id\": \"\",\n        \"velocity\": \"Velocidade\",\n        \"big_price\": \"Preço em Reais\",\n        \"small_price\": \"Preço em Centavos\",\n        \"warning\": \"Alerta\"\n    },\n    \"remove_list\": [\n        \"id\"\n    ],\n    \"possible_actions\": [\n        \"c\",\n        \"r\",\n        \"u\",\n        \"d\"\n    ]\n}', '99', 'fa-circle            ', '40', '1', '1', 'Não ocorreu nenhum erro'), ('240', '14', 'Arquivos para Consulta', '0', 'internet_consultas', '{\n    \"primary_key\": \"id\",\n    \"layout\": \"split\",\n    \"labels\": {\n        \"id\": \"\",\n        \"title\": \"Descrição\",\n        \"file\": \"\",\n        \"icon\": \"\"\n    },\n    \"remove_list\": [\n        \"id\"\n    ],\n    \"possible_actions\": [\n        \"c\",\n        \"r\",\n        \"u\",\n        \"d\"\n    ],\n    \"options\": {\n        \"fields\": {\n            \"icon\": {\n                \"plugin\": \"single_upload\"\n            }\n        }\n    }\n}', '99', 'fa-search            ', '40', '1', '1', 'Não ocorreu nenhum erro'), ('242', '14', 'Teste Panda', '0', 'testebi', '{\n    \"languages\": [\n        \"PT\",\n        \"EN\",\n        \"ES\",\n        \"ITA\"\n    ],\n    \"primary_key\": \"id\",\n    \"layout\": \"split\",\n    \"labels\": {\n        \"id\": \"\",\n        \"title\": \"Titulo\",\n        \"description\": \"Descrição\",\n        \"icon\": \"Icone\"\n    },\n    \"remove_list\": [\n        \"id\"\n    ],\n    \"possible_actions\": [\n        \"c\",\n        \"r\",\n        \"u\",\n        \"d\"\n    ],\n    \"options\": {\n        \"fields\": {\n            \"image\": {\n                \"plugin\": \"single_upload\"\n            }\n        }\n    }\n}', '99', 'fa-bar-chart-o', null, '1', '1', 'Não ocorreu nenhum erro'), ('244', '49', 'Banner Quotes', '0', '60_banner_quotes', '{\n    \"languages\": [\n        \"PT\",\n        \"EN\"\n    ],\n    \"primary_key\": \"id\",\n    \"layout\": \"split\",\n    \"labels\": {\n        \"id\": \"\",\n        \"title\": \"Frase\",\n        \"author\": \"Autor\"\n    },\n    \"remove_list\": [\n        \"id\"\n    ],\n    \"possible_actions\": [\n        \"c\",\n        \"r\",\n        \"u\",\n        \"d\"\n    ]\n}', '99', 'fa-bar-chart-o', '41', '1', '1', 'Não ocorreu nenhum erro'), ('245', '49', 'Imagem Banner e Sound Cloud', '0', '60_banner_img', '{\n    \"primary_key\": \"id\",\n    \"layout\": \"default\",\n    \"labels\": {\n        \"id\": \"\",\n        \"icon\": \"Imagem\"\n    },\n    \"remove_list\": [\n        \"id\"\n    ],\n    \"possible_actions\": [\n        \"u\"\n    ],\n    \"options\": {\n        \"fields\": {\n            \"icon\": {\n                \"plugin\": \"single_upload\"\n            }\n        }\n    }\n}', '99', 'fa-bar-chart-o', '41', '0', '1', 'Não ocorreu nenhum erro'), ('246', '49', 'Sound Cloud', '0', '60_sound_cloud', '{\n    \"primary_key\": \"id\",\n    \"layout\": \"default\",\n    \"labels\": {\n        \"id\": \"\",\n        \"title\": \"Nome da Canção nova\",\n        \"description\": \"Descrição\",\n        \"description_en\": \"Descrição em ingles\",\n        \"icon\": \"Foto de Lançamento\"\n    },\n    \"remove_list\": [\n        \"id\"\n    ],\n    \"possible_actions\": [\n        \"u\"\n    ],\n    \"options\": {\n        \"fields\": {\n            \"icon\": {\n                \"plugin\": \"single_upload\"\n            }\n        }\n    }\n}', '99', 'fa-bar-chart-o', null, '1', '1', 'Não ocorreu nenhum erro'), ('248', '49', 'About', '0', '60_about', '{\n    \"primary_key\": \"id\",\n    \"layout\": \"default\",\n    \"labels\": {\n        \"id\": \"\",\n        \"about_us\": \"Descrição sobre a banda\",\n        \"about_us_en\": \"Descrição sobre a banda em ingles\",\n        \"about_vitoria\": \"Descrição sobre a musicista Vitoria\",\n        \"about_vitoria_en\": \"Descrição sobre a musicista Vitoria em ingles\",\n        \"twitter_vitoria\": \"Link para o Twitter da musicista Vitoria\",\n        \"insta_vitoria\": \"Link para o Instagram da musicista Vitoria\",\n        \"weheartit_vitoria\": \"Link para o We Heart It da musicista Vitoria\",\n        \"tumblr_vitoria\": \"Link para o Tumblr da musicista Vitoria\",\n        \"about_luisa\": \"Descrição sobre a musicista Luisa\",\n        \"about_luisa_en\": \"Descrição sobre a musicista Luisa em ingles\",\n        \"twitter_luisa\": \"Link para o Twitter da musicista Luisa\",\n        \"insta_luisa\": \"Link para o Instagram da musicista Luisa\",\n        \"weheartit_luisa\": \"Link para o We Heart It da musicista Luisa\"\n    },\n    \"remove_list\": [\n        \"id\"\n    ],\n    \"possible_actions\": [\n        \"u\"\n    ]\n}', '99', 'fa-bar-chart-o', null, '1', '1', 'Não ocorreu nenhum erro'), ('249', '43', 'Portfolio - Texto', '0', 'portfolio_about', '{\n    \"primary_key\": \"id\",\n    \"layout\": \"default\",\n    \"labels\": {\n        \"id\": \"\",\n        \"title\": \"Título\",\n        \"description\": \"Descrição\"\n    },\n    \"remove_list\": [\n        \"id\"\n    ],\n    \"possible_actions\": [\n        \"r\",\n        \"u\"\n    ]\n}', '99', 'fa-fire              ', '37', '1', '1', 'Não ocorreu nenhum erro'), ('250', '49', 'Videos', '0', '60_watching', '{\n    \"primary_key\": \"id\",\n    \"layout\": \"default\",\n    \"labels\": {\n        \"id\": \"\",\n        \"title\": \"Nome faixa\",\n        \"video\": \"Link do Youtube\"\n    },\n    \"remove_list\": [\n        \"id\"\n    ],\n    \"possible_actions\": [\n        \"u\"\n    ]\n}', '99', 'fa-bar-chart-o', '45', '1', '1', 'Não ocorreu nenhum erro'), ('251', '43', 'Configurar', '0', 'contact', '{\n    \"primary_key\": \"id\",\n    \"layout\": \"default\",\n    \"labels\": {\n        \"id\": \"\",\n        \"title\": \"Titulo\",\n        \"description\": \"Descrição\",\n        \"facebook_link\": \"Facebook\",\n        \"twitter_link\": \"Twitter\",\n        \"linkedin_link\": \"Linkedin\",\n        \"gihtub_link\": \"GitHub\",\n        \"email\": \"Email\"\n    },\n    \"remove_list\": [\n        \"id\"\n    ],\n    \"possible_actions\": [\n        \"r\",\n        \"u\"\n    ]\n}', '99', 'fa-github-alt        ', null, '1', '1', 'Não ocorreu nenhum erro'), ('252', '49', 'Descrição Home', '0', '60_news', '{\n    \"primary_key\": \"id\",\n    \"layout\": \"default\",\n    \"labels\": {\n        \"id\": \"\",\n        \"title\": \"Descrição\",\n        \"title_en\": \"Descrição em ingles\"\n    },\n    \"remove_list\": [\n        \"id\"\n    ],\n    \"possible_actions\": [\n        \"u\"\n    ]\n}', '99', 'fa-bar-chart-o', '43', '1', '1', 'Não ocorreu nenhum erro'), ('253', '49', 'Contato', '0', '60_contact', '{\n    \"primary_key\": \"id\",\n    \"layout\": \"default\",\n    \"labels\": {\n        \"id\": \"\",\n        \"title\": \"Descrição\",\n        \"title_en\": \"Descrição em ingles\",\n        \"email\": \"e-mail\",\n        \"phone\": \"Phone\",\n        \"insta\": \"Link para o Instagram\",\n        \"tumblr\": \"Link para o Tumblr\",\n        \"face\": \"Link para o Facebook\",\n        \"instagram\": \"Link para o Instagram\",\n        \"soundcloud\": \"Link para o Sound Cloud\",\n        \"youtube\": \"Link para o Youtube\"\n    },\n    \"remove_list\": [\n        \"id\"\n    ],\n    \"possible_actions\": [\n        \"u\"\n    ]\n}', '99', 'fa-bar-chart-o', null, '1', '1', 'Não ocorreu nenhum erro'), ('256', '49', 'Post', '0', '60_news_post', '{\n    \"primary_key\": \"id\",\n    \"layout\": \"split\",\n    \"labels\": {\n        \"id\": \"\",\n        \"title\": \"Titulo da Postagem\",\n        \"title_en\": \"Titulo da Postagem em ingles\",\n        \"description\": \"Descrição\",\n        \"description_en\": \"Descrição em ingles\",\n        \"icon\": \"Imagem\"\n    },\n    \"remove_list\": [\n        \"id\"\n    ],\n    \"possible_actions\": [\n        \"c\",\n        \"r\",\n        \"u\",\n        \"d\"\n    ],\n    \"options\": {\n        \"fields\": {\n            \"icon\": {\n                \"plugin\": \"single_upload\",\n                \"size\": \"250x220\"\n            }\n        }\n    }\n}', '99', 'fa-bar-chart-o', '43', '1', '1', 'Não ocorreu nenhum erro'), ('257', '49', 'Post En', '0', '60_news_post_en', '{\n    \"primary_key\": \"id\",\n    \"layout\": \"default\",\n    \"labels\": {\n        \"id\": \"\",\n        \"title\": \"Titulo da Postagem\",\n        \"description\": \"\",\n        \"icon\": \"Imagem de Capa\"\n    },\n    \"remove_list\": [\n        \"id\"\n    ],\n    \"possible_actions\": [\n        \"c\",\n        \"r\",\n        \"u\",\n        \"d\"\n    ],\n    \"options\": {\n        \"fields\": {\n            \"icon\": {\n                \"plugin\": \"single_upload\",\n                \"size\": \"250x220\"\n            }\n        }\n    }\n}', '99', 'fa-bar-chart-o', '43', '0', '1', 'Não ocorreu nenhum erro'), ('260', '49', 'Lista de Videos', '0', '60_videos_list', '{\n    \"primary_key\": \"id\",\n    \"layout\": \"split\",\n    \"labels\": {\n        \"id\": \"\",\n        \"title\": \"Titulo\",\n        \"link\": \"Link\"\n    },\n    \"remove_list\": [\n        \"id\"\n    ],\n    \"possible_actions\": [\n        \"c\",\n        \"r\",\n        \"u\",\n        \"d\"\n    ]\n}', '99', 'fa-bar-chart-o', '45', '1', '1', 'Não ocorreu nenhum erro'), ('262', '49', 'Albuns', '0', '60_albuns', '{\n    \"primary_key\": \"id\",\n    \"layout\": \"split\",\n    \"labels\": {\n        \"id\": \"\",\n        \"title\": \"Identificador\",\n        \"title_en\": \"Identificador em Ingles\",\n        \"description\": \"Descrição\",\n        \"description_en\": \"Descrição em Ingles\"\n    },\n    \"remove_list\": [\n        \"id\"\n    ],\n    \"possible_actions\": [\n        \"c\",\n        \"r\",\n        \"u\",\n        \"d\"\n    ]\n}', '99', 'fa-bar-chart-o', '44', '1', '1', 'Não ocorreu nenhum erro'), ('263', '49', 'Fotos', '0', '60_fotos', '{\n    \"primary_key\": \"id\",\n    \"layout\": \"split\",\n    \"labels\": {\n        \"id\": \"\",\n        \"album_id\":\"Album\",\n        \"icon\": \"Fotos\"\n    },\n    \"remove_list\": [\n        \"id\"\n    ],\n    \"possible_actions\": [\n        \"c\",\n        \"r\",\n        \"u\",\n        \"d\"\n    ],\n    \"components\": {\n        \"out_of_form\": {\n            \"gallery\": {\n                \"type:\": \"default\"\n            }\n        }\n    },\n    \"options\": {\n        \"foreign_keys\": {\n            \"album_id\": {\n                \"table\": \"60_albuns\",\n                \"field\": \"title\",\n                \"label\": \"\",\n                \"filter\": \"id\"\n            }\n        }\n    }\n}', '99', 'fa-bar-chart-o', '44', '1', '1', 'Não ocorreu nenhum erro'), ('264', '43', 'Enquete', '0', 'poll', '{\n    \"primary_key\": \"id\",\n    \"labels\": {\n        \"id\": \"\",\n        \"name\": \"Nome\"\n    },\n    \"remove_list\": [\n        \"id\"\n    ],\n    \"possible_actions\": [\n        \"r\",\n        \"u\"\n    ]\n}', '99', 'fa-check             ', '46', '1', '1', 'Não ocorreu nenhum erro'), ('265', '43', 'Opções', '0', 'poll_options', '{\n    \"primary_key\": \"id\",\n    \"layout\": \"split\",\n    \"labels\": {\n        \"id\": \"\",\n        \"poll_id\": \"Enquete\",\n        \"title\": \":Pergunta\",\n        \"votes\": \"votos\"\n    },\n    \"remove_list\": [\n        \"id\"\n    ],\n    \"possible_actions\": [\n        \"c\",\n        \"r\",\n        \"u\",\n        \"d\"\n    ],\n    \"options\": {\n        \"foreign_keys\": {\n            \"poll_id\": {\n                \"table\": \"poll\",\n                \"field\": \"name\",\n                \"label\": \"Teste mesmo\",\n                \"filter\": \"id\"\n            }\n        }\n    }\n}', '99', 'fa-check             ', '46', '1', '1', 'Não ocorreu nenhum erro'), ('266', '49', 'E-mail', '5', '', '', '99', 'fa-bar-chart-o', null, '1', '1', null), ('267', '49', 'Imagens de Fundo', '0', '60_bgs', '{\n    \"primary_key\": \"id\",\n    \"layout\": \"default\",\n    \"labels\": {\n        \"id\": \"\",\n        \"banner_img\": \"Imagem do banner e do Sound CLoud\",\n        \"about_img\": \"Imagem da sessão Sobre\",\n        \"watch_img\": \"Imagem da sessão de Videos\",\n        \"news_img\": \"Imagem da sessão de Novidades\",\n        \"photo_img\": \"Imagem da sessão de Galeria\",\n        \"contact_img\": \"Imagem da sessão de contato\"\n    },\n    \"remove_list\": [\n        \"id\"\n    ],\n    \"possible_actions\": [\n        \"u\"\n    ],\n    \"options\": {\n        \"fields\": {\n            \"banner_img\": {\n                \"plugin\": \"single_upload\",\n                \"size\": \"250x220\"\n            },\n            \"about_img\": {\n                \"plugin\": \"single_upload\",\n                \"size\": \"250x220\"\n            },\n            \"watch_img\": {\n                \"plugin\": \"single_upload\",\n                \"size\": \"250x220\"\n            },\n            \"news_img\": {\n                \"plugin\": \"single_upload\",\n                \"size\": \"250x220\"\n            },\n            \"photo_img\": {\n                \"plugin\": \"single_upload\",\n                \"size\": \"250x220\"\n            },\n            \"contact_img\": {\n                \"plugin\": \"single_upload\",\n                \"size\": \"250x220\"\n            }\n        }\n    }\n}', '99', 'fa-bar-chart-o', null, '1', '1', 'Não ocorreu nenhum erro'), ('268', '53', 'Sobre', '0', 'about', '{\n    \"primary_key\": \"id\",\n    \"layout\": \"default\",\n    \"labels\": {\n        \"id\": \"\",\n        \"description\": \"Sobre\",\n        \"mission\": \"Missão\",\n        \"vision\": \"Visão\",\n        \"values\": \"Valores\"\n    },\n    \"remove_list\": [\n        \"id\"\n    ],\n    \"possible_actions\": [\n        \"r\",\n        \"u\"\n    ]\n}', '99', 'fa-bolt              ', null, '1', '1', 'Não ocorreu nenhum erro'), ('269', '53', 'Inf. Contato', '0', 'contact', '{\n    \"primary_key\": \"id\",\n    \"layout\": \"default\",\n    \"labels\": {\n        \"id\": \"\",\n        \"phone\": \"Telefone\",\n        \"email\": \"E-mail\",\n        \"address\": \"Endereço\",\n        \"facebook\": \"Facebook Link\",\n        \"twitter\": \"Twitter Link\",\n        \"linkedin\": \"Linkedin Link\"\n    },\n    \"remove_list\": [\n        \"id\"\n    ],\n    \"possible_actions\": [\n        \"r\",\n        \"u\"\n    ]\n}', '99', 'fa-bolt              ', null, '1', '1', 'Não ocorreu nenhum erro'), ('270', '53', 'Serviços', '0', 'services', '{\n    \"primary_key\": \"id\",\n    \"layout\": \"default\",\n    \"labels\": {\n        \"id\": \"\",\n        \"title\": \"Título\",\n        \"description\": \"Descrição\",\n        \"photo\": \"Foto de Capa\"\n    },\n    \"remove_list\": [\n        \"id\"\n    ],\n    \"possible_actions\": [\n        \"c\",\n        \"r\",\n        \"u\",\n        \"d\"\n    ],\n    \"options\": {\n        \"fields\": {\n            \"photo\": {\n                \"plugin\": \"single_upload\",\n                \"size\": \"250x220\"\n            }\n        }\n    }\n}', '99', 'fa-bolt              ', '47', '1', '1', 'Não ocorreu nenhum erro'), ('273', '53', 'Fotos', '0', 'photo', '{\n    \"primary_key\": \"id\",\n    \"layout\": \"split\",\n    \"labels\": {\n        \"id\": \"\",\n        \"service_id\": \"Serviço\",\n        \"icon\": \"Foto\"\n    },\n    \"remove_list\": [\n        \"id\"\n    ],\n    \"possible_actions\": [\n        \"c\",\n        \"r\",\n        \"u\",\n        \"d\"\n    ],\n    \"options\": {\n        \"foreign_keys\": {\n            \"service_id\": {\n                \"table\": \"services\",\n                \"field\": \"title\",\n                \"label\": \"\",\n                \"filter\": \"id\"\n            }\n        },\n        \"fields\": {\n            \"icon\": {\n                \"plugin\": \"single_upload\",\n                \"size\": \"250x220\"\n            }\n        }\n    }\n}', '99', 'fa-bolt              ', '47', '1', '1', 'Não ocorreu nenhum erro'), ('274', '55', 'Textos Etapa 1', '0', 'etapa_um', '{\n    \"primary_key\": \"id\",\n    \"layout\": \"default\",\n    \"labels\": {\n        \"id\": \"\",\n        \"titulo\": \"Título\",\n        \"descricao\": \"Descrição\"\n    },\n    \"remove_list\": [\n        \"id\"\n    ],\n    \"possible_actions\": [\n        \"u\"\n    ]\n}', '99', 'fa-bar-chart-o', '48', '1', '1', 'Não ocorreu nenhum erro'), ('275', '55', 'Videos Etapa 1', '0', 'videos_etapa_um', '{\n    \"primary_key\": \"id\",\n    \"layout\": \"default\",\n    \"labels\": {\n        \"id\": \"\",\n        \"nome\": \"Nome\",\n        \"link\": \"Link Youtube\"\n    },\n    \"remove_list\": [\n        \"id\"\n    ],\n    \"possible_actions\": [\n        \"c\",\n        \"r\",\n        \"u\",\n        \"d\"\n    ]\n}', '99', 'fa-bar-chart-o', '48', '1', '1', 'Não ocorreu nenhum erro'), ('276', '55', 'Textos Etapa 2', '0', 'etapa_dois', '{\n    \"primary_key\": \"id\",\n    \"layout\": \"default\",\n    \"labels\": {\n        \"id\": \"\",\n        \"titulo\": \"Título\",\n        \"descricao\": \"Descrição\"\n    },\n    \"remove_list\": [\n        \"id\"\n    ],\n    \"possible_actions\": [\n        \"u\"\n    ]\n}', '99', 'fa-bar-chart-o', '49', '1', '1', 'Não ocorreu nenhum erro'), ('277', '55', 'Videos Etapa 2', '0', 'videos_etapa_dois', '{\n    \"primary_key\": \"id\",\n    \"layout\": \"default\",\n    \"labels\": {\n        \"id\": \"\",\n        \"nome\": \"Nome\",\n        \"link\": \"Link Youtube\"\n    },\n    \"remove_list\": [\n        \"id\"\n    ],\n    \"possible_actions\": [\n        \"c\",\n        \"r\",\n        \"u\",\n        \"d\"\n    ]\n}', '99', 'fa-bar-chart-o', '49', '1', '1', 'Não ocorreu nenhum erro'), ('278', '55', 'Textos Etapa 3', '0', 'etapa_tres', '{\n    \"primary_key\": \"id\",\n    \"layout\": \"default\",\n    \"labels\": {\n        \"id\": \"\",\n        \"nome\": \"Nome\",\n        \"descricao\": \"Descrição\"\n    },\n    \"remove_list\": [\n        \"id\"\n    ],\n    \"possible_actions\": [\n        \"u\"\n    ]\n}', '99', 'fa-bar-chart-o', '51', '1', '1', 'Não ocorreu nenhum erro'), ('279', '55', 'Videos Etapa 3', '0', 'videos_etapa_tres', '{\n    \"primary_key\": \"id\",\n    \"layout\": \"default\",\n    \"labels\": {\n        \"id\": \"\",\n        \"nome\": \"Nome\",\n        \"link\": \"Link youtube\"\n    },\n    \"remove_list\": [\n        \"id\"\n    ],\n    \"possible_actions\": [\n        \"c\",\n        \"r\",\n        \"u\",\n        \"d\"\n    ]\n}', '99', 'fa-bar-chart-o', '51', '1', '1', 'Não ocorreu nenhum erro'), ('280', '55', 'Videos Etapa 4', '0', 'videos_etapa_quatro', '{\n    \"primary_key\": \"id\",\n    \"layout\": \"default\",\n    \"labels\": {\n        \"id\": \"\",\n        \"nome\": \"Nome\",\n        \"link\": \"Link Youtube\"\n    },\n    \"remove_list\": [\n        \"id\"\n    ],\n    \"possible_actions\": [\n        \"c\",\n        \"r\",\n        \"u\",\n        \"d\"\n    ]\n}', '99', 'fa-bar-chart-o', '52', '1', '1', 'Não ocorreu nenhum erro'), ('281', '55', 'Textos Etapa 4', '0', 'etapa_quatro', '{\n    \"primary_key\": \"id\",\n    \"layout\": \"default\",\n    \"labels\": {\n        \"id\": \"\",\n        \"nome\": \"Nome\",\n        \"descricao\": \"Descrição\"\n    },\n    \"remove_list\": [\n        \"id\"\n    ],\n    \"possible_actions\": [\n        \"u\"\n    ]\n}', '99', 'fa-bar-chart-o', '52', '1', '1', 'Não ocorreu nenhum erro'), ('282', '55', 'Textos Etapa 5', '0', 'etapa_cinco', '{\n    \"primary_key\": \"id\",\n    \"layout\": \"default\",\n    \"labels\": {\n        \"id\": \"\",\n        \"nome\": \"Nome\",\n        \"descricao\": \"Descrição\"\n    },\n    \"remove_list\": [\n        \"id\"\n    ],\n    \"possible_actions\": [\n        \"u\"\n    ]\n}', '99', 'fa-bar-chart-o', '53', '1', '1', 'Não ocorreu nenhum erro'), ('283', '55', 'Videos Etapa 5', '0', 'videos_etapa_cinco', '{\n    \"primary_key\": \"id\",\n    \"layout\": \"default\",\n    \"labels\": {\n        \"id\": \"\",\n        \"nome\": \"Nome\",\n        \"link\": \"Link Youtube\"\n    },\n    \"remove_list\": [\n        \"id\"\n    ],\n    \"possible_actions\": [\n        \"c\",\n        \"r\",\n        \"u\",\n        \"d\"\n    ]\n}', '99', 'fa-bar-chart-o', '53', '1', '1', 'Não ocorreu nenhum erro'), ('284', '55', 'Ganhador', '0', 'winner', '{\n    \"primary_key\": \"id\",\n    \"layout\": \"default\",\n    \"labels\": {\n        \"id\": \"\",\n        \"title\": \"Nome\",\n        \"link\": \"Link Youtube\"\n    },\n    \"remove_list\": [\n        \"id\"\n    ],\n    \"possible_actions\": [\n        \"u\"\n    ]\n}', '99', 'fa-bar-chart-o', null, '1', '1', 'Não ocorreu nenhum erro'), ('285', '53', 'Descrição Geral', '0', 'descricaogeral', '{\n    \"primary_key\": \"id\",\n    \"layout\": \"default\",\n    \"labels\": {\n        \"id\": \"\",\n        \"description\": \"Descrição\"\n    },\n    \"remove_list\": [\n        \"id\"\n    ],\n    \"possible_actions\": [\n        \"u\"\n    ]\n}', '99', 'fa-bolt              ', '47', '1', '1', 'Não ocorreu nenhum erro'), ('286', '41', 'Traduções - Títulos', '0', 'TRTITULOS', '{\n    \"primary_key\": \"id\",\n    \"layout\": \"default\",\n    \"labels\": {\n        \"id\": \"\",\n        \"title_pt\": \"Título Portugues\",\n        \"title_en\": \"Título Inglês\"\n    },\n    \"remove_list\": [\n        \"id\"\n    ],\n    \"possible_actions\": [\n        \"c\",\n        \"r\",\n        \"u\"\n    ]\n}', '99', 'fa-comment           ', null, '1', '1', 'Não ocorreu nenhum erro'), ('287', '1', 'Usuários', '6', '', '', '99', 'fa-user              ', null, '1', '1', null);
COMMIT;

-- ----------------------------
--  Table structure for `module_icon_name`
-- ----------------------------
DROP TABLE IF EXISTS `module_icon_name`;
CREATE TABLE `module_icon_name` (
  `name` varchar(90) NOT NULL,
  `description` varchar(60) NOT NULL
) ENGINE=InnoDB DEFAULT CHARSET=latin1;

-- ----------------------------
--  Records of `module_icon_name`
-- ----------------------------
BEGIN;
INSERT INTO `module_icon_name` VALUES ('fa-bar-chart-o', 'Graphyc'), ('fa-bug', 'Bug'), ('fa-cog', 'Configure'), ('fa-desktop', 'Desktop'), ('fa-file', 'File'), ('fa-folder-open', 'Folder Open'), ('fa-list-alt', 'Form'), ('fa-table', 'Table'), ('fa-user', 'Users'), ('fa-asterisk          ', 'fa-asterisk           '), ('fa-ban-circle        ', 'fa-ban-circle         '), ('fa-bar-chart         ', 'fa-bar-chart          '), ('fa-barcode           ', 'fa-barcode            '), ('fa-beaker            ', 'fa-beaker             '), ('fa-beer              ', 'fa-beer               '), ('fa-bell              ', 'fa-bell               '), ('fa-bell-alt          ', 'fa-bell-alt           '), ('fa-bolt              ', 'fa-bolt               '), ('fa-book              ', 'fa-book               '), ('fa-bookmark          ', 'fa-bookmark           '), ('fa-bookmark-empty    ', 'fa-bookmark-empty     '), ('fa-briefcase         ', 'fa-briefcase          '), ('fa-bullhorn          ', 'fa-bullhorn           '), ('fa-calendar          ', 'fa-calendar           '), ('fa-camera            ', 'fa-camera             '), ('fa-camera-retro      ', 'fa-camera-retro       '), ('fa-certificate       ', 'fa-certificate        '), ('fa-check             ', 'fa-check              '), ('fa-check-empty       ', 'fa-check-empty        '), ('fa-circle            ', 'fa-circle             '), ('fa-circle-blank      ', 'fa-circle-blank       '), ('fa-cloud             ', 'fa-cloud              '), ('fa-cloud-download    ', 'fa-cloud-download     '), ('fa-cloud-upload      ', 'fa-cloud-upload       '), ('fa-coffee            ', 'fa-coffee             '), ('fa-cog               ', 'fa-cog                '), ('fa-cogs              ', 'fa-cogs               '), ('fa-comment           ', 'fa-comment            '), ('fa-comment-alt       ', 'fa-comment-alt        '), ('fa-comments          ', 'fa-comments           '), ('fa-comments-alt      ', 'fa-comments-alt       '), ('fa-credit-card       ', 'fa-credit-card        '), ('fa-dashboard         ', 'fa-dashboard          '), ('fa-desktop           ', 'fa-desktop            '), ('fa-download          ', 'fa-download           '), ('fa-download-alt      ', 'fa-download-alt       '), ('fa-edit              ', 'fa-edit               '), ('fa-envelope          ', 'fa-envelope           '), ('fa-envelope-alt      ', 'fa-envelope-alt       '), ('fa-exchange          ', 'fa-exchange           '), ('fa-exclamation-sign  ', 'fa-exclamation-sign   '), ('fa-external-link     ', 'fa-external-link      '), ('fa-eye-close         ', 'fa-eye-close          '), ('fa-eye-open          ', 'fa-eye-open           '), ('fa-facetime-video    ', 'fa-facetime-video     '), ('fa-fighter-jet       ', 'fa-fighter-jet        '), ('fa-film              ', 'fa-film               '), ('fa-filter            ', 'fa-filter             '), ('fa-fire              ', 'fa-fire               '), ('fa-flag              ', 'fa-flag               '), ('fa-folder-close      ', 'fa-folder-close       '), ('fa-folder-open       ', 'fa-folder-open        '), ('fa-folder-close-alt  ', 'fa-folder-close-alt   '), ('fa-folder-open-alt   ', 'fa-folder-open-alt    '), ('fa-food              ', 'fa-food               '), ('fa-gift              ', 'fa-gift               '), ('fa-glass             ', 'fa-glass              '), ('fa-globe             ', 'fa-globe              '), ('fa-group             ', 'fa-group              '), ('fa-hdd               ', 'fa-hdd                '), ('fa-headphones        ', 'fa-headphones         '), ('fa-heart             ', 'fa-heart              '), ('fa-heart-empty       ', 'fa-heart-empty        '), ('fa-home              ', 'fa-home               '), ('fa-inbox             ', 'fa-inbox              '), ('fa-info-sign         ', 'fa-info-sign          '), ('fa-key               ', 'fa-key                '), ('fa-leaf              ', 'fa-leaf               '), ('fa-laptop            ', 'fa-laptop             '), ('fa-legal             ', 'fa-legal              '), ('fa-lemon             ', 'fa-lemon              '), ('fa-lightbulb         ', 'fa-lightbulb          '), ('fa-lock              ', 'fa-lock               '), ('fa-unlock            ', 'fa-unlock             '), ('fa-magic             ', 'fa-magic              '), ('fa-magnet            ', 'fa-magnet             '), ('fa-map-marker        ', 'fa-map-marker         '), ('fa-minus             ', 'fa-minus              '), ('fa-minus-sign        ', 'fa-minus-sign         '), ('fa-mobile-phone      ', 'fa-mobile-phone       '), ('fa-money             ', 'fa-money              '), ('fa-move              ', 'fa-move               '), ('fa-music             ', 'fa-music              '), ('fa-off               ', 'fa-off                '), ('fa-ok                ', 'fa-ok                 '), ('fa-ok-circle         ', 'fa-ok-circle          '), ('fa-ok-sign           ', 'fa-ok-sign            '), ('fa-pencil            ', 'fa-pencil             '), ('fa-picture           ', 'fa-picture            '), ('fa-plane             ', 'fa-plane              '), ('fa-plus              ', 'fa-plus               '), ('fa-plus-sign         ', 'fa-plus-sign          '), ('fa-print             ', 'fa-print              '), ('fa-pushpin           ', 'fa-pushpin            '), ('fa-qrcode            ', 'fa-qrcode             '), ('fa-question-sign     ', 'fa-question-sign      '), ('fa-quote-left        ', 'fa-quote-left         '), ('fa-quote-right       ', 'fa-quote-right        '), ('fa-random            ', 'fa-random             '), ('fa-refresh           ', 'fa-refresh            '), ('fa-remove            ', 'fa-remove             '), ('fa-remove-circle     ', 'fa-remove-circle      '), ('fa-remove-sign       ', 'fa-remove-sign        '), ('fa-reorder           ', 'fa-reorder            '), ('fa-reply             ', 'fa-reply              '), ('fa-resize-horizontal ', 'fa-resize-horizontal  '), ('fa-resize-vertical   ', 'fa-resize-vertical    '), ('fa-retweet           ', 'fa-retweet            '), ('fa-road              ', 'fa-road               '), ('fa-rss               ', 'fa-rss                '), ('fa-screenshot        ', 'fa-screenshot         '), ('fa-search            ', 'fa-search             '), ('fa-share             ', 'fa-share              '), ('fa-share-alt         ', 'fa-share-alt          '), ('fa-shopping-cart     ', 'fa-shopping-cart      '), ('fa-signal            ', 'fa-signal             '), ('fa-signin            ', 'fa-signin             '), ('fa-signout           ', 'fa-signout            '), ('fa-sitemap           ', 'fa-sitemap            '), ('fa-sort              ', 'fa-sort               '), ('fa-sort-down         ', 'fa-sort-down          '), ('fa-sort-up           ', 'fa-sort-up            '), ('fa-spinner           ', 'fa-spinner            '), ('fa-star              ', 'fa-star               '), ('fa-star-empty        ', 'fa-star-empty         '), ('fa-star-half         ', 'fa-star-half          '), ('fa-tablet            ', 'fa-tablet             '), ('fa-tag               ', 'fa-tag                '), ('fa-tags              ', 'fa-tags               '), ('fa-tasks             ', 'fa-tasks              '), ('fa-thumbs-down       ', 'fa-thumbs-down        '), ('fa-thumbs-up         ', 'fa-thumbs-up          '), ('fa-time              ', 'fa-time               '), ('fa-tint              ', 'fa-tint               '), ('fa-trash             ', 'fa-trash              '), ('fa-trophy            ', 'fa-trophy             '), ('fa-truck             ', 'fa-truck              '), ('fa-umbrella          ', 'fa-umbrella           '), ('fa-upload            ', 'fa-upload             '), ('fa-upload-alt        ', 'fa-upload-alt         '), ('fa-user              ', 'fa-user               '), ('fa-user-md           ', 'fa-user-md            '), ('fa-volume-off        ', 'fa-volume-off         '), ('fa-volume-down       ', 'fa-volume-down        '), ('fa-volume-up         ', 'fa-volume-up          '), ('fa-warning-sign      ', 'fa-warning-sign       '), ('fa-wrench            ', 'fa-wrench             '), ('fa-zoom-in           ', 'fa-zoom-in            '), ('fa-zoom-out          ', 'fa-zoom-out           '), ('fa-file              ', 'fa-file               '), ('fa-file-alt          ', 'fa-file-alt           '), ('fa-cut               ', 'fa-cut                '), ('fa-copy              ', 'fa-copy               '), ('fa-paste             ', 'fa-paste              '), ('fa-save              ', 'fa-save               '), ('fa-undo              ', 'fa-undo               '), ('fa-repeat            ', 'fa-repeat             '), ('fa-text-height       ', 'fa-text-height        '), ('fa-text-width        ', 'fa-text-width         '), ('fa-align-left        ', 'fa-align-left         '), ('fa-align-center      ', 'fa-align-center       '), ('fa-align-right       ', 'fa-align-right        '), ('fa-align-justify     ', 'fa-align-justify      '), ('fa-indent-left       ', 'fa-indent-left        '), ('fa-indent-right      ', 'fa-indent-right       '), ('fa-font              ', 'fa-font               '), ('fa-bold              ', 'fa-bold               '), ('fa-italic            ', 'fa-italic             '), ('fa-strikethrough     ', 'fa-strikethrough      '), ('fa-underline         ', 'fa-underline          '), ('fa-link              ', 'fa-link               '), ('fa-paper-clip        ', 'fa-paper-clip         '), ('fa-columns           ', 'fa-columns            '), ('fa-table             ', 'fa-table              '), ('fa-th-large          ', 'fa-th-large           '), ('fa-th                ', 'fa-th                 '), ('fa-th-list           ', 'fa-th-list            '), ('fa-list              ', 'fa-list               '), ('fa-list-ol           ', 'fa-list-ol            '), ('fa-list-ul           ', 'fa-list-ul            '), ('fa-list-alt          ', 'fa-list-alt           '), ('fa-angle-left        ', 'fa-angle-left         '), ('fa-angle-right       ', 'fa-angle-right        '), ('fa-angle-up          ', 'fa-angle-up           '), ('fa-angle-down        ', 'fa-angle-down         '), ('fa-arrow-down        ', 'fa-arrow-down         '), ('fa-arrow-left        ', 'fa-arrow-left         '), ('fa-arrow-right       ', 'fa-arrow-right        '), ('fa-arrow-up          ', 'fa-arrow-up           '), ('fa-caret-down        ', 'fa-caret-down         '), ('fa-caret-left        ', 'fa-caret-left         '), ('fa-caret-right       ', 'fa-caret-right        '), ('fa-caret-up          ', 'fa-caret-up           '), ('fa-chevron-down      ', 'fa-chevron-down       '), ('fa-chevron-left      ', 'fa-chevron-left       '), ('fa-chevron-right     ', 'fa-chevron-right      '), ('fa-chevron-up        ', 'fa-chevron-up         '), ('fa-circle-arrow-down ', 'fa-circle-arrow-down  '), ('fa-circle-arrow-left ', 'fa-circle-arrow-left  '), ('fa-circle-arrow-right', 'fa-circle-arrow-right '), ('fa-circle-arrow-up   ', 'fa-circle-arrow-up    '), ('fa-double-angle-left ', 'fa-double-angle-left  '), ('fa-double-angle-right', 'fa-double-angle-right '), ('fa-double-angle-up   ', 'fa-double-angle-up    '), ('fa-double-angle-down ', 'fa-double-angle-down  '), ('fa-hand-down         ', 'fa-hand-down          '), ('fa-hand-left         ', 'fa-hand-left          '), ('fa-hand-right        ', 'fa-hand-right         '), ('fa-hand-up           ', 'fa-hand-up            '), ('fa-circle            ', 'fa-circle             '), ('fa-circle-blank      ', 'fa-circle-blank       '), ('ideo Player Icons      ', 'ideo Player Icons       '), ('fa-play-circle       ', 'fa-play-circle        '), ('fa-play              ', 'fa-play               '), ('fa-pause             ', 'fa-pause              '), ('fa-stop              ', 'fa-stop               '), ('fa-step-backward     ', 'fa-step-backward      '), ('fa-fast-backward     ', 'fa-fast-backward      '), ('fa-backward          ', 'fa-backward           '), ('fa-forward           ', 'fa-forward            '), ('fa-fast-forward      ', 'fa-fast-forward       '), ('fa-step-forward      ', 'fa-step-forward       '), ('fa-eject             ', 'fa-eject              '), ('fa-fullscreen        ', 'fa-fullscreen         '), ('fa-resize-full       ', 'fa-resize-full        '), ('fa-resize-small      ', 'fa-resize-small       '), ('fa-phone             ', 'fa-phone              '), ('fa-phone-sign        ', 'fa-phone-sign         '), ('fa-facebook          ', 'fa-facebook           '), ('fa-facebook-sign     ', 'fa-facebook-sign      '), ('fa-twitter           ', 'fa-twitter            '), ('fa-twitter-sign      ', 'fa-twitter-sign       '), ('fa-github            ', 'fa-github             '), ('fa-github-alt        ', 'fa-github-alt         '), ('fa-github-sign       ', 'fa-github-sign        '), ('fa-linkedin          ', 'fa-linkedin           '), ('fa-linkedin-sign     ', 'fa-linkedin-sign      '), ('fa-pinterest         ', 'fa-pinterest          '), ('fa-pinterest-sign    ', 'fa-pinterest-sign     '), ('fa-google-plus       ', 'fa-google-plus        '), ('fa-google-plus-sign  ', 'fa-google-plus-sign   '), ('fa-sign-blank        ', 'fa-sign-blank         '), ('fa-ambulance         ', 'fa-ambulance          '), ('fa-beaker            ', 'fa-beaker             '), ('fa-h-sign            ', 'fa-h-sign             '), ('fa-hospital          ', 'fa-hospital           '), ('fa-medkit            ', 'fa-medkit             '), ('fa-plus-sign-alt     ', 'fa-plus-sign-alt      '), ('fa-stethoscope       ', 'fa-stethoscope        ');
COMMIT;

-- ----------------------------
--  Table structure for `permissions`
-- ----------------------------
DROP TABLE IF EXISTS `permissions`;
CREATE TABLE `permissions` (
  `role_id` int(255) NOT NULL,
  `module_id` int(255) NOT NULL,
  KEY `role_id` (`role_id`,`module_id`)
) ENGINE=InnoDB DEFAULT CHARSET=latin1;

-- ----------------------------
--  Records of `permissions`
-- ----------------------------
BEGIN;
INSERT INTO `permissions` VALUES ('1', '287'), ('1', '288'), ('1', '290'), ('1', '292'), ('1', '293'), ('1', '294'), ('1', '295'), ('1', '296'), ('3', '5'), ('3', '61'), ('3', '62'), ('3', '105'), ('3', '106'), ('3', '107'), ('4', '61'), ('4', '62'), ('5', '61'), ('5', '105'), ('6', '105'), ('6', '106'), ('6', '107'), ('6', '108'), ('7', '4'), ('7', '5'), ('7', '62'), ('8', '4'), ('8', '5'), ('8', '62'), ('9', '287'), ('9', '288'), ('9', '290'), ('9', '292'), ('9', '293'), ('9', '294'), ('9', '295'), ('9', '296'), ('10', '294'), ('11', '109'), ('11', '110'), ('12', '120'), ('12', '121'), ('12', '122'), ('12', '123'), ('12', '124'), ('12', '125'), ('12', '126'), ('12', '127'), ('12', '128'), ('12', '129'), ('12', '130'), ('12', '144'), ('12', '145'), ('13', '41'), ('13', '43'), ('13', '44'), ('13', '47'), ('13', '48'), ('13', '49'), ('13', '50'), ('13', '51'), ('13', '52'), ('13', '57'), ('13', '59'), ('13', '60'), ('13', '63'), ('13', '64'), ('13', '77'), ('13', '78'), ('13', '79'), ('13', '151'), ('14', '1'), ('14', '14'), ('14', '15'), ('14', '19'), ('14', '20'), ('14', '32'), ('14', '33'), ('14', '35'), ('14', '36'), ('14', '40'), ('14', '54'), ('14', '55'), ('14', '143'), ('15', '5'), ('15', '7'), ('15', '8'), ('15', '9'), ('15', '10'), ('15', '11'), ('15', '12'), ('15', '53'), ('15', '56'), ('15', '152'), ('16', '66'), ('16', '67'), ('16', '68'), ('16', '70'), ('16', '72'), ('16', '73'), ('16', '74'), ('16', '75'), ('16', '76'), ('16', '150'), ('17', '80'), ('17', '81'), ('17', '83'), ('17', '84'), ('17', '85'), ('17', '86'), ('17', '87'), ('17', '89'), ('17', '90'), ('17', '91'), ('17', '92'), ('17', '95'), ('17', '96'), ('17', '148'), ('17', '149'), ('17', '234'), ('17', '237'), ('17', '238'), ('17', '239'), ('17', '240'), ('18', '104'), ('18', '105'), ('18', '107'), ('18', '108'), ('18', '110'), ('18', '112'), ('18', '114'), ('18', '116'), ('18', '118'), ('18', '119'), ('18', '146'), ('18', '147'), ('19', '138'), ('19', '139'), ('19', '140'), ('19', '153'), ('19', '154'), ('19', '155'), ('19', '156'), ('19', '157'), ('19', '158'), ('20', '160'), ('20', '161'), ('20', '162'), ('21', '171'), ('21', '172'), ('21', '173'), ('21', '174'), ('21', '175'), ('21', '176'), ('21', '177'), ('21', '178'), ('21', '179'), ('21', '180'), ('21', '181'), ('21', '182'), ('21', '183'), ('21', '184'), ('21', '189'), ('22', '192'), ('22', '193'), ('22', '194'), ('22', '195'), ('22', '196'), ('22', '197'), ('23', '163'), ('23', '164'), ('23', '165'), ('23', '166'), ('23', '167'), ('23', '168'), ('23', '169'), ('23', '170'), ('23', '205'), ('23', '207'), ('24', '191'), ('24', '198'), ('24', '199'), ('24', '200'), ('24', '201'), ('24', '202'), ('24', '203'), ('24', '204'), ('24', '208'), ('24', '209'), ('24', '210'), ('25', '211'), ('25', '212'), ('25', '214'), ('25', '215'), ('25', '216'), ('25', '217'), ('25', '218'), ('25', '219'), ('25', '220'), ('25', '221'), ('25', '222'), ('25', '223'), ('25', '224'), ('25', '225'), ('25', '235'), ('25', '286'), ('26', '148'), ('27', '244'), ('27', '245'), ('27', '246'), ('27', '248'), ('27', '250'), ('27', '252'), ('27', '253'), ('27', '256'), ('27', '257'), ('27', '260'), ('27', '262'), ('27', '263'), ('27', '266');
COMMIT;

-- ----------------------------
--  Table structure for `produtos_site_antigo`
-- ----------------------------
DROP TABLE IF EXISTS `produtos_site_antigo`;
CREATE TABLE `produtos_site_antigo` (
  `id` int(11) NOT NULL AUTO_INCREMENT,
  `nome` varchar(50) NOT NULL,
  `ordem` int(10) unsigned NOT NULL,
  `descricao` varchar(255) NOT NULL,
  `seo_link` varchar(255) NOT NULL,
  `banner` varchar(255) NOT NULL,
  `imagem` varchar(255) NOT NULL,
  PRIMARY KEY (`id`)
) ENGINE=MyISAM AUTO_INCREMENT=33 DEFAULT CHARSET=latin1;

-- ----------------------------
--  Records of `produtos_site_antigo`
-- ----------------------------
BEGIN;
INSERT INTO `produtos_site_antigo` VALUES ('1', 'Temakis', '1', '', '', '', '54ee04f2bbe81.jpg'), ('32', 'Novidades', '11', '', '', '', '570eb22f2f21a.png'), ('2', 'Combinados Sushi', '6', '', '', '', '54ee05363a026.jpg'), ('3', 'Hot Sushi', '8', '', '', '', '54ee055540ea5.jpg'), ('24', 'Especialidades', '9', '', '', '', '54ee05630dcec.jpg'), ('25', 'Sobremesas', '12', '', '', '', '54ee0580395fd.jpg'), ('6', 'Gunkan', '10', '', '', '', '54ee057203e3b.jpg'), ('29', 'Cervejas', '15', '', '', '', '570eb84d26c2a.jpg'), ('28', 'Porções', '13', '', '', '', '570ea266bbdbc.jpg'), ('30', 'Bebidas', '14', '', '', '', '570eb82f844f7.jpg'), ('14', 'Sakes', '16', '', '', '', ''), ('16', 'Combinados Sushi e Sashimi', '7', '', '', '', '54ee05428ccd7.jpg'), ('17', 'Sashimi', '2', 'Porção de 5 un. exceto Especial 15 un.', '', '', '54ee050502713.jpg'), ('18', 'Niguiri', '3', 'Porção de 2un.', '', '', '54ee05155ed79.jpg'), ('19', 'Uramaki', '4', 'Porção de 8 un.', '', '', '54ee051f7f7c1.jpg'), ('20', 'Hossomaki', '5', 'Porção de 8 un.', '', '', '54ee0529e778c.jpg');
COMMIT;

-- ----------------------------
--  Table structure for `roles`
-- ----------------------------
DROP TABLE IF EXISTS `roles`;
CREATE TABLE `roles` (
  `id` int(255) NOT NULL AUTO_INCREMENT,
  `title` varchar(255) NOT NULL,
  `company_id` int(11) NOT NULL,
  PRIMARY KEY (`id`),
  KEY `roles_company_id` (`company_id`)
) ENGINE=InnoDB AUTO_INCREMENT=28 DEFAULT CHARSET=latin1;

-- ----------------------------
--  Records of `roles`
-- ----------------------------
BEGIN;
INSERT INTO `roles` VALUES ('1', 'Desenvolvedor', '1'), ('9', 'Báscio', '1'), ('10', 'teste', '1'), ('11', 'Usuário', '16'), ('12', 'Administrador', '16'), ('13', 'Padrão', '12'), ('14', 'Administrador', '5'), ('15', 'Administrador', '8'), ('16', 'Administrador', '13'), ('17', 'Padrão', '14'), ('18', 'Administrador', '15'), ('19', 'Usuário', '18'), ('20', 'Usuário', '21'), ('21', 'Usuário', '29'), ('22', 'Usuário', '39'), ('23', 'Usuário', '25'), ('24', 'Solo', '37'), ('25', 'Usuário', '41'), ('26', 'E-mail', '14'), ('27', 'Adm', '49');
COMMIT;

-- ----------------------------
--  Table structure for `snippet`
-- ----------------------------
DROP TABLE IF EXISTS `snippet`;
CREATE TABLE `snippet` (
  `id` int(11) NOT NULL AUTO_INCREMENT,
  `module_name` varchar(255) NOT NULL,
  `label` varchar(255) NOT NULL,
  `run_command` text,
  `is_system` int(1) NOT NULL DEFAULT '1',
  `is_active` int(1) NOT NULL,
  `price` double(10,2) DEFAULT NULL,
  `in_development` int(1) NOT NULL DEFAULT '0',
  `block_name` varchar(255) NOT NULL,
  PRIMARY KEY (`id`)
) ENGINE=InnoDB AUTO_INCREMENT=12 DEFAULT CHARSET=latin1;

-- ----------------------------
--  Records of `snippet`
-- ----------------------------
BEGIN;
INSERT INTO `snippet` VALUES ('1', 'brics_business_meeting', 'Brics Meeting', '', '1', '0', '0.00', '0', ''), ('2', 'blog', 'Blog', 'blog/blog_model/runBasicSql', '1', '0', '0.00', '0', 'Website'), ('5', 'emails_recebidos', 'Emails Recebidos', null, '1', '1', null, '0', 'Sistema'), ('6', 'usuarios', 'Usuário', null, '1', '1', null, '0', 'Sistema'), ('7', 'anuncios', 'Anuncios', null, '0', '1', null, '0', ''), ('8', 'financeiro', 'Financeiro', null, '1', '1', null, '0', 'Sistema'), ('9', 'controle_amostras', 'Controle de Amostras', 'amostras/amostra/run_basic', '0', '1', null, '0', 'Sistema'), ('10', 'meetings', 'Reuniões', null, '0', '1', null, '0', 'Sistema'), ('11', 'orcamento', 'Orçamentos', null, '1', '1', null, '0', 'Sistema');
COMMIT;

-- ----------------------------
--  Table structure for `snippet_menu`
-- ----------------------------
DROP TABLE IF EXISTS `snippet_menu`;
CREATE TABLE `snippet_menu` (
  `id` int(11) NOT NULL AUTO_INCREMENT,
  `snippet_id` int(11) NOT NULL,
  `label` varchar(60) NOT NULL,
  `controller` varchar(100) NOT NULL,
  `method` varchar(100) NOT NULL,
  PRIMARY KEY (`id`)
) ENGINE=InnoDB AUTO_INCREMENT=5 DEFAULT CHARSET=latin1;

-- ----------------------------
--  Records of `snippet_menu`
-- ----------------------------
BEGIN;
INSERT INTO `snippet_menu` VALUES ('1', '1', 'Meeting', 'business_meeting', 'listing'), ('2', '1', 'Categorias', 'business_meeting', 'categories_manager'), ('3', '2', 'Posts', 'lib_generic/method/blog/blog', 'listar'), ('4', '2', 'Comentários', 'lib_generic/method/blog/blog', 'aprove_comments');
COMMIT;

-- ----------------------------
--  Table structure for `user_information`
-- ----------------------------
DROP TABLE IF EXISTS `user_information`;
CREATE TABLE `user_information` (
  `user_id` int(255) NOT NULL,
  `cpf` varchar(255) DEFAULT NULL,
  `cnpj` varchar(255) DEFAULT NULL,
  `sex` varchar(1) DEFAULT NULL,
  `address` varchar(255) DEFAULT NULL,
  `number` int(100) DEFAULT NULL,
  `zip_code` varchar(255) DEFAULT NULL,
  `zone_id` int(11) DEFAULT NULL,
  `phone` varchar(255) DEFAULT NULL,
  `userType` int(1) DEFAULT NULL,
  PRIMARY KEY (`user_id`),
  KEY `zone_id` (`zone_id`)
) ENGINE=InnoDB DEFAULT CHARSET=latin1;

-- ----------------------------
--  Records of `user_information`
-- ----------------------------
BEGIN;
INSERT INTO `user_information` VALUES ('1', '021.624.140-58', '', 'M', '', '0', '', '50', '(51) 9894-9074', '1'), ('11', '', '19.336.821/0001-21', 'M', 'Rua Bento Gonçalves, Sala 208', '3150', '93.520-000', '50', '(51) 9936-8920', '2'), ('17', '021.624.140-58', '56.714.984/0001-27', 'M', 'Rua Guilherme Saueressigss', '2753', '93.950-000', '51', '(51) 9894-9077', '2'), ('18', '', '', '0', '', '0', '', null, '', '1'), ('29', '', '', 'M', '', '0', '', null, '', '2'), ('33', '', '', 'F', '', '0', '', null, '(51) 9563-3219', null);
COMMIT;

-- ----------------------------
--  Table structure for `user_roles`
-- ----------------------------
DROP TABLE IF EXISTS `user_roles`;
CREATE TABLE `user_roles` (
  `user_id` int(255) NOT NULL,
  `role_id` int(255) NOT NULL,
  KEY `user_id` (`user_id`,`role_id`)
) ENGINE=InnoDB DEFAULT CHARSET=latin1;

-- ----------------------------
--  Records of `user_roles`
-- ----------------------------
BEGIN;
INSERT INTO `user_roles` VALUES ('1', '1'), ('2', '1'), ('4', '14'), ('5', '15'), ('6', '13'), ('7', '13'), ('9', '1'), ('10', '16'), ('11', '17'), ('12', '17'), ('14', '17'), ('15', '12'), ('16', '18'), ('17', '1'), ('18', '19'), ('19', '20'), ('20', '20'), ('21', '17'), ('22', '10'), ('23', '17'), ('24', '21'), ('25', '19'), ('26', '21'), ('27', '22'), ('28', '23'), ('29', '24'), ('30', '24'), ('31', '25'), ('32', '25'), ('33', '26'), ('34', '27'), ('35', '9'), ('36', '10');
COMMIT;

-- ----------------------------
--  Table structure for `users`
-- ----------------------------
DROP TABLE IF EXISTS `users`;
CREATE TABLE `users` (
  `id` int(255) NOT NULL AUTO_INCREMENT,
  `name` varchar(255) NOT NULL,
  `username` varchar(255) NOT NULL,
  `password` varchar(255) NOT NULL,
  `company_id` int(255) NOT NULL,
  `is_developer` int(1) NOT NULL DEFAULT '0',
  `created_at` varchar(255) DEFAULT NULL,
  `facebook_id` varchar(255) DEFAULT NULL,
  `level` int(1) NOT NULL DEFAULT '1',
  `website` varchar(255) DEFAULT NULL,
  `description` text,
  `developer_group_id` int(255) NOT NULL,
  PRIMARY KEY (`id`),
  KEY `company_id` (`company_id`,`is_developer`)
) ENGINE=InnoDB AUTO_INCREMENT=37 DEFAULT CHARSET=latin1;

-- ----------------------------
--  Records of `users`
-- ----------------------------
BEGIN;
INSERT INTO `users` VALUES ('1', 'Douglas Caina', 'caina', 'c4ca4238a0b923820dcc509a6f75849b', '1', '1', '0000-00-00 00:00:00', '935471979826551', '1', null, null, '1');
COMMIT;

-- ----------------------------
--  Table structure for `users_log`
-- ----------------------------
DROP TABLE IF EXISTS `users_log`;
CREATE TABLE `users_log` (
  `users_id` int(255) NOT NULL,
  `login_date` timestamp NOT NULL DEFAULT CURRENT_TIMESTAMP,
  KEY `login_date` (`login_date`),
  KEY `user_id` (`users_id`)
) ENGINE=InnoDB DEFAULT CHARSET=latin1;

-- ----------------------------
--  Records of `users_log`
-- ----------------------------
BEGIN;
INSERT INTO `users_log` VALUES ('1', '2016-09-25 17:17:07'), ('1', '2016-09-25 18:25:13'), ('35', '2016-09-25 18:32:31'), ('35', '2016-09-26 08:47:46'), ('35', '2016-09-28 13:28:49'), ('1', '2016-10-02 13:55:28'), ('1', '2016-10-02 18:34:16'), ('35', '2016-10-03 16:23:31'), ('1', '2016-10-03 22:36:58'), ('35', '2016-10-04 17:07:12'), ('1', '2016-10-04 21:05:16'), ('35', '2016-10-06 16:55:40'), ('1', '2016-10-06 23:12:36'), ('1', '2016-10-08 16:38:37'), ('35', '2016-10-10 09:01:37'), ('35', '2016-10-10 18:00:39'), ('35', '2016-10-11 08:26:54'), ('35', '2016-10-11 17:30:17'), ('1', '2016-10-12 17:30:52'), ('35', '2016-10-13 12:57:18'), ('1', '2016-10-13 13:02:12'), ('35', '2016-10-13 17:39:54'), ('1', '2016-10-15 12:14:43'), ('1', '2016-10-16 12:28:33'), ('35', '2016-10-17 11:11:54'), ('1', '2016-10-17 11:14:07'), ('35', '2016-10-17 11:16:30'), ('35', '2016-10-17 11:35:00'), ('35', '2016-10-22 11:34:21'), ('35', '2016-10-22 14:00:10'), ('1', '2016-10-23 13:03:59'), ('35', '2016-10-24 19:37:50'), ('35', '2016-10-25 11:25:46'), ('35', '2016-10-25 13:55:27'), ('35', '2016-10-25 15:19:25'), ('35', '2016-10-25 15:28:28'), ('35', '2016-10-25 15:37:21'), ('1', '2016-10-25 22:25:16'), ('35', '2016-10-26 09:06:29'), ('35', '2016-10-26 17:38:21'), ('1', '2016-10-26 21:50:44'), ('1', '2016-10-26 22:04:51'), ('1', '2016-10-26 22:27:51'), ('35', '2016-10-27 08:02:50'), ('35', '2016-10-27 16:05:12'), ('35', '2016-10-27 19:21:56'), ('35', '2016-10-27 19:26:56'), ('35', '2016-10-28 10:02:15'), ('1', '2016-10-28 23:04:28'), ('35', '2016-10-29 10:47:06'), ('1', '2016-10-29 12:57:51'), ('35', '2016-10-29 13:54:59'), ('35', '2016-10-29 14:03:27'), ('1', '2016-10-29 14:08:55'), ('35', '2016-10-29 14:34:06'), ('35', '2016-10-29 14:42:00'), ('35', '2016-10-29 14:54:48'), ('35', '2016-10-29 15:02:22'), ('35', '2016-10-29 15:09:58'), ('35', '2016-10-29 15:16:07'), ('35', '2016-10-29 15:26:13'), ('35', '2016-10-29 15:34:33'), ('35', '2016-10-29 15:38:32'), ('35', '2016-10-29 15:38:33'), ('35', '2016-10-29 15:46:16'), ('35', '2016-10-29 15:52:01'), ('35', '2016-10-29 15:58:12'), ('35', '2016-10-29 16:17:39'), ('35', '2016-11-08 15:10:32'), ('35', '2016-11-14 09:41:56'), ('36', '2016-11-14 09:45:03'), ('35', '2016-11-14 09:45:35'), ('36', '2016-11-17 11:07:17'), ('35', '2016-11-18 10:26:44'), ('35', '2016-11-19 16:55:02'), ('35', '2016-11-21 18:23:42'), ('36', '2016-11-28 04:43:47'), ('36', '2016-11-28 04:52:20');
COMMIT;

SET FOREIGN_KEY_CHECKS = 1;
